ISO-10303-21;
HEADER;
FILE_DESCRIPTION(('KiCad electronic assembly'),'2;1');
FILE_NAME('gps drone module.step','2026-01-23T22:14:47',('Pcbnew'),(
    'Kicad'),'Open CASCADE STEP processor 7.9','KiCad to STEP converter'
  ,'Unknown');
FILE_SCHEMA(('AUTOMOTIVE_DESIGN { 1 0 10303 214 1 1 1 1 }'));
ENDSEC;
DATA;
#1 = APPLICATION_PROTOCOL_DEFINITION('international standard',
  'automotive_design',2000,#2);
#2 = APPLICATION_CONTEXT(
  'core data for automotive mechanical design processes');
#3 = SHAPE_DEFINITION_REPRESENTATION(#4,#10);
#4 = PRODUCT_DEFINITION_SHAPE('','',#5);
#5 = PRODUCT_DEFINITION('design','',#6,#9);
#6 = PRODUCT_DEFINITION_FORMATION('','',#7);
#7 = PRODUCT('gps drone module 1','gps drone module 1','',(#8));
#8 = PRODUCT_CONTEXT('',#2,'mechanical');
#9 = PRODUCT_DEFINITION_CONTEXT('part definition',#2,'design');
#10 = SHAPE_REPRESENTATION('',(#11,#15,#19,#23,#27,#31,#35,#39,#43),#47
  );
#11 = AXIS2_PLACEMENT_3D('',#12,#13,#14);
#12 = CARTESIAN_POINT('',(0.,0.,0.));
#13 = DIRECTION('',(0.,0.,1.));
#14 = DIRECTION('',(1.,0.,-0.));
#15 = AXIS2_PLACEMENT_3D('',#16,#17,#18);
#16 = CARTESIAN_POINT('',(76.,-70.5,1.595));
#17 = DIRECTION('',(0.,-0.,1.));
#18 = DIRECTION('',(1.110223024625E-16,1.,0.));
#19 = AXIS2_PLACEMENT_3D('',#20,#21,#22);
#20 = CARTESIAN_POINT('',(94.,-63.4625,1.595));
#21 = DIRECTION('',(0.,-0.,1.));
#22 = DIRECTION('',(1.110223024625E-16,1.,0.));
#23 = AXIS2_PLACEMENT_3D('',#24,#25,#26);
#24 = CARTESIAN_POINT('',(92.,-63.4625,1.595));
#25 = DIRECTION('',(0.,-0.,1.));
#26 = DIRECTION('',(1.110223024625E-16,1.,0.));
#27 = AXIS2_PLACEMENT_3D('',#28,#29,#30);
#28 = CARTESIAN_POINT('',(93.4075,-57.,1.595));
#29 = DIRECTION('',(0.,0.,1.));
#30 = DIRECTION('',(1.,0.,0.));
#31 = AXIS2_PLACEMENT_3D('',#32,#33,#34);
#32 = CARTESIAN_POINT('',(93.5,-54.5,1.595));
#33 = DIRECTION('',(-0.,0.,1.));
#34 = DIRECTION('',(1.110223024625E-16,-1.,0.));
#35 = AXIS2_PLACEMENT_3D('',#36,#37,#38);
#36 = CARTESIAN_POINT('',(93.,-60.5,1.595));
#37 = DIRECTION('',(0.,0.,1.));
#38 = DIRECTION('',(-1.,1.224646799147E-16,0.));
#39 = AXIS2_PLACEMENT_3D('',#40,#41,#42);
#40 = CARTESIAN_POINT('',(87.5,-72.8,1.595));
#41 = DIRECTION('',(0.,0.,1.));
#42 = DIRECTION('',(-1.,1.224646799147E-16,0.));
#43 = AXIS2_PLACEMENT_3D('',#44,#45,#46);
#44 = CARTESIAN_POINT('',(0.,0.,0.));
#45 = DIRECTION('',(0.,0.,1.));
#46 = DIRECTION('',(1.,0.,-0.));
#47 = ( GEOMETRIC_REPRESENTATION_CONTEXT(3) 
GLOBAL_UNCERTAINTY_ASSIGNED_CONTEXT((#51)) GLOBAL_UNIT_ASSIGNED_CONTEXT(
(#48,#49,#50)) REPRESENTATION_CONTEXT('Context #1',
  '3D Context with UNIT and UNCERTAINTY') );
#48 = ( LENGTH_UNIT() NAMED_UNIT(*) SI_UNIT(.MILLI.,.METRE.) );
#49 = ( NAMED_UNIT(*) PLANE_ANGLE_UNIT() SI_UNIT($,.RADIAN.) );
#50 = ( NAMED_UNIT(*) SI_UNIT($,.STERADIAN.) SOLID_ANGLE_UNIT() );
#51 = UNCERTAINTY_MEASURE_WITH_UNIT(LENGTH_MEASURE(1.E-07),#48,
  'distance_accuracy_value','confusion accuracy');
#52 = PRODUCT_RELATED_PRODUCT_CATEGORY('part',$,(#7));
#53 = SHAPE_DEFINITION_REPRESENTATION(#54,#60);
#54 = PRODUCT_DEFINITION_SHAPE('','',#55);
#55 = PRODUCT_DEFINITION('design','',#56,#59);
#56 = PRODUCT_DEFINITION_FORMATION('','',#57);
#57 = PRODUCT('PinHeader_1x01_P1.00mm_Vertical',
  'PinHeader_1x01_P1.00mm_Vertical','',(#58));
#58 = PRODUCT_CONTEXT('',#2,'mechanical');
#59 = PRODUCT_DEFINITION_CONTEXT('part definition',#2,'design');
#60 = ADVANCED_BREP_SHAPE_REPRESENTATION('',(#11,#61),#819);
#61 = MANIFOLD_SOLID_BREP('',#62);
#62 = CLOSED_SHELL('',(#63,#103,#134,#165,#248,#331,#348,#365,#382,#399,
    #411,#442,#466,#490,#507,#538,#562,#586,#603,#634,#658,#682,#699,
    #730,#754,#778,#795,#807));
#63 = ADVANCED_FACE('',(#64),#98,.F.);
#64 = FACE_BOUND('',#65,.F.);
#65 = EDGE_LOOP('',(#66,#76,#84,#92));
#66 = ORIENTED_EDGE('',*,*,#67,.T.);
#67 = EDGE_CURVE('',#68,#70,#72,.T.);
#68 = VERTEX_POINT('',#69);
#69 = CARTESIAN_POINT('',(-0.535,0.5,0.));
#70 = VERTEX_POINT('',#71);
#71 = CARTESIAN_POINT('',(-0.535,0.5,1.));
#72 = LINE('',#73,#74);
#73 = CARTESIAN_POINT('',(-0.535,0.5,0.));
#74 = VECTOR('',#75,1.);
#75 = DIRECTION('',(0.,0.,1.));
#76 = ORIENTED_EDGE('',*,*,#77,.T.);
#77 = EDGE_CURVE('',#70,#78,#80,.T.);
#78 = VERTEX_POINT('',#79);
#79 = CARTESIAN_POINT('',(-0.635,0.4,1.));
#80 = LINE('',#81,#82);
#81 = CARTESIAN_POINT('',(-0.535,0.5,1.));
#82 = VECTOR('',#83,1.);
#83 = DIRECTION('',(-0.707106781187,-0.707106781187,0.));
#84 = ORIENTED_EDGE('',*,*,#85,.F.);
#85 = EDGE_CURVE('',#86,#78,#88,.T.);
#86 = VERTEX_POINT('',#87);
#87 = CARTESIAN_POINT('',(-0.635,0.4,0.));
#88 = LINE('',#89,#90);
#89 = CARTESIAN_POINT('',(-0.635,0.4,0.));
#90 = VECTOR('',#91,1.);
#91 = DIRECTION('',(0.,0.,1.));
#92 = ORIENTED_EDGE('',*,*,#93,.F.);
#93 = EDGE_CURVE('',#68,#86,#94,.T.);
#94 = LINE('',#95,#96);
#95 = CARTESIAN_POINT('',(-0.535,0.5,0.));
#96 = VECTOR('',#97,1.);
#97 = DIRECTION('',(-0.707106781187,-0.707106781187,0.));
#98 = PLANE('',#99);
#99 = AXIS2_PLACEMENT_3D('',#100,#101,#102);
#100 = CARTESIAN_POINT('',(-0.535,0.5,0.));
#101 = DIRECTION('',(0.707106781187,-0.707106781187,0.));
#102 = DIRECTION('',(-0.707106781187,-0.707106781187,0.));
#103 = ADVANCED_FACE('',(#104),#129,.F.);
#104 = FACE_BOUND('',#105,.F.);
#105 = EDGE_LOOP('',(#106,#116,#122,#123));
#106 = ORIENTED_EDGE('',*,*,#107,.T.);
#107 = EDGE_CURVE('',#108,#110,#112,.T.);
#108 = VERTEX_POINT('',#109);
#109 = CARTESIAN_POINT('',(0.535,0.5,0.));
#110 = VERTEX_POINT('',#111);
#111 = CARTESIAN_POINT('',(0.535,0.5,1.));
#112 = LINE('',#113,#114);
#113 = CARTESIAN_POINT('',(0.535,0.5,0.));
#114 = VECTOR('',#115,1.);
#115 = DIRECTION('',(0.,0.,1.));
#116 = ORIENTED_EDGE('',*,*,#117,.T.);
#117 = EDGE_CURVE('',#110,#70,#118,.T.);
#118 = LINE('',#119,#120);
#119 = CARTESIAN_POINT('',(0.535,0.5,1.));
#120 = VECTOR('',#121,1.);
#121 = DIRECTION('',(-1.,0.,0.));
#122 = ORIENTED_EDGE('',*,*,#67,.F.);
#123 = ORIENTED_EDGE('',*,*,#124,.F.);
#124 = EDGE_CURVE('',#108,#68,#125,.T.);
#125 = LINE('',#126,#127);
#126 = CARTESIAN_POINT('',(0.535,0.5,0.));
#127 = VECTOR('',#128,1.);
#128 = DIRECTION('',(-1.,0.,0.));
#129 = PLANE('',#130);
#130 = AXIS2_PLACEMENT_3D('',#131,#132,#133);
#131 = CARTESIAN_POINT('',(0.535,0.5,0.));
#132 = DIRECTION('',(0.,-1.,0.));
#133 = DIRECTION('',(-1.,0.,0.));
#134 = ADVANCED_FACE('',(#135),#160,.F.);
#135 = FACE_BOUND('',#136,.F.);
#136 = EDGE_LOOP('',(#137,#138,#146,#154));
#137 = ORIENTED_EDGE('',*,*,#85,.T.);
#138 = ORIENTED_EDGE('',*,*,#139,.T.);
#139 = EDGE_CURVE('',#78,#140,#142,.T.);
#140 = VERTEX_POINT('',#141);
#141 = CARTESIAN_POINT('',(-0.635,-0.4,1.));
#142 = LINE('',#143,#144);
#143 = CARTESIAN_POINT('',(-0.635,0.4,1.));
#144 = VECTOR('',#145,1.);
#145 = DIRECTION('',(0.,-1.,0.));
#146 = ORIENTED_EDGE('',*,*,#147,.F.);
#147 = EDGE_CURVE('',#148,#140,#150,.T.);
#148 = VERTEX_POINT('',#149);
#149 = CARTESIAN_POINT('',(-0.635,-0.4,0.));
#150 = LINE('',#151,#152);
#151 = CARTESIAN_POINT('',(-0.635,-0.4,0.));
#152 = VECTOR('',#153,1.);
#153 = DIRECTION('',(0.,0.,1.));
#154 = ORIENTED_EDGE('',*,*,#155,.F.);
#155 = EDGE_CURVE('',#86,#148,#156,.T.);
#156 = LINE('',#157,#158);
#157 = CARTESIAN_POINT('',(-0.635,0.4,0.));
#158 = VECTOR('',#159,1.);
#159 = DIRECTION('',(0.,-1.,0.));
#160 = PLANE('',#161);
#161 = AXIS2_PLACEMENT_3D('',#162,#163,#164);
#162 = CARTESIAN_POINT('',(-0.635,0.4,0.));
#163 = DIRECTION('',(1.,0.,0.));
#164 = DIRECTION('',(0.,-1.,0.));
#165 = ADVANCED_FACE('',(#166,#209),#243,.F.);
#166 = FACE_BOUND('',#167,.F.);
#167 = EDGE_LOOP('',(#168,#169,#170,#178,#186,#194,#202,#208));
#168 = ORIENTED_EDGE('',*,*,#93,.T.);
#169 = ORIENTED_EDGE('',*,*,#155,.T.);
#170 = ORIENTED_EDGE('',*,*,#171,.T.);
#171 = EDGE_CURVE('',#148,#172,#174,.T.);
#172 = VERTEX_POINT('',#173);
#173 = CARTESIAN_POINT('',(-0.535,-0.5,0.));
#174 = LINE('',#175,#176);
#175 = CARTESIAN_POINT('',(-0.635,-0.4,0.));
#176 = VECTOR('',#177,1.);
#177 = DIRECTION('',(0.707106781187,-0.707106781187,0.));
#178 = ORIENTED_EDGE('',*,*,#179,.T.);
#179 = EDGE_CURVE('',#172,#180,#182,.T.);
#180 = VERTEX_POINT('',#181);
#181 = CARTESIAN_POINT('',(0.535,-0.5,0.));
#182 = LINE('',#183,#184);
#183 = CARTESIAN_POINT('',(-0.535,-0.5,0.));
#184 = VECTOR('',#185,1.);
#185 = DIRECTION('',(1.,0.,0.));
#186 = ORIENTED_EDGE('',*,*,#187,.T.);
#187 = EDGE_CURVE('',#180,#188,#190,.T.);
#188 = VERTEX_POINT('',#189);
#189 = CARTESIAN_POINT('',(0.635,-0.4,0.));
#190 = LINE('',#191,#192);
#191 = CARTESIAN_POINT('',(0.535,-0.5,0.));
#192 = VECTOR('',#193,1.);
#193 = DIRECTION('',(0.707106781187,0.707106781187,0.));
#194 = ORIENTED_EDGE('',*,*,#195,.T.);
#195 = EDGE_CURVE('',#188,#196,#198,.T.);
#196 = VERTEX_POINT('',#197);
#197 = CARTESIAN_POINT('',(0.635,0.4,0.));
#198 = LINE('',#199,#200);
#199 = CARTESIAN_POINT('',(0.635,-0.4,0.));
#200 = VECTOR('',#201,1.);
#201 = DIRECTION('',(0.,1.,0.));
#202 = ORIENTED_EDGE('',*,*,#203,.T.);
#203 = EDGE_CURVE('',#196,#108,#204,.T.);
#204 = LINE('',#205,#206);
#205 = CARTESIAN_POINT('',(0.635,0.4,0.));
#206 = VECTOR('',#207,1.);
#207 = DIRECTION('',(-0.707106781187,0.707106781187,0.));
#208 = ORIENTED_EDGE('',*,*,#124,.T.);
#209 = FACE_BOUND('',#210,.F.);
#210 = EDGE_LOOP('',(#211,#221,#229,#237));
#211 = ORIENTED_EDGE('',*,*,#212,.T.);
#212 = EDGE_CURVE('',#213,#215,#217,.T.);
#213 = VERTEX_POINT('',#214);
#214 = CARTESIAN_POINT('',(0.15,-0.15,0.));
#215 = VERTEX_POINT('',#216);
#216 = CARTESIAN_POINT('',(-0.15,-0.15,0.));
#217 = LINE('',#218,#219);
#218 = CARTESIAN_POINT('',(-7.5E-02,-0.15,0.));
#219 = VECTOR('',#220,1.);
#220 = DIRECTION('',(-1.,0.,0.));
#221 = ORIENTED_EDGE('',*,*,#222,.T.);
#222 = EDGE_CURVE('',#215,#223,#225,.T.);
#223 = VERTEX_POINT('',#224);
#224 = CARTESIAN_POINT('',(-0.15,0.15,0.));
#225 = LINE('',#226,#227);
#226 = CARTESIAN_POINT('',(-0.15,-7.5E-02,0.));
#227 = VECTOR('',#228,1.);
#228 = DIRECTION('',(0.,1.,0.));
#229 = ORIENTED_EDGE('',*,*,#230,.F.);
#230 = EDGE_CURVE('',#231,#223,#233,.T.);
#231 = VERTEX_POINT('',#232);
#232 = CARTESIAN_POINT('',(0.15,0.15,0.));
#233 = LINE('',#234,#235);
#234 = CARTESIAN_POINT('',(-7.5E-02,0.15,0.));
#235 = VECTOR('',#236,1.);
#236 = DIRECTION('',(-1.,0.,0.));
#237 = ORIENTED_EDGE('',*,*,#238,.F.);
#238 = EDGE_CURVE('',#213,#231,#239,.T.);
#239 = LINE('',#240,#241);
#240 = CARTESIAN_POINT('',(0.15,-7.5E-02,0.));
#241 = VECTOR('',#242,1.);
#242 = DIRECTION('',(0.,1.,0.));
#243 = PLANE('',#244);
#244 = AXIS2_PLACEMENT_3D('',#245,#246,#247);
#245 = CARTESIAN_POINT('',(-1.289252366408E-17,0.,0.));
#246 = DIRECTION('',(0.,0.,1.));
#247 = DIRECTION('',(1.,0.,-0.));
#248 = ADVANCED_FACE('',(#249,#292),#326,.T.);
#249 = FACE_BOUND('',#250,.T.);
#250 = EDGE_LOOP('',(#251,#252,#253,#261,#269,#277,#285,#291));
#251 = ORIENTED_EDGE('',*,*,#77,.T.);
#252 = ORIENTED_EDGE('',*,*,#139,.T.);
#253 = ORIENTED_EDGE('',*,*,#254,.T.);
#254 = EDGE_CURVE('',#140,#255,#257,.T.);
#255 = VERTEX_POINT('',#256);
#256 = CARTESIAN_POINT('',(-0.535,-0.5,1.));
#257 = LINE('',#258,#259);
#258 = CARTESIAN_POINT('',(-0.635,-0.4,1.));
#259 = VECTOR('',#260,1.);
#260 = DIRECTION('',(0.707106781187,-0.707106781187,0.));
#261 = ORIENTED_EDGE('',*,*,#262,.T.);
#262 = EDGE_CURVE('',#255,#263,#265,.T.);
#263 = VERTEX_POINT('',#264);
#264 = CARTESIAN_POINT('',(0.535,-0.5,1.));
#265 = LINE('',#266,#267);
#266 = CARTESIAN_POINT('',(-0.535,-0.5,1.));
#267 = VECTOR('',#268,1.);
#268 = DIRECTION('',(1.,0.,0.));
#269 = ORIENTED_EDGE('',*,*,#270,.T.);
#270 = EDGE_CURVE('',#263,#271,#273,.T.);
#271 = VERTEX_POINT('',#272);
#272 = CARTESIAN_POINT('',(0.635,-0.4,1.));
#273 = LINE('',#274,#275);
#274 = CARTESIAN_POINT('',(0.535,-0.5,1.));
#275 = VECTOR('',#276,1.);
#276 = DIRECTION('',(0.707106781187,0.707106781187,0.));
#277 = ORIENTED_EDGE('',*,*,#278,.T.);
#278 = EDGE_CURVE('',#271,#279,#281,.T.);
#279 = VERTEX_POINT('',#280);
#280 = CARTESIAN_POINT('',(0.635,0.4,1.));
#281 = LINE('',#282,#283);
#282 = CARTESIAN_POINT('',(0.635,-0.4,1.));
#283 = VECTOR('',#284,1.);
#284 = DIRECTION('',(0.,1.,0.));
#285 = ORIENTED_EDGE('',*,*,#286,.T.);
#286 = EDGE_CURVE('',#279,#110,#287,.T.);
#287 = LINE('',#288,#289);
#288 = CARTESIAN_POINT('',(0.635,0.4,1.));
#289 = VECTOR('',#290,1.);
#290 = DIRECTION('',(-0.707106781187,0.707106781187,0.));
#291 = ORIENTED_EDGE('',*,*,#117,.T.);
#292 = FACE_BOUND('',#293,.T.);
#293 = EDGE_LOOP('',(#294,#304,#312,#320));
#294 = ORIENTED_EDGE('',*,*,#295,.T.);
#295 = EDGE_CURVE('',#296,#298,#300,.T.);
#296 = VERTEX_POINT('',#297);
#297 = CARTESIAN_POINT('',(0.15,-0.15,1.));
#298 = VERTEX_POINT('',#299);
#299 = CARTESIAN_POINT('',(-0.15,-0.15,1.));
#300 = LINE('',#301,#302);
#301 = CARTESIAN_POINT('',(-7.5E-02,-0.15,1.));
#302 = VECTOR('',#303,1.);
#303 = DIRECTION('',(-1.,0.,0.));
#304 = ORIENTED_EDGE('',*,*,#305,.T.);
#305 = EDGE_CURVE('',#298,#306,#308,.T.);
#306 = VERTEX_POINT('',#307);
#307 = CARTESIAN_POINT('',(-0.15,0.15,1.));
#308 = LINE('',#309,#310);
#309 = CARTESIAN_POINT('',(-0.15,-7.5E-02,1.));
#310 = VECTOR('',#311,1.);
#311 = DIRECTION('',(0.,1.,0.));
#312 = ORIENTED_EDGE('',*,*,#313,.F.);
#313 = EDGE_CURVE('',#314,#306,#316,.T.);
#314 = VERTEX_POINT('',#315);
#315 = CARTESIAN_POINT('',(0.15,0.15,1.));
#316 = LINE('',#317,#318);
#317 = CARTESIAN_POINT('',(-7.5E-02,0.15,1.));
#318 = VECTOR('',#319,1.);
#319 = DIRECTION('',(-1.,0.,0.));
#320 = ORIENTED_EDGE('',*,*,#321,.F.);
#321 = EDGE_CURVE('',#296,#314,#322,.T.);
#322 = LINE('',#323,#324);
#323 = CARTESIAN_POINT('',(0.15,-7.5E-02,1.));
#324 = VECTOR('',#325,1.);
#325 = DIRECTION('',(0.,1.,0.));
#326 = PLANE('',#327);
#327 = AXIS2_PLACEMENT_3D('',#328,#329,#330);
#328 = CARTESIAN_POINT('',(-1.289252366408E-17,0.,1.));
#329 = DIRECTION('',(0.,0.,1.));
#330 = DIRECTION('',(1.,0.,-0.));
#331 = ADVANCED_FACE('',(#332),#343,.F.);
#332 = FACE_BOUND('',#333,.F.);
#333 = EDGE_LOOP('',(#334,#340,#341,#342));
#334 = ORIENTED_EDGE('',*,*,#335,.T.);
#335 = EDGE_CURVE('',#196,#279,#336,.T.);
#336 = LINE('',#337,#338);
#337 = CARTESIAN_POINT('',(0.635,0.4,0.));
#338 = VECTOR('',#339,1.);
#339 = DIRECTION('',(0.,0.,1.));
#340 = ORIENTED_EDGE('',*,*,#286,.T.);
#341 = ORIENTED_EDGE('',*,*,#107,.F.);
#342 = ORIENTED_EDGE('',*,*,#203,.F.);
#343 = PLANE('',#344);
#344 = AXIS2_PLACEMENT_3D('',#345,#346,#347);
#345 = CARTESIAN_POINT('',(0.635,0.4,0.));
#346 = DIRECTION('',(-0.707106781187,-0.707106781187,0.));
#347 = DIRECTION('',(-0.707106781187,0.707106781187,0.));
#348 = ADVANCED_FACE('',(#349),#360,.F.);
#349 = FACE_BOUND('',#350,.F.);
#350 = EDGE_LOOP('',(#351,#352,#353,#359));
#351 = ORIENTED_EDGE('',*,*,#147,.T.);
#352 = ORIENTED_EDGE('',*,*,#254,.T.);
#353 = ORIENTED_EDGE('',*,*,#354,.F.);
#354 = EDGE_CURVE('',#172,#255,#355,.T.);
#355 = LINE('',#356,#357);
#356 = CARTESIAN_POINT('',(-0.535,-0.5,0.));
#357 = VECTOR('',#358,1.);
#358 = DIRECTION('',(0.,0.,1.));
#359 = ORIENTED_EDGE('',*,*,#171,.F.);
#360 = PLANE('',#361);
#361 = AXIS2_PLACEMENT_3D('',#362,#363,#364);
#362 = CARTESIAN_POINT('',(-0.635,-0.4,0.));
#363 = DIRECTION('',(0.707106781187,0.707106781187,0.));
#364 = DIRECTION('',(0.707106781187,-0.707106781187,0.));
#365 = ADVANCED_FACE('',(#366),#377,.F.);
#366 = FACE_BOUND('',#367,.F.);
#367 = EDGE_LOOP('',(#368,#374,#375,#376));
#368 = ORIENTED_EDGE('',*,*,#369,.T.);
#369 = EDGE_CURVE('',#188,#271,#370,.T.);
#370 = LINE('',#371,#372);
#371 = CARTESIAN_POINT('',(0.635,-0.4,0.));
#372 = VECTOR('',#373,1.);
#373 = DIRECTION('',(0.,0.,1.));
#374 = ORIENTED_EDGE('',*,*,#278,.T.);
#375 = ORIENTED_EDGE('',*,*,#335,.F.);
#376 = ORIENTED_EDGE('',*,*,#195,.F.);
#377 = PLANE('',#378);
#378 = AXIS2_PLACEMENT_3D('',#379,#380,#381);
#379 = CARTESIAN_POINT('',(0.635,-0.4,0.));
#380 = DIRECTION('',(-1.,0.,0.));
#381 = DIRECTION('',(0.,1.,0.));
#382 = ADVANCED_FACE('',(#383),#394,.F.);
#383 = FACE_BOUND('',#384,.F.);
#384 = EDGE_LOOP('',(#385,#386,#387,#393));
#385 = ORIENTED_EDGE('',*,*,#354,.T.);
#386 = ORIENTED_EDGE('',*,*,#262,.T.);
#387 = ORIENTED_EDGE('',*,*,#388,.F.);
#388 = EDGE_CURVE('',#180,#263,#389,.T.);
#389 = LINE('',#390,#391);
#390 = CARTESIAN_POINT('',(0.535,-0.5,0.));
#391 = VECTOR('',#392,1.);
#392 = DIRECTION('',(0.,0.,1.));
#393 = ORIENTED_EDGE('',*,*,#179,.F.);
#394 = PLANE('',#395);
#395 = AXIS2_PLACEMENT_3D('',#396,#397,#398);
#396 = CARTESIAN_POINT('',(-0.535,-0.5,0.));
#397 = DIRECTION('',(0.,1.,0.));
#398 = DIRECTION('',(1.,0.,0.));
#399 = ADVANCED_FACE('',(#400),#406,.F.);
#400 = FACE_BOUND('',#401,.F.);
#401 = EDGE_LOOP('',(#402,#403,#404,#405));
#402 = ORIENTED_EDGE('',*,*,#388,.T.);
#403 = ORIENTED_EDGE('',*,*,#270,.T.);
#404 = ORIENTED_EDGE('',*,*,#369,.F.);
#405 = ORIENTED_EDGE('',*,*,#187,.F.);
#406 = PLANE('',#407);
#407 = AXIS2_PLACEMENT_3D('',#408,#409,#410);
#408 = CARTESIAN_POINT('',(0.535,-0.5,0.));
#409 = DIRECTION('',(-0.707106781187,0.707106781187,0.));
#410 = DIRECTION('',(0.707106781187,0.707106781187,0.));
#411 = ADVANCED_FACE('',(#412),#437,.F.);
#412 = FACE_BOUND('',#413,.F.);
#413 = EDGE_LOOP('',(#414,#422,#430,#436));
#414 = ORIENTED_EDGE('',*,*,#415,.F.);
#415 = EDGE_CURVE('',#416,#213,#418,.T.);
#416 = VERTEX_POINT('',#417);
#417 = CARTESIAN_POINT('',(0.15,-0.15,-2.925));
#418 = LINE('',#419,#420);
#419 = CARTESIAN_POINT('',(0.15,-0.15,-3.));
#420 = VECTOR('',#421,1.);
#421 = DIRECTION('',(0.,0.,1.));
#422 = ORIENTED_EDGE('',*,*,#423,.F.);
#423 = EDGE_CURVE('',#424,#416,#426,.T.);
#424 = VERTEX_POINT('',#425);
#425 = CARTESIAN_POINT('',(-0.15,-0.15,-2.925));
#426 = LINE('',#427,#428);
#427 = CARTESIAN_POINT('',(-0.15,-0.15,-2.925));
#428 = VECTOR('',#429,1.);
#429 = DIRECTION('',(1.,0.,0.));
#430 = ORIENTED_EDGE('',*,*,#431,.T.);
#431 = EDGE_CURVE('',#424,#215,#432,.T.);
#432 = LINE('',#433,#434);
#433 = CARTESIAN_POINT('',(-0.15,-0.15,-3.));
#434 = VECTOR('',#435,1.);
#435 = DIRECTION('',(0.,0.,1.));
#436 = ORIENTED_EDGE('',*,*,#212,.F.);
#437 = PLANE('',#438);
#438 = AXIS2_PLACEMENT_3D('',#439,#440,#441);
#439 = CARTESIAN_POINT('',(-0.15,-0.15,-3.));
#440 = DIRECTION('',(0.,1.,0.));
#441 = DIRECTION('',(0.,-0.,1.));
#442 = ADVANCED_FACE('',(#443),#461,.T.);
#443 = FACE_BOUND('',#444,.T.);
#444 = EDGE_LOOP('',(#445,#446,#454,#460));
#445 = ORIENTED_EDGE('',*,*,#415,.F.);
#446 = ORIENTED_EDGE('',*,*,#447,.T.);
#447 = EDGE_CURVE('',#416,#448,#450,.T.);
#448 = VERTEX_POINT('',#449);
#449 = CARTESIAN_POINT('',(0.15,0.15,-2.925));
#450 = LINE('',#451,#452);
#451 = CARTESIAN_POINT('',(0.15,-0.15,-2.925));
#452 = VECTOR('',#453,1.);
#453 = DIRECTION('',(0.,1.,0.));
#454 = ORIENTED_EDGE('',*,*,#455,.T.);
#455 = EDGE_CURVE('',#448,#231,#456,.T.);
#456 = LINE('',#457,#458);
#457 = CARTESIAN_POINT('',(0.15,0.15,-3.));
#458 = VECTOR('',#459,1.);
#459 = DIRECTION('',(0.,0.,1.));
#460 = ORIENTED_EDGE('',*,*,#238,.F.);
#461 = PLANE('',#462);
#462 = AXIS2_PLACEMENT_3D('',#463,#464,#465);
#463 = CARTESIAN_POINT('',(0.15,-0.15,-3.));
#464 = DIRECTION('',(1.,0.,0.));
#465 = DIRECTION('',(0.,0.,1.));
#466 = ADVANCED_FACE('',(#467),#485,.T.);
#467 = FACE_BOUND('',#468,.T.);
#468 = EDGE_LOOP('',(#469,#470,#478,#484));
#469 = ORIENTED_EDGE('',*,*,#455,.F.);
#470 = ORIENTED_EDGE('',*,*,#471,.F.);
#471 = EDGE_CURVE('',#472,#448,#474,.T.);
#472 = VERTEX_POINT('',#473);
#473 = CARTESIAN_POINT('',(-0.15,0.15,-2.925));
#474 = LINE('',#475,#476);
#475 = CARTESIAN_POINT('',(-0.15,0.15,-2.925));
#476 = VECTOR('',#477,1.);
#477 = DIRECTION('',(1.,0.,0.));
#478 = ORIENTED_EDGE('',*,*,#479,.T.);
#479 = EDGE_CURVE('',#472,#223,#480,.T.);
#480 = LINE('',#481,#482);
#481 = CARTESIAN_POINT('',(-0.15,0.15,-3.));
#482 = VECTOR('',#483,1.);
#483 = DIRECTION('',(0.,0.,1.));
#484 = ORIENTED_EDGE('',*,*,#230,.F.);
#485 = PLANE('',#486);
#486 = AXIS2_PLACEMENT_3D('',#487,#488,#489);
#487 = CARTESIAN_POINT('',(-0.15,0.15,-3.));
#488 = DIRECTION('',(0.,1.,0.));
#489 = DIRECTION('',(0.,-0.,1.));
#490 = ADVANCED_FACE('',(#491),#502,.F.);
#491 = FACE_BOUND('',#492,.F.);
#492 = EDGE_LOOP('',(#493,#494,#500,#501));
#493 = ORIENTED_EDGE('',*,*,#431,.F.);
#494 = ORIENTED_EDGE('',*,*,#495,.T.);
#495 = EDGE_CURVE('',#424,#472,#496,.T.);
#496 = LINE('',#497,#498);
#497 = CARTESIAN_POINT('',(-0.15,-0.15,-2.925));
#498 = VECTOR('',#499,1.);
#499 = DIRECTION('',(0.,1.,0.));
#500 = ORIENTED_EDGE('',*,*,#479,.T.);
#501 = ORIENTED_EDGE('',*,*,#222,.F.);
#502 = PLANE('',#503);
#503 = AXIS2_PLACEMENT_3D('',#504,#505,#506);
#504 = CARTESIAN_POINT('',(-0.15,-0.15,-3.));
#505 = DIRECTION('',(1.,0.,0.));
#506 = DIRECTION('',(0.,0.,1.));
#507 = ADVANCED_FACE('',(#508),#533,.F.);
#508 = FACE_BOUND('',#509,.F.);
#509 = EDGE_LOOP('',(#510,#518,#519,#527));
#510 = ORIENTED_EDGE('',*,*,#511,.F.);
#511 = EDGE_CURVE('',#296,#512,#514,.T.);
#512 = VERTEX_POINT('',#513);
#513 = CARTESIAN_POINT('',(0.15,-0.15,4.725));
#514 = LINE('',#515,#516);
#515 = CARTESIAN_POINT('',(0.15,-0.15,-3.));
#516 = VECTOR('',#517,1.);
#517 = DIRECTION('',(0.,0.,1.));
#518 = ORIENTED_EDGE('',*,*,#295,.T.);
#519 = ORIENTED_EDGE('',*,*,#520,.T.);
#520 = EDGE_CURVE('',#298,#521,#523,.T.);
#521 = VERTEX_POINT('',#522);
#522 = CARTESIAN_POINT('',(-0.15,-0.15,4.725));
#523 = LINE('',#524,#525);
#524 = CARTESIAN_POINT('',(-0.15,-0.15,-3.));
#525 = VECTOR('',#526,1.);
#526 = DIRECTION('',(0.,0.,1.));
#527 = ORIENTED_EDGE('',*,*,#528,.T.);
#528 = EDGE_CURVE('',#521,#512,#529,.T.);
#529 = LINE('',#530,#531);
#530 = CARTESIAN_POINT('',(-0.15,-0.15,4.725));
#531 = VECTOR('',#532,1.);
#532 = DIRECTION('',(1.,0.,0.));
#533 = PLANE('',#534);
#534 = AXIS2_PLACEMENT_3D('',#535,#536,#537);
#535 = CARTESIAN_POINT('',(-0.15,-0.15,-3.));
#536 = DIRECTION('',(0.,1.,0.));
#537 = DIRECTION('',(0.,-0.,1.));
#538 = ADVANCED_FACE('',(#539),#557,.T.);
#539 = FACE_BOUND('',#540,.T.);
#540 = EDGE_LOOP('',(#541,#542,#543,#551));
#541 = ORIENTED_EDGE('',*,*,#511,.F.);
#542 = ORIENTED_EDGE('',*,*,#321,.T.);
#543 = ORIENTED_EDGE('',*,*,#544,.T.);
#544 = EDGE_CURVE('',#314,#545,#547,.T.);
#545 = VERTEX_POINT('',#546);
#546 = CARTESIAN_POINT('',(0.15,0.15,4.725));
#547 = LINE('',#548,#549);
#548 = CARTESIAN_POINT('',(0.15,0.15,-3.));
#549 = VECTOR('',#550,1.);
#550 = DIRECTION('',(0.,0.,1.));
#551 = ORIENTED_EDGE('',*,*,#552,.F.);
#552 = EDGE_CURVE('',#512,#545,#553,.T.);
#553 = LINE('',#554,#555);
#554 = CARTESIAN_POINT('',(0.15,-0.15,4.725));
#555 = VECTOR('',#556,1.);
#556 = DIRECTION('',(0.,1.,0.));
#557 = PLANE('',#558);
#558 = AXIS2_PLACEMENT_3D('',#559,#560,#561);
#559 = CARTESIAN_POINT('',(0.15,-0.15,-3.));
#560 = DIRECTION('',(1.,0.,0.));
#561 = DIRECTION('',(0.,0.,1.));
#562 = ADVANCED_FACE('',(#563),#581,.T.);
#563 = FACE_BOUND('',#564,.T.);
#564 = EDGE_LOOP('',(#565,#566,#567,#575));
#565 = ORIENTED_EDGE('',*,*,#544,.F.);
#566 = ORIENTED_EDGE('',*,*,#313,.T.);
#567 = ORIENTED_EDGE('',*,*,#568,.T.);
#568 = EDGE_CURVE('',#306,#569,#571,.T.);
#569 = VERTEX_POINT('',#570);
#570 = CARTESIAN_POINT('',(-0.15,0.15,4.725));
#571 = LINE('',#572,#573);
#572 = CARTESIAN_POINT('',(-0.15,0.15,-3.));
#573 = VECTOR('',#574,1.);
#574 = DIRECTION('',(0.,0.,1.));
#575 = ORIENTED_EDGE('',*,*,#576,.T.);
#576 = EDGE_CURVE('',#569,#545,#577,.T.);
#577 = LINE('',#578,#579);
#578 = CARTESIAN_POINT('',(-0.15,0.15,4.725));
#579 = VECTOR('',#580,1.);
#580 = DIRECTION('',(1.,0.,0.));
#581 = PLANE('',#582);
#582 = AXIS2_PLACEMENT_3D('',#583,#584,#585);
#583 = CARTESIAN_POINT('',(-0.15,0.15,-3.));
#584 = DIRECTION('',(0.,1.,0.));
#585 = DIRECTION('',(0.,-0.,1.));
#586 = ADVANCED_FACE('',(#587),#598,.F.);
#587 = FACE_BOUND('',#588,.F.);
#588 = EDGE_LOOP('',(#589,#590,#591,#592));
#589 = ORIENTED_EDGE('',*,*,#520,.F.);
#590 = ORIENTED_EDGE('',*,*,#305,.T.);
#591 = ORIENTED_EDGE('',*,*,#568,.T.);
#592 = ORIENTED_EDGE('',*,*,#593,.F.);
#593 = EDGE_CURVE('',#521,#569,#594,.T.);
#594 = LINE('',#595,#596);
#595 = CARTESIAN_POINT('',(-0.15,-0.15,4.725));
#596 = VECTOR('',#597,1.);
#597 = DIRECTION('',(0.,1.,0.));
#598 = PLANE('',#599);
#599 = AXIS2_PLACEMENT_3D('',#600,#601,#602);
#600 = CARTESIAN_POINT('',(-0.15,-0.15,-3.));
#601 = DIRECTION('',(1.,0.,0.));
#602 = DIRECTION('',(0.,0.,1.));
#603 = ADVANCED_FACE('',(#604),#629,.T.);
#604 = FACE_BOUND('',#605,.F.);
#605 = EDGE_LOOP('',(#606,#614,#615,#623));
#606 = ORIENTED_EDGE('',*,*,#607,.F.);
#607 = EDGE_CURVE('',#424,#608,#610,.T.);
#608 = VERTEX_POINT('',#609);
#609 = CARTESIAN_POINT('',(-7.5E-02,-7.5E-02,-3.));
#610 = LINE('',#611,#612);
#611 = CARTESIAN_POINT('',(-0.125,-0.125,-2.95));
#612 = VECTOR('',#613,1.);
#613 = DIRECTION('',(0.57735026919,0.57735026919,-0.57735026919));
#614 = ORIENTED_EDGE('',*,*,#423,.T.);
#615 = ORIENTED_EDGE('',*,*,#616,.T.);
#616 = EDGE_CURVE('',#416,#617,#619,.T.);
#617 = VERTEX_POINT('',#618);
#618 = CARTESIAN_POINT('',(7.5E-02,-7.5E-02,-3.));
#619 = LINE('',#620,#621);
#620 = CARTESIAN_POINT('',(7.5E-02,-7.5E-02,-3.));
#621 = VECTOR('',#622,1.);
#622 = DIRECTION('',(-0.57735026919,0.57735026919,-0.57735026919));
#623 = ORIENTED_EDGE('',*,*,#624,.F.);
#624 = EDGE_CURVE('',#608,#617,#625,.T.);
#625 = LINE('',#626,#627);
#626 = CARTESIAN_POINT('',(-0.15,-7.5E-02,-3.));
#627 = VECTOR('',#628,1.);
#628 = DIRECTION('',(1.,0.,0.));
#629 = PLANE('',#630);
#630 = AXIS2_PLACEMENT_3D('',#631,#632,#633);
#631 = CARTESIAN_POINT('',(-0.15,-0.1125,-2.9625));
#632 = DIRECTION('',(0.,-0.707106781187,-0.707106781187));
#633 = DIRECTION('',(-1.,-0.,0.));
#634 = ADVANCED_FACE('',(#635),#653,.F.);
#635 = FACE_BOUND('',#636,.F.);
#636 = EDGE_LOOP('',(#637,#638,#639,#647));
#637 = ORIENTED_EDGE('',*,*,#616,.F.);
#638 = ORIENTED_EDGE('',*,*,#447,.T.);
#639 = ORIENTED_EDGE('',*,*,#640,.T.);
#640 = EDGE_CURVE('',#448,#641,#643,.T.);
#641 = VERTEX_POINT('',#642);
#642 = CARTESIAN_POINT('',(7.5E-02,7.5E-02,-3.));
#643 = LINE('',#644,#645);
#644 = CARTESIAN_POINT('',(2.5E-02,2.5E-02,-3.05));
#645 = VECTOR('',#646,1.);
#646 = DIRECTION('',(-0.57735026919,-0.57735026919,-0.57735026919));
#647 = ORIENTED_EDGE('',*,*,#648,.F.);
#648 = EDGE_CURVE('',#617,#641,#649,.T.);
#649 = LINE('',#650,#651);
#650 = CARTESIAN_POINT('',(7.5E-02,-0.15,-3.));
#651 = VECTOR('',#652,1.);
#652 = DIRECTION('',(0.,1.,0.));
#653 = PLANE('',#654);
#654 = AXIS2_PLACEMENT_3D('',#655,#656,#657);
#655 = CARTESIAN_POINT('',(0.1125,-0.15,-2.9625));
#656 = DIRECTION('',(-0.707106781187,0.,0.707106781187));
#657 = DIRECTION('',(0.,1.,0.));
#658 = ADVANCED_FACE('',(#659),#677,.F.);
#659 = FACE_BOUND('',#660,.T.);
#660 = EDGE_LOOP('',(#661,#669,#670,#671));
#661 = ORIENTED_EDGE('',*,*,#662,.F.);
#662 = EDGE_CURVE('',#472,#663,#665,.T.);
#663 = VERTEX_POINT('',#664);
#664 = CARTESIAN_POINT('',(-7.5E-02,7.5E-02,-3.));
#665 = LINE('',#666,#667);
#666 = CARTESIAN_POINT('',(-7.5E-02,7.5E-02,-3.));
#667 = VECTOR('',#668,1.);
#668 = DIRECTION('',(0.57735026919,-0.57735026919,-0.57735026919));
#669 = ORIENTED_EDGE('',*,*,#471,.T.);
#670 = ORIENTED_EDGE('',*,*,#640,.T.);
#671 = ORIENTED_EDGE('',*,*,#672,.F.);
#672 = EDGE_CURVE('',#663,#641,#673,.T.);
#673 = LINE('',#674,#675);
#674 = CARTESIAN_POINT('',(-0.15,7.5E-02,-3.));
#675 = VECTOR('',#676,1.);
#676 = DIRECTION('',(1.,0.,0.));
#677 = PLANE('',#678);
#678 = AXIS2_PLACEMENT_3D('',#679,#680,#681);
#679 = CARTESIAN_POINT('',(-0.15,0.1125,-2.9625));
#680 = DIRECTION('',(0.,-0.707106781187,0.707106781187));
#681 = DIRECTION('',(-1.,0.,0.));
#682 = ADVANCED_FACE('',(#683),#694,.T.);
#683 = FACE_BOUND('',#684,.T.);
#684 = EDGE_LOOP('',(#685,#686,#687,#688));
#685 = ORIENTED_EDGE('',*,*,#607,.F.);
#686 = ORIENTED_EDGE('',*,*,#495,.T.);
#687 = ORIENTED_EDGE('',*,*,#662,.T.);
#688 = ORIENTED_EDGE('',*,*,#689,.F.);
#689 = EDGE_CURVE('',#608,#663,#690,.T.);
#690 = LINE('',#691,#692);
#691 = CARTESIAN_POINT('',(-7.5E-02,-0.15,-3.));
#692 = VECTOR('',#693,1.);
#693 = DIRECTION('',(0.,1.,0.));
#694 = PLANE('',#695);
#695 = AXIS2_PLACEMENT_3D('',#696,#697,#698);
#696 = CARTESIAN_POINT('',(-0.1125,-0.15,-2.9625));
#697 = DIRECTION('',(-0.707106781187,0.,-0.707106781187));
#698 = DIRECTION('',(0.,1.,0.));
#699 = ADVANCED_FACE('',(#700),#725,.F.);
#700 = FACE_BOUND('',#701,.T.);
#701 = EDGE_LOOP('',(#702,#710,#711,#719));
#702 = ORIENTED_EDGE('',*,*,#703,.F.);
#703 = EDGE_CURVE('',#521,#704,#706,.T.);
#704 = VERTEX_POINT('',#705);
#705 = CARTESIAN_POINT('',(-7.5E-02,-7.5E-02,4.8));
#706 = LINE('',#707,#708);
#707 = CARTESIAN_POINT('',(-0.125,-0.125,4.75));
#708 = VECTOR('',#709,1.);
#709 = DIRECTION('',(0.57735026919,0.57735026919,0.57735026919));
#710 = ORIENTED_EDGE('',*,*,#528,.T.);
#711 = ORIENTED_EDGE('',*,*,#712,.T.);
#712 = EDGE_CURVE('',#512,#713,#715,.T.);
#713 = VERTEX_POINT('',#714);
#714 = CARTESIAN_POINT('',(7.5E-02,-7.5E-02,4.8));
#715 = LINE('',#716,#717);
#716 = CARTESIAN_POINT('',(7.5E-02,-7.5E-02,4.8));
#717 = VECTOR('',#718,1.);
#718 = DIRECTION('',(-0.57735026919,0.57735026919,0.57735026919));
#719 = ORIENTED_EDGE('',*,*,#720,.F.);
#720 = EDGE_CURVE('',#704,#713,#721,.T.);
#721 = LINE('',#722,#723);
#722 = CARTESIAN_POINT('',(-0.15,-7.5E-02,4.8));
#723 = VECTOR('',#724,1.);
#724 = DIRECTION('',(1.,0.,0.));
#725 = PLANE('',#726);
#726 = AXIS2_PLACEMENT_3D('',#727,#728,#729);
#727 = CARTESIAN_POINT('',(-0.15,-0.1125,4.7625));
#728 = DIRECTION('',(0.,0.707106781187,-0.707106781187));
#729 = DIRECTION('',(-1.,0.,-0.));
#730 = ADVANCED_FACE('',(#731),#749,.T.);
#731 = FACE_BOUND('',#732,.T.);
#732 = EDGE_LOOP('',(#733,#734,#735,#743));
#733 = ORIENTED_EDGE('',*,*,#712,.F.);
#734 = ORIENTED_EDGE('',*,*,#552,.T.);
#735 = ORIENTED_EDGE('',*,*,#736,.T.);
#736 = EDGE_CURVE('',#545,#737,#739,.T.);
#737 = VERTEX_POINT('',#738);
#738 = CARTESIAN_POINT('',(7.5E-02,7.5E-02,4.8));
#739 = LINE('',#740,#741);
#740 = CARTESIAN_POINT('',(2.5E-02,2.5E-02,4.85));
#741 = VECTOR('',#742,1.);
#742 = DIRECTION('',(-0.57735026919,-0.57735026919,0.57735026919));
#743 = ORIENTED_EDGE('',*,*,#744,.F.);
#744 = EDGE_CURVE('',#713,#737,#745,.T.);
#745 = LINE('',#746,#747);
#746 = CARTESIAN_POINT('',(7.5E-02,-0.15,4.8));
#747 = VECTOR('',#748,1.);
#748 = DIRECTION('',(0.,1.,0.));
#749 = PLANE('',#750);
#750 = AXIS2_PLACEMENT_3D('',#751,#752,#753);
#751 = CARTESIAN_POINT('',(0.1125,-0.15,4.7625));
#752 = DIRECTION('',(0.707106781187,0.,0.707106781187));
#753 = DIRECTION('',(-0.,1.,0.));
#754 = ADVANCED_FACE('',(#755),#773,.T.);
#755 = FACE_BOUND('',#756,.F.);
#756 = EDGE_LOOP('',(#757,#765,#766,#767));
#757 = ORIENTED_EDGE('',*,*,#758,.F.);
#758 = EDGE_CURVE('',#569,#759,#761,.T.);
#759 = VERTEX_POINT('',#760);
#760 = CARTESIAN_POINT('',(-7.5E-02,7.5E-02,4.8));
#761 = LINE('',#762,#763);
#762 = CARTESIAN_POINT('',(-7.5E-02,7.5E-02,4.8));
#763 = VECTOR('',#764,1.);
#764 = DIRECTION('',(0.57735026919,-0.57735026919,0.57735026919));
#765 = ORIENTED_EDGE('',*,*,#576,.T.);
#766 = ORIENTED_EDGE('',*,*,#736,.T.);
#767 = ORIENTED_EDGE('',*,*,#768,.F.);
#768 = EDGE_CURVE('',#759,#737,#769,.T.);
#769 = LINE('',#770,#771);
#770 = CARTESIAN_POINT('',(-0.15,7.5E-02,4.8));
#771 = VECTOR('',#772,1.);
#772 = DIRECTION('',(1.,0.,0.));
#773 = PLANE('',#774);
#774 = AXIS2_PLACEMENT_3D('',#775,#776,#777);
#775 = CARTESIAN_POINT('',(-0.15,0.1125,4.7625));
#776 = DIRECTION('',(0.,0.707106781187,0.707106781187));
#777 = DIRECTION('',(-1.,0.,0.));
#778 = ADVANCED_FACE('',(#779),#790,.F.);
#779 = FACE_BOUND('',#780,.F.);
#780 = EDGE_LOOP('',(#781,#782,#783,#784));
#781 = ORIENTED_EDGE('',*,*,#703,.F.);
#782 = ORIENTED_EDGE('',*,*,#593,.T.);
#783 = ORIENTED_EDGE('',*,*,#758,.T.);
#784 = ORIENTED_EDGE('',*,*,#785,.F.);
#785 = EDGE_CURVE('',#704,#759,#786,.T.);
#786 = LINE('',#787,#788);
#787 = CARTESIAN_POINT('',(-7.5E-02,-0.15,4.8));
#788 = VECTOR('',#789,1.);
#789 = DIRECTION('',(0.,1.,0.));
#790 = PLANE('',#791);
#791 = AXIS2_PLACEMENT_3D('',#792,#793,#794);
#792 = CARTESIAN_POINT('',(-0.1125,-0.15,4.7625));
#793 = DIRECTION('',(0.707106781187,0.,-0.707106781187));
#794 = DIRECTION('',(0.,1.,0.));
#795 = ADVANCED_FACE('',(#796),#802,.F.);
#796 = FACE_BOUND('',#797,.F.);
#797 = EDGE_LOOP('',(#798,#799,#800,#801));
#798 = ORIENTED_EDGE('',*,*,#672,.F.);
#799 = ORIENTED_EDGE('',*,*,#689,.F.);
#800 = ORIENTED_EDGE('',*,*,#624,.T.);
#801 = ORIENTED_EDGE('',*,*,#648,.T.);
#802 = PLANE('',#803);
#803 = AXIS2_PLACEMENT_3D('',#804,#805,#806);
#804 = CARTESIAN_POINT('',(-0.15,-0.15,-3.));
#805 = DIRECTION('',(0.,0.,1.));
#806 = DIRECTION('',(1.,0.,-0.));
#807 = ADVANCED_FACE('',(#808),#814,.T.);
#808 = FACE_BOUND('',#809,.T.);
#809 = EDGE_LOOP('',(#810,#811,#812,#813));
#810 = ORIENTED_EDGE('',*,*,#744,.T.);
#811 = ORIENTED_EDGE('',*,*,#768,.F.);
#812 = ORIENTED_EDGE('',*,*,#785,.F.);
#813 = ORIENTED_EDGE('',*,*,#720,.T.);
#814 = PLANE('',#815);
#815 = AXIS2_PLACEMENT_3D('',#816,#817,#818);
#816 = CARTESIAN_POINT('',(-0.15,-0.15,4.8));
#817 = DIRECTION('',(0.,0.,1.));
#818 = DIRECTION('',(1.,0.,-0.));
#819 = ( GEOMETRIC_REPRESENTATION_CONTEXT(3) 
GLOBAL_UNCERTAINTY_ASSIGNED_CONTEXT((#823)) GLOBAL_UNIT_ASSIGNED_CONTEXT
((#820,#821,#822)) REPRESENTATION_CONTEXT('Context #1',
  '3D Context with UNIT and UNCERTAINTY') );
#820 = ( LENGTH_UNIT() NAMED_UNIT(*) SI_UNIT(.MILLI.,.METRE.) );
#821 = ( NAMED_UNIT(*) PLANE_ANGLE_UNIT() SI_UNIT($,.RADIAN.) );
#822 = ( NAMED_UNIT(*) SI_UNIT($,.STERADIAN.) SOLID_ANGLE_UNIT() );
#823 = UNCERTAINTY_MEASURE_WITH_UNIT(LENGTH_MEASURE(1.E-07),#820,
  'distance_accuracy_value','confusion accuracy');
#824 = CONTEXT_DEPENDENT_SHAPE_REPRESENTATION(#825,#827);
#825 = ( REPRESENTATION_RELATIONSHIP('','',#60,#10) 
REPRESENTATION_RELATIONSHIP_WITH_TRANSFORMATION(#826) 
SHAPE_REPRESENTATION_RELATIONSHIP() );
#826 = ITEM_DEFINED_TRANSFORMATION('','',#11,#15);
#827 = PRODUCT_DEFINITION_SHAPE('Placement','Placement of an item',#828
  );
#828 = NEXT_ASSEMBLY_USAGE_OCCURRENCE('1','J2','',#5,#55,$);
#829 = PRODUCT_RELATED_PRODUCT_CATEGORY('part',$,(#57));
#830 = SHAPE_DEFINITION_REPRESENTATION(#831,#837);
#831 = PRODUCT_DEFINITION_SHAPE('','',#832);
#832 = PRODUCT_DEFINITION('design','',#833,#836);
#833 = PRODUCT_DEFINITION_FORMATION('','',#834);
#834 = PRODUCT('C_0805_2012Metric','C_0805_2012Metric','',(#835));
#835 = PRODUCT_CONTEXT('',#2,'mechanical');
#836 = PRODUCT_DEFINITION_CONTEXT('part definition',#2,'design');
#837 = ADVANCED_BREP_SHAPE_REPRESENTATION('',(#11,#838),#1692);
#838 = MANIFOLD_SOLID_BREP('',#839);
#839 = CLOSED_SHELL('',(#840,#916,#947,#972,#997,#1021,#1045,#1070,#1095
    ,#1112,#1198,#1230,#1254,#1279,#1303,#1328,#1352,#1377,#1394,#1480,
    #1511,#1536,#1561,#1585,#1609,#1634,#1659,#1676));
#840 = ADVANCED_FACE('',(#841),#911,.F.);
#841 = FACE_BOUND('',#842,.F.);
#842 = EDGE_LOOP('',(#843,#853,#862,#870,#879,#887,#896,#904));
#843 = ORIENTED_EDGE('',*,*,#844,.F.);
#844 = EDGE_CURVE('',#845,#847,#849,.T.);
#845 = VERTEX_POINT('',#846);
#846 = CARTESIAN_POINT('',(-1.,-0.625,4.E-02));
#847 = VERTEX_POINT('',#848);
#848 = CARTESIAN_POINT('',(-1.,-0.625,1.21));
#849 = LINE('',#850,#851);
#850 = CARTESIAN_POINT('',(-1.,-0.625,0.));
#851 = VECTOR('',#852,1.);
#852 = DIRECTION('',(0.,0.,1.));
#853 = ORIENTED_EDGE('',*,*,#854,.T.);
#854 = EDGE_CURVE('',#845,#855,#857,.T.);
#855 = VERTEX_POINT('',#856);
#856 = CARTESIAN_POINT('',(-1.,-0.585,0.));
#857 = CIRCLE('',#858,4.E-02);
#858 = AXIS2_PLACEMENT_3D('',#859,#860,#861);
#859 = CARTESIAN_POINT('',(-1.,-0.585,4.E-02));
#860 = DIRECTION('',(1.,0.,-0.));
#861 = DIRECTION('',(0.,0.,1.));
#862 = ORIENTED_EDGE('',*,*,#863,.T.);
#863 = EDGE_CURVE('',#855,#864,#866,.T.);
#864 = VERTEX_POINT('',#865);
#865 = CARTESIAN_POINT('',(-1.,0.585,0.));
#866 = LINE('',#867,#868);
#867 = CARTESIAN_POINT('',(-1.,-0.625,0.));
#868 = VECTOR('',#869,1.);
#869 = DIRECTION('',(0.,1.,0.));
#870 = ORIENTED_EDGE('',*,*,#871,.F.);
#871 = EDGE_CURVE('',#872,#864,#874,.T.);
#872 = VERTEX_POINT('',#873);
#873 = CARTESIAN_POINT('',(-1.,0.625,4.E-02));
#874 = CIRCLE('',#875,4.E-02);
#875 = AXIS2_PLACEMENT_3D('',#876,#877,#878);
#876 = CARTESIAN_POINT('',(-1.,0.585,4.E-02));
#877 = DIRECTION('',(-1.,0.,0.));
#878 = DIRECTION('',(0.,0.,1.));
#879 = ORIENTED_EDGE('',*,*,#880,.T.);
#880 = EDGE_CURVE('',#872,#881,#883,.T.);
#881 = VERTEX_POINT('',#882);
#882 = CARTESIAN_POINT('',(-1.,0.625,1.21));
#883 = LINE('',#884,#885);
#884 = CARTESIAN_POINT('',(-1.,0.625,0.));
#885 = VECTOR('',#886,1.);
#886 = DIRECTION('',(0.,0.,1.));
#887 = ORIENTED_EDGE('',*,*,#888,.T.);
#888 = EDGE_CURVE('',#881,#889,#891,.T.);
#889 = VERTEX_POINT('',#890);
#890 = CARTESIAN_POINT('',(-1.,0.585,1.25));
#891 = CIRCLE('',#892,4.E-02);
#892 = AXIS2_PLACEMENT_3D('',#893,#894,#895);
#893 = CARTESIAN_POINT('',(-1.,0.585,1.21));
#894 = DIRECTION('',(1.,0.,-0.));
#895 = DIRECTION('',(0.,0.,1.));
#896 = ORIENTED_EDGE('',*,*,#897,.F.);
#897 = EDGE_CURVE('',#898,#889,#900,.T.);
#898 = VERTEX_POINT('',#899);
#899 = CARTESIAN_POINT('',(-1.,-0.585,1.25));
#900 = LINE('',#901,#902);
#901 = CARTESIAN_POINT('',(-1.,-0.625,1.25));
#902 = VECTOR('',#903,1.);
#903 = DIRECTION('',(0.,1.,0.));
#904 = ORIENTED_EDGE('',*,*,#905,.F.);
#905 = EDGE_CURVE('',#847,#898,#906,.T.);
#906 = CIRCLE('',#907,4.E-02);
#907 = AXIS2_PLACEMENT_3D('',#908,#909,#910);
#908 = CARTESIAN_POINT('',(-1.,-0.585,1.21));
#909 = DIRECTION('',(-1.,0.,0.));
#910 = DIRECTION('',(0.,0.,1.));
#911 = PLANE('',#912);
#912 = AXIS2_PLACEMENT_3D('',#913,#914,#915);
#913 = CARTESIAN_POINT('',(-1.,-0.625,0.));
#914 = DIRECTION('',(1.,0.,0.));
#915 = DIRECTION('',(0.,0.,1.));
#916 = ADVANCED_FACE('',(#917),#942,.F.);
#917 = FACE_BOUND('',#918,.F.);
#918 = EDGE_LOOP('',(#919,#929,#935,#936));
#919 = ORIENTED_EDGE('',*,*,#920,.F.);
#920 = EDGE_CURVE('',#921,#923,#925,.T.);
#921 = VERTEX_POINT('',#922);
#922 = CARTESIAN_POINT('',(-0.6,-0.625,4.E-02));
#923 = VERTEX_POINT('',#924);
#924 = CARTESIAN_POINT('',(-0.6,-0.625,1.21));
#925 = LINE('',#926,#927);
#926 = CARTESIAN_POINT('',(-0.6,-0.625,0.));
#927 = VECTOR('',#928,1.);
#928 = DIRECTION('',(0.,0.,1.));
#929 = ORIENTED_EDGE('',*,*,#930,.F.);
#930 = EDGE_CURVE('',#845,#921,#931,.T.);
#931 = LINE('',#932,#933);
#932 = CARTESIAN_POINT('',(-1.,-0.625,4.E-02));
#933 = VECTOR('',#934,1.);
#934 = DIRECTION('',(1.,0.,0.));
#935 = ORIENTED_EDGE('',*,*,#844,.T.);
#936 = ORIENTED_EDGE('',*,*,#937,.T.);
#937 = EDGE_CURVE('',#847,#923,#938,.T.);
#938 = LINE('',#939,#940);
#939 = CARTESIAN_POINT('',(-1.,-0.625,1.21));
#940 = VECTOR('',#941,1.);
#941 = DIRECTION('',(1.,0.,0.));
#942 = PLANE('',#943);
#943 = AXIS2_PLACEMENT_3D('',#944,#945,#946);
#944 = CARTESIAN_POINT('',(-1.,-0.625,0.));
#945 = DIRECTION('',(0.,1.,0.));
#946 = DIRECTION('',(0.,-0.,1.));
#947 = ADVANCED_FACE('',(#948),#967,.T.);
#948 = FACE_BOUND('',#949,.T.);
#949 = EDGE_LOOP('',(#950,#951,#959,#966));
#950 = ORIENTED_EDGE('',*,*,#854,.T.);
#951 = ORIENTED_EDGE('',*,*,#952,.T.);
#952 = EDGE_CURVE('',#855,#953,#955,.T.);
#953 = VERTEX_POINT('',#954);
#954 = CARTESIAN_POINT('',(-0.6,-0.585,0.));
#955 = LINE('',#956,#957);
#956 = CARTESIAN_POINT('',(-1.,-0.585,0.));
#957 = VECTOR('',#958,1.);
#958 = DIRECTION('',(1.,0.,0.));
#959 = ORIENTED_EDGE('',*,*,#960,.F.);
#960 = EDGE_CURVE('',#921,#953,#961,.T.);
#961 = CIRCLE('',#962,4.E-02);
#962 = AXIS2_PLACEMENT_3D('',#963,#964,#965);
#963 = CARTESIAN_POINT('',(-0.6,-0.585,4.E-02));
#964 = DIRECTION('',(1.,0.,-0.));
#965 = DIRECTION('',(0.,0.,1.));
#966 = ORIENTED_EDGE('',*,*,#930,.F.);
#967 = CYLINDRICAL_SURFACE('',#968,4.E-02);
#968 = AXIS2_PLACEMENT_3D('',#969,#970,#971);
#969 = CARTESIAN_POINT('',(-1.,-0.585,4.E-02));
#970 = DIRECTION('',(1.,0.,0.));
#971 = DIRECTION('',(0.,-1.,0.));
#972 = ADVANCED_FACE('',(#973),#992,.T.);
#973 = FACE_BOUND('',#974,.T.);
#974 = EDGE_LOOP('',(#975,#976,#985,#991));
#975 = ORIENTED_EDGE('',*,*,#937,.T.);
#976 = ORIENTED_EDGE('',*,*,#977,.T.);
#977 = EDGE_CURVE('',#923,#978,#980,.T.);
#978 = VERTEX_POINT('',#979);
#979 = CARTESIAN_POINT('',(-0.6,-0.585,1.25));
#980 = CIRCLE('',#981,4.E-02);
#981 = AXIS2_PLACEMENT_3D('',#982,#983,#984);
#982 = CARTESIAN_POINT('',(-0.6,-0.585,1.21));
#983 = DIRECTION('',(-1.,0.,0.));
#984 = DIRECTION('',(0.,0.,1.));
#985 = ORIENTED_EDGE('',*,*,#986,.F.);
#986 = EDGE_CURVE('',#898,#978,#987,.T.);
#987 = LINE('',#988,#989);
#988 = CARTESIAN_POINT('',(-1.,-0.585,1.25));
#989 = VECTOR('',#990,1.);
#990 = DIRECTION('',(1.,0.,0.));
#991 = ORIENTED_EDGE('',*,*,#905,.F.);
#992 = CYLINDRICAL_SURFACE('',#993,4.E-02);
#993 = AXIS2_PLACEMENT_3D('',#994,#995,#996);
#994 = CARTESIAN_POINT('',(-1.,-0.585,1.21));
#995 = DIRECTION('',(1.,0.,0.));
#996 = DIRECTION('',(0.,-1.,0.));
#997 = ADVANCED_FACE('',(#998),#1016,.F.);
#998 = FACE_BOUND('',#999,.F.);
#999 = EDGE_LOOP('',(#1000,#1001,#1002,#1010));
#1000 = ORIENTED_EDGE('',*,*,#863,.F.);
#1001 = ORIENTED_EDGE('',*,*,#952,.T.);
#1002 = ORIENTED_EDGE('',*,*,#1003,.T.);
#1003 = EDGE_CURVE('',#953,#1004,#1006,.T.);
#1004 = VERTEX_POINT('',#1005);
#1005 = CARTESIAN_POINT('',(-0.6,0.585,0.));
#1006 = LINE('',#1007,#1008);
#1007 = CARTESIAN_POINT('',(-0.6,-0.625,0.));
#1008 = VECTOR('',#1009,1.);
#1009 = DIRECTION('',(0.,1.,0.));
#1010 = ORIENTED_EDGE('',*,*,#1011,.F.);
#1011 = EDGE_CURVE('',#864,#1004,#1012,.T.);
#1012 = LINE('',#1013,#1014);
#1013 = CARTESIAN_POINT('',(-1.,0.585,0.));
#1014 = VECTOR('',#1015,1.);
#1015 = DIRECTION('',(1.,0.,0.));
#1016 = PLANE('',#1017);
#1017 = AXIS2_PLACEMENT_3D('',#1018,#1019,#1020);
#1018 = CARTESIAN_POINT('',(-1.,-0.625,0.));
#1019 = DIRECTION('',(0.,0.,1.));
#1020 = DIRECTION('',(1.,0.,-0.));
#1021 = ADVANCED_FACE('',(#1022),#1040,.T.);
#1022 = FACE_BOUND('',#1023,.T.);
#1023 = EDGE_LOOP('',(#1024,#1025,#1026,#1034));
#1024 = ORIENTED_EDGE('',*,*,#897,.F.);
#1025 = ORIENTED_EDGE('',*,*,#986,.T.);
#1026 = ORIENTED_EDGE('',*,*,#1027,.T.);
#1027 = EDGE_CURVE('',#978,#1028,#1030,.T.);
#1028 = VERTEX_POINT('',#1029);
#1029 = CARTESIAN_POINT('',(-0.6,0.585,1.25));
#1030 = LINE('',#1031,#1032);
#1031 = CARTESIAN_POINT('',(-0.6,-0.625,1.25));
#1032 = VECTOR('',#1033,1.);
#1033 = DIRECTION('',(0.,1.,0.));
#1034 = ORIENTED_EDGE('',*,*,#1035,.F.);
#1035 = EDGE_CURVE('',#889,#1028,#1036,.T.);
#1036 = LINE('',#1037,#1038);
#1037 = CARTESIAN_POINT('',(-1.,0.585,1.25));
#1038 = VECTOR('',#1039,1.);
#1039 = DIRECTION('',(1.,0.,0.));
#1040 = PLANE('',#1041);
#1041 = AXIS2_PLACEMENT_3D('',#1042,#1043,#1044);
#1042 = CARTESIAN_POINT('',(-1.,-0.625,1.25));
#1043 = DIRECTION('',(0.,0.,1.));
#1044 = DIRECTION('',(1.,0.,-0.));
#1045 = ADVANCED_FACE('',(#1046),#1065,.T.);
#1046 = FACE_BOUND('',#1047,.T.);
#1047 = EDGE_LOOP('',(#1048,#1056,#1063,#1064));
#1048 = ORIENTED_EDGE('',*,*,#1049,.T.);
#1049 = EDGE_CURVE('',#872,#1050,#1052,.T.);
#1050 = VERTEX_POINT('',#1051);
#1051 = CARTESIAN_POINT('',(-0.6,0.625,4.E-02));
#1052 = LINE('',#1053,#1054);
#1053 = CARTESIAN_POINT('',(-1.,0.625,4.E-02));
#1054 = VECTOR('',#1055,1.);
#1055 = DIRECTION('',(1.,0.,0.));
#1056 = ORIENTED_EDGE('',*,*,#1057,.T.);
#1057 = EDGE_CURVE('',#1050,#1004,#1058,.T.);
#1058 = CIRCLE('',#1059,4.E-02);
#1059 = AXIS2_PLACEMENT_3D('',#1060,#1061,#1062);
#1060 = CARTESIAN_POINT('',(-0.6,0.585,4.E-02));
#1061 = DIRECTION('',(-1.,0.,0.));
#1062 = DIRECTION('',(0.,0.,1.));
#1063 = ORIENTED_EDGE('',*,*,#1011,.F.);
#1064 = ORIENTED_EDGE('',*,*,#871,.F.);
#1065 = CYLINDRICAL_SURFACE('',#1066,4.E-02);
#1066 = AXIS2_PLACEMENT_3D('',#1067,#1068,#1069);
#1067 = CARTESIAN_POINT('',(-1.,0.585,4.E-02));
#1068 = DIRECTION('',(1.,0.,0.));
#1069 = DIRECTION('',(-0.,1.,0.));
#1070 = ADVANCED_FACE('',(#1071),#1090,.T.);
#1071 = FACE_BOUND('',#1072,.T.);
#1072 = EDGE_LOOP('',(#1073,#1074,#1075,#1084));
#1073 = ORIENTED_EDGE('',*,*,#888,.T.);
#1074 = ORIENTED_EDGE('',*,*,#1035,.T.);
#1075 = ORIENTED_EDGE('',*,*,#1076,.F.);
#1076 = EDGE_CURVE('',#1077,#1028,#1079,.T.);
#1077 = VERTEX_POINT('',#1078);
#1078 = CARTESIAN_POINT('',(-0.6,0.625,1.21));
#1079 = CIRCLE('',#1080,4.E-02);
#1080 = AXIS2_PLACEMENT_3D('',#1081,#1082,#1083);
#1081 = CARTESIAN_POINT('',(-0.6,0.585,1.21));
#1082 = DIRECTION('',(1.,0.,-0.));
#1083 = DIRECTION('',(0.,0.,1.));
#1084 = ORIENTED_EDGE('',*,*,#1085,.F.);
#1085 = EDGE_CURVE('',#881,#1077,#1086,.T.);
#1086 = LINE('',#1087,#1088);
#1087 = CARTESIAN_POINT('',(-1.,0.625,1.21));
#1088 = VECTOR('',#1089,1.);
#1089 = DIRECTION('',(1.,0.,0.));
#1090 = CYLINDRICAL_SURFACE('',#1091,4.E-02);
#1091 = AXIS2_PLACEMENT_3D('',#1092,#1093,#1094);
#1092 = CARTESIAN_POINT('',(-1.,0.585,1.21));
#1093 = DIRECTION('',(1.,0.,0.));
#1094 = DIRECTION('',(-0.,1.,0.));
#1095 = ADVANCED_FACE('',(#1096),#1107,.T.);
#1096 = FACE_BOUND('',#1097,.T.);
#1097 = EDGE_LOOP('',(#1098,#1104,#1105,#1106));
#1098 = ORIENTED_EDGE('',*,*,#1099,.F.);
#1099 = EDGE_CURVE('',#1050,#1077,#1100,.T.);
#1100 = LINE('',#1101,#1102);
#1101 = CARTESIAN_POINT('',(-0.6,0.625,0.));
#1102 = VECTOR('',#1103,1.);
#1103 = DIRECTION('',(0.,0.,1.));
#1104 = ORIENTED_EDGE('',*,*,#1049,.F.);
#1105 = ORIENTED_EDGE('',*,*,#880,.T.);
#1106 = ORIENTED_EDGE('',*,*,#1085,.T.);
#1107 = PLANE('',#1108);
#1108 = AXIS2_PLACEMENT_3D('',#1109,#1110,#1111);
#1109 = CARTESIAN_POINT('',(-1.,0.625,0.));
#1110 = DIRECTION('',(0.,1.,0.));
#1111 = DIRECTION('',(0.,-0.,1.));
#1112 = ADVANCED_FACE('',(#1113,#1123),#1193,.T.);
#1113 = FACE_BOUND('',#1114,.T.);
#1114 = EDGE_LOOP('',(#1115,#1116,#1117,#1118,#1119,#1120,#1121,#1122));
#1115 = ORIENTED_EDGE('',*,*,#920,.F.);
#1116 = ORIENTED_EDGE('',*,*,#960,.T.);
#1117 = ORIENTED_EDGE('',*,*,#1003,.T.);
#1118 = ORIENTED_EDGE('',*,*,#1057,.F.);
#1119 = ORIENTED_EDGE('',*,*,#1099,.T.);
#1120 = ORIENTED_EDGE('',*,*,#1076,.T.);
#1121 = ORIENTED_EDGE('',*,*,#1027,.F.);
#1122 = ORIENTED_EDGE('',*,*,#977,.F.);
#1123 = FACE_BOUND('',#1124,.T.);
#1124 = EDGE_LOOP('',(#1125,#1136,#1144,#1153,#1161,#1170,#1178,#1187));
#1125 = ORIENTED_EDGE('',*,*,#1126,.F.);
#1126 = EDGE_CURVE('',#1127,#1129,#1131,.T.);
#1127 = VERTEX_POINT('',#1128);
#1128 = CARTESIAN_POINT('',(-0.6,-0.585,8.E-02));
#1129 = VERTEX_POINT('',#1130);
#1130 = CARTESIAN_POINT('',(-0.6,-0.545,4.E-02));
#1131 = CIRCLE('',#1132,4.E-02);
#1132 = AXIS2_PLACEMENT_3D('',#1133,#1134,#1135);
#1133 = CARTESIAN_POINT('',(-0.6,-0.545,8.E-02));
#1134 = DIRECTION('',(1.,0.,-0.));
#1135 = DIRECTION('',(0.,0.,1.));
#1136 = ORIENTED_EDGE('',*,*,#1137,.T.);
#1137 = EDGE_CURVE('',#1127,#1138,#1140,.T.);
#1138 = VERTEX_POINT('',#1139);
#1139 = CARTESIAN_POINT('',(-0.6,-0.585,1.17));
#1140 = LINE('',#1141,#1142);
#1141 = CARTESIAN_POINT('',(-0.6,-0.585,4.E-02));
#1142 = VECTOR('',#1143,1.);
#1143 = DIRECTION('',(0.,0.,1.));
#1144 = ORIENTED_EDGE('',*,*,#1145,.T.);
#1145 = EDGE_CURVE('',#1138,#1146,#1148,.T.);
#1146 = VERTEX_POINT('',#1147);
#1147 = CARTESIAN_POINT('',(-0.6,-0.545,1.21));
#1148 = CIRCLE('',#1149,4.E-02);
#1149 = AXIS2_PLACEMENT_3D('',#1150,#1151,#1152);
#1150 = CARTESIAN_POINT('',(-0.6,-0.545,1.17));
#1151 = DIRECTION('',(-1.,0.,0.));
#1152 = DIRECTION('',(0.,0.,1.));
#1153 = ORIENTED_EDGE('',*,*,#1154,.T.);
#1154 = EDGE_CURVE('',#1146,#1155,#1157,.T.);
#1155 = VERTEX_POINT('',#1156);
#1156 = CARTESIAN_POINT('',(-0.6,0.545,1.21));
#1157 = LINE('',#1158,#1159);
#1158 = CARTESIAN_POINT('',(-0.6,-0.585,1.21));
#1159 = VECTOR('',#1160,1.);
#1160 = DIRECTION('',(0.,1.,0.));
#1161 = ORIENTED_EDGE('',*,*,#1162,.F.);
#1162 = EDGE_CURVE('',#1163,#1155,#1165,.T.);
#1163 = VERTEX_POINT('',#1164);
#1164 = CARTESIAN_POINT('',(-0.6,0.585,1.17));
#1165 = CIRCLE('',#1166,4.E-02);
#1166 = AXIS2_PLACEMENT_3D('',#1167,#1168,#1169);
#1167 = CARTESIAN_POINT('',(-0.6,0.545,1.17));
#1168 = DIRECTION('',(1.,0.,-0.));
#1169 = DIRECTION('',(0.,0.,1.));
#1170 = ORIENTED_EDGE('',*,*,#1171,.F.);
#1171 = EDGE_CURVE('',#1172,#1163,#1174,.T.);
#1172 = VERTEX_POINT('',#1173);
#1173 = CARTESIAN_POINT('',(-0.6,0.585,8.E-02));
#1174 = LINE('',#1175,#1176);
#1175 = CARTESIAN_POINT('',(-0.6,0.585,4.E-02));
#1176 = VECTOR('',#1177,1.);
#1177 = DIRECTION('',(0.,0.,1.));
#1178 = ORIENTED_EDGE('',*,*,#1179,.T.);
#1179 = EDGE_CURVE('',#1172,#1180,#1182,.T.);
#1180 = VERTEX_POINT('',#1181);
#1181 = CARTESIAN_POINT('',(-0.6,0.545,4.E-02));
#1182 = CIRCLE('',#1183,4.E-02);
#1183 = AXIS2_PLACEMENT_3D('',#1184,#1185,#1186);
#1184 = CARTESIAN_POINT('',(-0.6,0.545,8.E-02));
#1185 = DIRECTION('',(-1.,0.,0.));
#1186 = DIRECTION('',(0.,0.,1.));
#1187 = ORIENTED_EDGE('',*,*,#1188,.F.);
#1188 = EDGE_CURVE('',#1129,#1180,#1189,.T.);
#1189 = LINE('',#1190,#1191);
#1190 = CARTESIAN_POINT('',(-0.6,-0.585,4.E-02));
#1191 = VECTOR('',#1192,1.);
#1192 = DIRECTION('',(0.,1.,0.));
#1193 = PLANE('',#1194);
#1194 = AXIS2_PLACEMENT_3D('',#1195,#1196,#1197);
#1195 = CARTESIAN_POINT('',(-0.6,-0.625,0.));
#1196 = DIRECTION('',(1.,0.,0.));
#1197 = DIRECTION('',(0.,0.,1.));
#1198 = ADVANCED_FACE('',(#1199),#1225,.T.);
#1199 = FACE_BOUND('',#1200,.T.);
#1200 = EDGE_LOOP('',(#1201,#1202,#1210,#1219));
#1201 = ORIENTED_EDGE('',*,*,#1126,.T.);
#1202 = ORIENTED_EDGE('',*,*,#1203,.T.);
#1203 = EDGE_CURVE('',#1129,#1204,#1206,.T.);
#1204 = VERTEX_POINT('',#1205);
#1205 = CARTESIAN_POINT('',(0.6,-0.545,4.E-02));
#1206 = LINE('',#1207,#1208);
#1207 = CARTESIAN_POINT('',(-0.6,-0.545,4.E-02));
#1208 = VECTOR('',#1209,1.);
#1209 = DIRECTION('',(1.,0.,0.));
#1210 = ORIENTED_EDGE('',*,*,#1211,.F.);
#1211 = EDGE_CURVE('',#1212,#1204,#1214,.T.);
#1212 = VERTEX_POINT('',#1213);
#1213 = CARTESIAN_POINT('',(0.6,-0.585,8.E-02));
#1214 = CIRCLE('',#1215,4.E-02);
#1215 = AXIS2_PLACEMENT_3D('',#1216,#1217,#1218);
#1216 = CARTESIAN_POINT('',(0.6,-0.545,8.E-02));
#1217 = DIRECTION('',(1.,0.,-0.));
#1218 = DIRECTION('',(0.,0.,1.));
#1219 = ORIENTED_EDGE('',*,*,#1220,.F.);
#1220 = EDGE_CURVE('',#1127,#1212,#1221,.T.);
#1221 = LINE('',#1222,#1223);
#1222 = CARTESIAN_POINT('',(-0.6,-0.585,8.E-02));
#1223 = VECTOR('',#1224,1.);
#1224 = DIRECTION('',(1.,0.,0.));
#1225 = CYLINDRICAL_SURFACE('',#1226,4.E-02);
#1226 = AXIS2_PLACEMENT_3D('',#1227,#1228,#1229);
#1227 = CARTESIAN_POINT('',(-0.6,-0.545,8.E-02));
#1228 = DIRECTION('',(1.,0.,0.));
#1229 = DIRECTION('',(0.,-1.,0.));
#1230 = ADVANCED_FACE('',(#1231),#1249,.F.);
#1231 = FACE_BOUND('',#1232,.F.);
#1232 = EDGE_LOOP('',(#1233,#1234,#1235,#1243));
#1233 = ORIENTED_EDGE('',*,*,#1188,.F.);
#1234 = ORIENTED_EDGE('',*,*,#1203,.T.);
#1235 = ORIENTED_EDGE('',*,*,#1236,.T.);
#1236 = EDGE_CURVE('',#1204,#1237,#1239,.T.);
#1237 = VERTEX_POINT('',#1238);
#1238 = CARTESIAN_POINT('',(0.6,0.545,4.E-02));
#1239 = LINE('',#1240,#1241);
#1240 = CARTESIAN_POINT('',(0.6,-0.585,4.E-02));
#1241 = VECTOR('',#1242,1.);
#1242 = DIRECTION('',(0.,1.,0.));
#1243 = ORIENTED_EDGE('',*,*,#1244,.F.);
#1244 = EDGE_CURVE('',#1180,#1237,#1245,.T.);
#1245 = LINE('',#1246,#1247);
#1246 = CARTESIAN_POINT('',(-0.6,0.545,4.E-02));
#1247 = VECTOR('',#1248,1.);
#1248 = DIRECTION('',(1.,0.,0.));
#1249 = PLANE('',#1250);
#1250 = AXIS2_PLACEMENT_3D('',#1251,#1252,#1253);
#1251 = CARTESIAN_POINT('',(-0.6,-0.585,4.E-02));
#1252 = DIRECTION('',(0.,0.,1.));
#1253 = DIRECTION('',(1.,0.,-0.));
#1254 = ADVANCED_FACE('',(#1255),#1274,.T.);
#1255 = FACE_BOUND('',#1256,.T.);
#1256 = EDGE_LOOP('',(#1257,#1265,#1272,#1273));
#1257 = ORIENTED_EDGE('',*,*,#1258,.T.);
#1258 = EDGE_CURVE('',#1172,#1259,#1261,.T.);
#1259 = VERTEX_POINT('',#1260);
#1260 = CARTESIAN_POINT('',(0.6,0.585,8.E-02));
#1261 = LINE('',#1262,#1263);
#1262 = CARTESIAN_POINT('',(-0.6,0.585,8.E-02));
#1263 = VECTOR('',#1264,1.);
#1264 = DIRECTION('',(1.,0.,0.));
#1265 = ORIENTED_EDGE('',*,*,#1266,.T.);
#1266 = EDGE_CURVE('',#1259,#1237,#1267,.T.);
#1267 = CIRCLE('',#1268,4.E-02);
#1268 = AXIS2_PLACEMENT_3D('',#1269,#1270,#1271);
#1269 = CARTESIAN_POINT('',(0.6,0.545,8.E-02));
#1270 = DIRECTION('',(-1.,0.,0.));
#1271 = DIRECTION('',(0.,0.,1.));
#1272 = ORIENTED_EDGE('',*,*,#1244,.F.);
#1273 = ORIENTED_EDGE('',*,*,#1179,.F.);
#1274 = CYLINDRICAL_SURFACE('',#1275,4.E-02);
#1275 = AXIS2_PLACEMENT_3D('',#1276,#1277,#1278);
#1276 = CARTESIAN_POINT('',(-0.6,0.545,8.E-02));
#1277 = DIRECTION('',(1.,0.,0.));
#1278 = DIRECTION('',(-0.,1.,0.));
#1279 = ADVANCED_FACE('',(#1280),#1298,.T.);
#1280 = FACE_BOUND('',#1281,.T.);
#1281 = EDGE_LOOP('',(#1282,#1290,#1291,#1292));
#1282 = ORIENTED_EDGE('',*,*,#1283,.F.);
#1283 = EDGE_CURVE('',#1259,#1284,#1286,.T.);
#1284 = VERTEX_POINT('',#1285);
#1285 = CARTESIAN_POINT('',(0.6,0.585,1.17));
#1286 = LINE('',#1287,#1288);
#1287 = CARTESIAN_POINT('',(0.6,0.585,4.E-02));
#1288 = VECTOR('',#1289,1.);
#1289 = DIRECTION('',(0.,0.,1.));
#1290 = ORIENTED_EDGE('',*,*,#1258,.F.);
#1291 = ORIENTED_EDGE('',*,*,#1171,.T.);
#1292 = ORIENTED_EDGE('',*,*,#1293,.T.);
#1293 = EDGE_CURVE('',#1163,#1284,#1294,.T.);
#1294 = LINE('',#1295,#1296);
#1295 = CARTESIAN_POINT('',(-0.6,0.585,1.17));
#1296 = VECTOR('',#1297,1.);
#1297 = DIRECTION('',(1.,0.,0.));
#1298 = PLANE('',#1299);
#1299 = AXIS2_PLACEMENT_3D('',#1300,#1301,#1302);
#1300 = CARTESIAN_POINT('',(-0.6,0.585,4.E-02));
#1301 = DIRECTION('',(0.,1.,0.));
#1302 = DIRECTION('',(0.,-0.,1.));
#1303 = ADVANCED_FACE('',(#1304),#1323,.T.);
#1304 = FACE_BOUND('',#1305,.T.);
#1305 = EDGE_LOOP('',(#1306,#1307,#1315,#1322));
#1306 = ORIENTED_EDGE('',*,*,#1162,.T.);
#1307 = ORIENTED_EDGE('',*,*,#1308,.T.);
#1308 = EDGE_CURVE('',#1155,#1309,#1311,.T.);
#1309 = VERTEX_POINT('',#1310);
#1310 = CARTESIAN_POINT('',(0.6,0.545,1.21));
#1311 = LINE('',#1312,#1313);
#1312 = CARTESIAN_POINT('',(-0.6,0.545,1.21));
#1313 = VECTOR('',#1314,1.);
#1314 = DIRECTION('',(1.,0.,0.));
#1315 = ORIENTED_EDGE('',*,*,#1316,.F.);
#1316 = EDGE_CURVE('',#1284,#1309,#1317,.T.);
#1317 = CIRCLE('',#1318,4.E-02);
#1318 = AXIS2_PLACEMENT_3D('',#1319,#1320,#1321);
#1319 = CARTESIAN_POINT('',(0.6,0.545,1.17));
#1320 = DIRECTION('',(1.,0.,-0.));
#1321 = DIRECTION('',(0.,0.,1.));
#1322 = ORIENTED_EDGE('',*,*,#1293,.F.);
#1323 = CYLINDRICAL_SURFACE('',#1324,4.E-02);
#1324 = AXIS2_PLACEMENT_3D('',#1325,#1326,#1327);
#1325 = CARTESIAN_POINT('',(-0.6,0.545,1.17));
#1326 = DIRECTION('',(1.,0.,0.));
#1327 = DIRECTION('',(-0.,1.,0.));
#1328 = ADVANCED_FACE('',(#1329),#1347,.T.);
#1329 = FACE_BOUND('',#1330,.T.);
#1330 = EDGE_LOOP('',(#1331,#1332,#1340,#1346));
#1331 = ORIENTED_EDGE('',*,*,#1154,.F.);
#1332 = ORIENTED_EDGE('',*,*,#1333,.T.);
#1333 = EDGE_CURVE('',#1146,#1334,#1336,.T.);
#1334 = VERTEX_POINT('',#1335);
#1335 = CARTESIAN_POINT('',(0.6,-0.545,1.21));
#1336 = LINE('',#1337,#1338);
#1337 = CARTESIAN_POINT('',(-0.6,-0.545,1.21));
#1338 = VECTOR('',#1339,1.);
#1339 = DIRECTION('',(1.,0.,0.));
#1340 = ORIENTED_EDGE('',*,*,#1341,.T.);
#1341 = EDGE_CURVE('',#1334,#1309,#1342,.T.);
#1342 = LINE('',#1343,#1344);
#1343 = CARTESIAN_POINT('',(0.6,-0.585,1.21));
#1344 = VECTOR('',#1345,1.);
#1345 = DIRECTION('',(0.,1.,0.));
#1346 = ORIENTED_EDGE('',*,*,#1308,.F.);
#1347 = PLANE('',#1348);
#1348 = AXIS2_PLACEMENT_3D('',#1349,#1350,#1351);
#1349 = CARTESIAN_POINT('',(-0.6,-0.585,1.21));
#1350 = DIRECTION('',(0.,0.,1.));
#1351 = DIRECTION('',(1.,0.,-0.));
#1352 = ADVANCED_FACE('',(#1353),#1372,.T.);
#1353 = FACE_BOUND('',#1354,.T.);
#1354 = EDGE_LOOP('',(#1355,#1363,#1370,#1371));
#1355 = ORIENTED_EDGE('',*,*,#1356,.T.);
#1356 = EDGE_CURVE('',#1138,#1357,#1359,.T.);
#1357 = VERTEX_POINT('',#1358);
#1358 = CARTESIAN_POINT('',(0.6,-0.585,1.17));
#1359 = LINE('',#1360,#1361);
#1360 = CARTESIAN_POINT('',(-0.6,-0.585,1.17));
#1361 = VECTOR('',#1362,1.);
#1362 = DIRECTION('',(1.,0.,0.));
#1363 = ORIENTED_EDGE('',*,*,#1364,.T.);
#1364 = EDGE_CURVE('',#1357,#1334,#1365,.T.);
#1365 = CIRCLE('',#1366,4.E-02);
#1366 = AXIS2_PLACEMENT_3D('',#1367,#1368,#1369);
#1367 = CARTESIAN_POINT('',(0.6,-0.545,1.17));
#1368 = DIRECTION('',(-1.,0.,0.));
#1369 = DIRECTION('',(0.,0.,1.));
#1370 = ORIENTED_EDGE('',*,*,#1333,.F.);
#1371 = ORIENTED_EDGE('',*,*,#1145,.F.);
#1372 = CYLINDRICAL_SURFACE('',#1373,4.E-02);
#1373 = AXIS2_PLACEMENT_3D('',#1374,#1375,#1376);
#1374 = CARTESIAN_POINT('',(-0.6,-0.545,1.17));
#1375 = DIRECTION('',(1.,0.,0.));
#1376 = DIRECTION('',(0.,-1.,0.));
#1377 = ADVANCED_FACE('',(#1378),#1389,.F.);
#1378 = FACE_BOUND('',#1379,.F.);
#1379 = EDGE_LOOP('',(#1380,#1386,#1387,#1388));
#1380 = ORIENTED_EDGE('',*,*,#1381,.F.);
#1381 = EDGE_CURVE('',#1212,#1357,#1382,.T.);
#1382 = LINE('',#1383,#1384);
#1383 = CARTESIAN_POINT('',(0.6,-0.585,4.E-02));
#1384 = VECTOR('',#1385,1.);
#1385 = DIRECTION('',(0.,0.,1.));
#1386 = ORIENTED_EDGE('',*,*,#1220,.F.);
#1387 = ORIENTED_EDGE('',*,*,#1137,.T.);
#1388 = ORIENTED_EDGE('',*,*,#1356,.T.);
#1389 = PLANE('',#1390);
#1390 = AXIS2_PLACEMENT_3D('',#1391,#1392,#1393);
#1391 = CARTESIAN_POINT('',(-0.6,-0.585,4.E-02));
#1392 = DIRECTION('',(0.,1.,0.));
#1393 = DIRECTION('',(0.,-0.,1.));
#1394 = ADVANCED_FACE('',(#1395,#1465),#1475,.F.);
#1395 = FACE_BOUND('',#1396,.F.);
#1396 = EDGE_LOOP('',(#1397,#1407,#1416,#1424,#1433,#1441,#1450,#1458));
#1397 = ORIENTED_EDGE('',*,*,#1398,.F.);
#1398 = EDGE_CURVE('',#1399,#1401,#1403,.T.);
#1399 = VERTEX_POINT('',#1400);
#1400 = CARTESIAN_POINT('',(0.6,-0.625,4.E-02));
#1401 = VERTEX_POINT('',#1402);
#1402 = CARTESIAN_POINT('',(0.6,-0.625,1.21));
#1403 = LINE('',#1404,#1405);
#1404 = CARTESIAN_POINT('',(0.6,-0.625,0.));
#1405 = VECTOR('',#1406,1.);
#1406 = DIRECTION('',(0.,0.,1.));
#1407 = ORIENTED_EDGE('',*,*,#1408,.T.);
#1408 = EDGE_CURVE('',#1399,#1409,#1411,.T.);
#1409 = VERTEX_POINT('',#1410);
#1410 = CARTESIAN_POINT('',(0.6,-0.585,0.));
#1411 = CIRCLE('',#1412,4.E-02);
#1412 = AXIS2_PLACEMENT_3D('',#1413,#1414,#1415);
#1413 = CARTESIAN_POINT('',(0.6,-0.585,4.E-02));
#1414 = DIRECTION('',(1.,0.,-0.));
#1415 = DIRECTION('',(0.,0.,1.));
#1416 = ORIENTED_EDGE('',*,*,#1417,.T.);
#1417 = EDGE_CURVE('',#1409,#1418,#1420,.T.);
#1418 = VERTEX_POINT('',#1419);
#1419 = CARTESIAN_POINT('',(0.6,0.585,0.));
#1420 = LINE('',#1421,#1422);
#1421 = CARTESIAN_POINT('',(0.6,-0.625,0.));
#1422 = VECTOR('',#1423,1.);
#1423 = DIRECTION('',(0.,1.,0.));
#1424 = ORIENTED_EDGE('',*,*,#1425,.F.);
#1425 = EDGE_CURVE('',#1426,#1418,#1428,.T.);
#1426 = VERTEX_POINT('',#1427);
#1427 = CARTESIAN_POINT('',(0.6,0.625,4.E-02));
#1428 = CIRCLE('',#1429,4.E-02);
#1429 = AXIS2_PLACEMENT_3D('',#1430,#1431,#1432);
#1430 = CARTESIAN_POINT('',(0.6,0.585,4.E-02));
#1431 = DIRECTION('',(-1.,0.,0.));
#1432 = DIRECTION('',(0.,0.,1.));
#1433 = ORIENTED_EDGE('',*,*,#1434,.T.);
#1434 = EDGE_CURVE('',#1426,#1435,#1437,.T.);
#1435 = VERTEX_POINT('',#1436);
#1436 = CARTESIAN_POINT('',(0.6,0.625,1.21));
#1437 = LINE('',#1438,#1439);
#1438 = CARTESIAN_POINT('',(0.6,0.625,0.));
#1439 = VECTOR('',#1440,1.);
#1440 = DIRECTION('',(0.,0.,1.));
#1441 = ORIENTED_EDGE('',*,*,#1442,.T.);
#1442 = EDGE_CURVE('',#1435,#1443,#1445,.T.);
#1443 = VERTEX_POINT('',#1444);
#1444 = CARTESIAN_POINT('',(0.6,0.585,1.25));
#1445 = CIRCLE('',#1446,4.E-02);
#1446 = AXIS2_PLACEMENT_3D('',#1447,#1448,#1449);
#1447 = CARTESIAN_POINT('',(0.6,0.585,1.21));
#1448 = DIRECTION('',(1.,0.,-0.));
#1449 = DIRECTION('',(0.,0.,1.));
#1450 = ORIENTED_EDGE('',*,*,#1451,.F.);
#1451 = EDGE_CURVE('',#1452,#1443,#1454,.T.);
#1452 = VERTEX_POINT('',#1453);
#1453 = CARTESIAN_POINT('',(0.6,-0.585,1.25));
#1454 = LINE('',#1455,#1456);
#1455 = CARTESIAN_POINT('',(0.6,-0.625,1.25));
#1456 = VECTOR('',#1457,1.);
#1457 = DIRECTION('',(0.,1.,0.));
#1458 = ORIENTED_EDGE('',*,*,#1459,.F.);
#1459 = EDGE_CURVE('',#1401,#1452,#1460,.T.);
#1460 = CIRCLE('',#1461,4.E-02);
#1461 = AXIS2_PLACEMENT_3D('',#1462,#1463,#1464);
#1462 = CARTESIAN_POINT('',(0.6,-0.585,1.21));
#1463 = DIRECTION('',(-1.,0.,0.));
#1464 = DIRECTION('',(0.,0.,1.));
#1465 = FACE_BOUND('',#1466,.F.);
#1466 = EDGE_LOOP('',(#1467,#1468,#1469,#1470,#1471,#1472,#1473,#1474));
#1467 = ORIENTED_EDGE('',*,*,#1211,.F.);
#1468 = ORIENTED_EDGE('',*,*,#1381,.T.);
#1469 = ORIENTED_EDGE('',*,*,#1364,.T.);
#1470 = ORIENTED_EDGE('',*,*,#1341,.T.);
#1471 = ORIENTED_EDGE('',*,*,#1316,.F.);
#1472 = ORIENTED_EDGE('',*,*,#1283,.F.);
#1473 = ORIENTED_EDGE('',*,*,#1266,.T.);
#1474 = ORIENTED_EDGE('',*,*,#1236,.F.);
#1475 = PLANE('',#1476);
#1476 = AXIS2_PLACEMENT_3D('',#1477,#1478,#1479);
#1477 = CARTESIAN_POINT('',(0.6,-0.625,0.));
#1478 = DIRECTION('',(1.,0.,0.));
#1479 = DIRECTION('',(0.,0.,1.));
#1480 = ADVANCED_FACE('',(#1481),#1506,.F.);
#1481 = FACE_BOUND('',#1482,.F.);
#1482 = EDGE_LOOP('',(#1483,#1493,#1499,#1500));
#1483 = ORIENTED_EDGE('',*,*,#1484,.F.);
#1484 = EDGE_CURVE('',#1485,#1487,#1489,.T.);
#1485 = VERTEX_POINT('',#1486);
#1486 = CARTESIAN_POINT('',(1.,-0.625,4.E-02));
#1487 = VERTEX_POINT('',#1488);
#1488 = CARTESIAN_POINT('',(1.,-0.625,1.21));
#1489 = LINE('',#1490,#1491);
#1490 = CARTESIAN_POINT('',(1.,-0.625,0.));
#1491 = VECTOR('',#1492,1.);
#1492 = DIRECTION('',(0.,0.,1.));
#1493 = ORIENTED_EDGE('',*,*,#1494,.F.);
#1494 = EDGE_CURVE('',#1399,#1485,#1495,.T.);
#1495 = LINE('',#1496,#1497);
#1496 = CARTESIAN_POINT('',(0.6,-0.625,4.E-02));
#1497 = VECTOR('',#1498,1.);
#1498 = DIRECTION('',(1.,0.,0.));
#1499 = ORIENTED_EDGE('',*,*,#1398,.T.);
#1500 = ORIENTED_EDGE('',*,*,#1501,.T.);
#1501 = EDGE_CURVE('',#1401,#1487,#1502,.T.);
#1502 = LINE('',#1503,#1504);
#1503 = CARTESIAN_POINT('',(0.6,-0.625,1.21));
#1504 = VECTOR('',#1505,1.);
#1505 = DIRECTION('',(1.,0.,0.));
#1506 = PLANE('',#1507);
#1507 = AXIS2_PLACEMENT_3D('',#1508,#1509,#1510);
#1508 = CARTESIAN_POINT('',(0.6,-0.625,0.));
#1509 = DIRECTION('',(0.,1.,0.));
#1510 = DIRECTION('',(0.,-0.,1.));
#1511 = ADVANCED_FACE('',(#1512),#1531,.T.);
#1512 = FACE_BOUND('',#1513,.T.);
#1513 = EDGE_LOOP('',(#1514,#1515,#1523,#1530));
#1514 = ORIENTED_EDGE('',*,*,#1408,.T.);
#1515 = ORIENTED_EDGE('',*,*,#1516,.T.);
#1516 = EDGE_CURVE('',#1409,#1517,#1519,.T.);
#1517 = VERTEX_POINT('',#1518);
#1518 = CARTESIAN_POINT('',(1.,-0.585,0.));
#1519 = LINE('',#1520,#1521);
#1520 = CARTESIAN_POINT('',(0.6,-0.585,0.));
#1521 = VECTOR('',#1522,1.);
#1522 = DIRECTION('',(1.,0.,0.));
#1523 = ORIENTED_EDGE('',*,*,#1524,.F.);
#1524 = EDGE_CURVE('',#1485,#1517,#1525,.T.);
#1525 = CIRCLE('',#1526,4.E-02);
#1526 = AXIS2_PLACEMENT_3D('',#1527,#1528,#1529);
#1527 = CARTESIAN_POINT('',(1.,-0.585,4.E-02));
#1528 = DIRECTION('',(1.,0.,-0.));
#1529 = DIRECTION('',(0.,0.,1.));
#1530 = ORIENTED_EDGE('',*,*,#1494,.F.);
#1531 = CYLINDRICAL_SURFACE('',#1532,4.E-02);
#1532 = AXIS2_PLACEMENT_3D('',#1533,#1534,#1535);
#1533 = CARTESIAN_POINT('',(0.6,-0.585,4.E-02));
#1534 = DIRECTION('',(1.,0.,0.));
#1535 = DIRECTION('',(0.,-1.,0.));
#1536 = ADVANCED_FACE('',(#1537),#1556,.T.);
#1537 = FACE_BOUND('',#1538,.T.);
#1538 = EDGE_LOOP('',(#1539,#1540,#1549,#1555));
#1539 = ORIENTED_EDGE('',*,*,#1501,.T.);
#1540 = ORIENTED_EDGE('',*,*,#1541,.T.);
#1541 = EDGE_CURVE('',#1487,#1542,#1544,.T.);
#1542 = VERTEX_POINT('',#1543);
#1543 = CARTESIAN_POINT('',(1.,-0.585,1.25));
#1544 = CIRCLE('',#1545,4.E-02);
#1545 = AXIS2_PLACEMENT_3D('',#1546,#1547,#1548);
#1546 = CARTESIAN_POINT('',(1.,-0.585,1.21));
#1547 = DIRECTION('',(-1.,0.,0.));
#1548 = DIRECTION('',(0.,0.,1.));
#1549 = ORIENTED_EDGE('',*,*,#1550,.F.);
#1550 = EDGE_CURVE('',#1452,#1542,#1551,.T.);
#1551 = LINE('',#1552,#1553);
#1552 = CARTESIAN_POINT('',(0.6,-0.585,1.25));
#1553 = VECTOR('',#1554,1.);
#1554 = DIRECTION('',(1.,0.,0.));
#1555 = ORIENTED_EDGE('',*,*,#1459,.F.);
#1556 = CYLINDRICAL_SURFACE('',#1557,4.E-02);
#1557 = AXIS2_PLACEMENT_3D('',#1558,#1559,#1560);
#1558 = CARTESIAN_POINT('',(0.6,-0.585,1.21));
#1559 = DIRECTION('',(1.,0.,0.));
#1560 = DIRECTION('',(0.,-1.,0.));
#1561 = ADVANCED_FACE('',(#1562),#1580,.F.);
#1562 = FACE_BOUND('',#1563,.F.);
#1563 = EDGE_LOOP('',(#1564,#1565,#1566,#1574));
#1564 = ORIENTED_EDGE('',*,*,#1417,.F.);
#1565 = ORIENTED_EDGE('',*,*,#1516,.T.);
#1566 = ORIENTED_EDGE('',*,*,#1567,.T.);
#1567 = EDGE_CURVE('',#1517,#1568,#1570,.T.);
#1568 = VERTEX_POINT('',#1569);
#1569 = CARTESIAN_POINT('',(1.,0.585,0.));
#1570 = LINE('',#1571,#1572);
#1571 = CARTESIAN_POINT('',(1.,-0.625,0.));
#1572 = VECTOR('',#1573,1.);
#1573 = DIRECTION('',(0.,1.,0.));
#1574 = ORIENTED_EDGE('',*,*,#1575,.F.);
#1575 = EDGE_CURVE('',#1418,#1568,#1576,.T.);
#1576 = LINE('',#1577,#1578);
#1577 = CARTESIAN_POINT('',(0.6,0.585,0.));
#1578 = VECTOR('',#1579,1.);
#1579 = DIRECTION('',(1.,0.,0.));
#1580 = PLANE('',#1581);
#1581 = AXIS2_PLACEMENT_3D('',#1582,#1583,#1584);
#1582 = CARTESIAN_POINT('',(0.6,-0.625,0.));
#1583 = DIRECTION('',(0.,0.,1.));
#1584 = DIRECTION('',(1.,0.,-0.));
#1585 = ADVANCED_FACE('',(#1586),#1604,.T.);
#1586 = FACE_BOUND('',#1587,.T.);
#1587 = EDGE_LOOP('',(#1588,#1589,#1590,#1598));
#1588 = ORIENTED_EDGE('',*,*,#1451,.F.);
#1589 = ORIENTED_EDGE('',*,*,#1550,.T.);
#1590 = ORIENTED_EDGE('',*,*,#1591,.T.);
#1591 = EDGE_CURVE('',#1542,#1592,#1594,.T.);
#1592 = VERTEX_POINT('',#1593);
#1593 = CARTESIAN_POINT('',(1.,0.585,1.25));
#1594 = LINE('',#1595,#1596);
#1595 = CARTESIAN_POINT('',(1.,-0.625,1.25));
#1596 = VECTOR('',#1597,1.);
#1597 = DIRECTION('',(0.,1.,0.));
#1598 = ORIENTED_EDGE('',*,*,#1599,.F.);
#1599 = EDGE_CURVE('',#1443,#1592,#1600,.T.);
#1600 = LINE('',#1601,#1602);
#1601 = CARTESIAN_POINT('',(0.6,0.585,1.25));
#1602 = VECTOR('',#1603,1.);
#1603 = DIRECTION('',(1.,0.,0.));
#1604 = PLANE('',#1605);
#1605 = AXIS2_PLACEMENT_3D('',#1606,#1607,#1608);
#1606 = CARTESIAN_POINT('',(0.6,-0.625,1.25));
#1607 = DIRECTION('',(0.,0.,1.));
#1608 = DIRECTION('',(1.,0.,-0.));
#1609 = ADVANCED_FACE('',(#1610),#1629,.T.);
#1610 = FACE_BOUND('',#1611,.T.);
#1611 = EDGE_LOOP('',(#1612,#1620,#1627,#1628));
#1612 = ORIENTED_EDGE('',*,*,#1613,.T.);
#1613 = EDGE_CURVE('',#1426,#1614,#1616,.T.);
#1614 = VERTEX_POINT('',#1615);
#1615 = CARTESIAN_POINT('',(1.,0.625,4.E-02));
#1616 = LINE('',#1617,#1618);
#1617 = CARTESIAN_POINT('',(0.6,0.625,4.E-02));
#1618 = VECTOR('',#1619,1.);
#1619 = DIRECTION('',(1.,0.,0.));
#1620 = ORIENTED_EDGE('',*,*,#1621,.T.);
#1621 = EDGE_CURVE('',#1614,#1568,#1622,.T.);
#1622 = CIRCLE('',#1623,4.E-02);
#1623 = AXIS2_PLACEMENT_3D('',#1624,#1625,#1626);
#1624 = CARTESIAN_POINT('',(1.,0.585,4.E-02));
#1625 = DIRECTION('',(-1.,0.,0.));
#1626 = DIRECTION('',(0.,0.,1.));
#1627 = ORIENTED_EDGE('',*,*,#1575,.F.);
#1628 = ORIENTED_EDGE('',*,*,#1425,.F.);
#1629 = CYLINDRICAL_SURFACE('',#1630,4.E-02);
#1630 = AXIS2_PLACEMENT_3D('',#1631,#1632,#1633);
#1631 = CARTESIAN_POINT('',(0.6,0.585,4.E-02));
#1632 = DIRECTION('',(1.,0.,0.));
#1633 = DIRECTION('',(-0.,1.,0.));
#1634 = ADVANCED_FACE('',(#1635),#1654,.T.);
#1635 = FACE_BOUND('',#1636,.T.);
#1636 = EDGE_LOOP('',(#1637,#1638,#1639,#1648));
#1637 = ORIENTED_EDGE('',*,*,#1442,.T.);
#1638 = ORIENTED_EDGE('',*,*,#1599,.T.);
#1639 = ORIENTED_EDGE('',*,*,#1640,.F.);
#1640 = EDGE_CURVE('',#1641,#1592,#1643,.T.);
#1641 = VERTEX_POINT('',#1642);
#1642 = CARTESIAN_POINT('',(1.,0.625,1.21));
#1643 = CIRCLE('',#1644,4.E-02);
#1644 = AXIS2_PLACEMENT_3D('',#1645,#1646,#1647);
#1645 = CARTESIAN_POINT('',(1.,0.585,1.21));
#1646 = DIRECTION('',(1.,0.,-0.));
#1647 = DIRECTION('',(0.,0.,1.));
#1648 = ORIENTED_EDGE('',*,*,#1649,.F.);
#1649 = EDGE_CURVE('',#1435,#1641,#1650,.T.);
#1650 = LINE('',#1651,#1652);
#1651 = CARTESIAN_POINT('',(0.6,0.625,1.21));
#1652 = VECTOR('',#1653,1.);
#1653 = DIRECTION('',(1.,0.,0.));
#1654 = CYLINDRICAL_SURFACE('',#1655,4.E-02);
#1655 = AXIS2_PLACEMENT_3D('',#1656,#1657,#1658);
#1656 = CARTESIAN_POINT('',(0.6,0.585,1.21));
#1657 = DIRECTION('',(1.,0.,0.));
#1658 = DIRECTION('',(-0.,1.,0.));
#1659 = ADVANCED_FACE('',(#1660),#1671,.T.);
#1660 = FACE_BOUND('',#1661,.T.);
#1661 = EDGE_LOOP('',(#1662,#1668,#1669,#1670));
#1662 = ORIENTED_EDGE('',*,*,#1663,.F.);
#1663 = EDGE_CURVE('',#1614,#1641,#1664,.T.);
#1664 = LINE('',#1665,#1666);
#1665 = CARTESIAN_POINT('',(1.,0.625,0.));
#1666 = VECTOR('',#1667,1.);
#1667 = DIRECTION('',(0.,0.,1.));
#1668 = ORIENTED_EDGE('',*,*,#1613,.F.);
#1669 = ORIENTED_EDGE('',*,*,#1434,.T.);
#1670 = ORIENTED_EDGE('',*,*,#1649,.T.);
#1671 = PLANE('',#1672);
#1672 = AXIS2_PLACEMENT_3D('',#1673,#1674,#1675);
#1673 = CARTESIAN_POINT('',(0.6,0.625,0.));
#1674 = DIRECTION('',(0.,1.,0.));
#1675 = DIRECTION('',(0.,-0.,1.));
#1676 = ADVANCED_FACE('',(#1677),#1687,.T.);
#1677 = FACE_BOUND('',#1678,.T.);
#1678 = EDGE_LOOP('',(#1679,#1680,#1681,#1682,#1683,#1684,#1685,#1686));
#1679 = ORIENTED_EDGE('',*,*,#1484,.F.);
#1680 = ORIENTED_EDGE('',*,*,#1524,.T.);
#1681 = ORIENTED_EDGE('',*,*,#1567,.T.);
#1682 = ORIENTED_EDGE('',*,*,#1621,.F.);
#1683 = ORIENTED_EDGE('',*,*,#1663,.T.);
#1684 = ORIENTED_EDGE('',*,*,#1640,.T.);
#1685 = ORIENTED_EDGE('',*,*,#1591,.F.);
#1686 = ORIENTED_EDGE('',*,*,#1541,.F.);
#1687 = PLANE('',#1688);
#1688 = AXIS2_PLACEMENT_3D('',#1689,#1690,#1691);
#1689 = CARTESIAN_POINT('',(1.,-0.625,0.));
#1690 = DIRECTION('',(1.,0.,0.));
#1691 = DIRECTION('',(0.,0.,1.));
#1692 = ( GEOMETRIC_REPRESENTATION_CONTEXT(3) 
GLOBAL_UNCERTAINTY_ASSIGNED_CONTEXT((#1696)) 
GLOBAL_UNIT_ASSIGNED_CONTEXT((#1693,#1694,#1695)) REPRESENTATION_CONTEXT
('Context #1','3D Context with UNIT and UNCERTAINTY') );
#1693 = ( LENGTH_UNIT() NAMED_UNIT(*) SI_UNIT(.MILLI.,.METRE.) );
#1694 = ( NAMED_UNIT(*) PLANE_ANGLE_UNIT() SI_UNIT($,.RADIAN.) );
#1695 = ( NAMED_UNIT(*) SI_UNIT($,.STERADIAN.) SOLID_ANGLE_UNIT() );
#1696 = UNCERTAINTY_MEASURE_WITH_UNIT(LENGTH_MEASURE(1.E-07),#1693,
  'distance_accuracy_value','confusion accuracy');
#1697 = CONTEXT_DEPENDENT_SHAPE_REPRESENTATION(#1698,#1700);
#1698 = ( REPRESENTATION_RELATIONSHIP('','',#837,#10) 
REPRESENTATION_RELATIONSHIP_WITH_TRANSFORMATION(#1699) 
SHAPE_REPRESENTATION_RELATIONSHIP() );
#1699 = ITEM_DEFINED_TRANSFORMATION('','',#11,#19);
#1700 = PRODUCT_DEFINITION_SHAPE('Placement','Placement of an item',
  #1701);
#1701 = NEXT_ASSEMBLY_USAGE_OCCURRENCE('2','C4','',#5,#832,$);
#1702 = PRODUCT_RELATED_PRODUCT_CATEGORY('part',$,(#834));
#1703 = CONTEXT_DEPENDENT_SHAPE_REPRESENTATION(#1704,#1706);
#1704 = ( REPRESENTATION_RELATIONSHIP('','',#837,#10) 
REPRESENTATION_RELATIONSHIP_WITH_TRANSFORMATION(#1705) 
SHAPE_REPRESENTATION_RELATIONSHIP() );
#1705 = ITEM_DEFINED_TRANSFORMATION('','',#11,#23);
#1706 = PRODUCT_DEFINITION_SHAPE('Placement','Placement of an item',
  #1707);
#1707 = NEXT_ASSEMBLY_USAGE_OCCURRENCE('3','C3','',#5,#832,$);
#1708 = SHAPE_DEFINITION_REPRESENTATION(#1709,#1715);
#1709 = PRODUCT_DEFINITION_SHAPE('','',#1710);
#1710 = PRODUCT_DEFINITION('design','',#1711,#1714);
#1711 = PRODUCT_DEFINITION_FORMATION('','',#1712);
#1712 = PRODUCT('LED_0201_0603Metric','LED_0201_0603Metric','',(#1713));
#1713 = PRODUCT_CONTEXT('',#2,'mechanical');
#1714 = PRODUCT_DEFINITION_CONTEXT('part definition',#2,'design');
#1715 = ADVANCED_BREP_SHAPE_REPRESENTATION('',(#11,#1716),#2355);
#1716 = MANIFOLD_SOLID_BREP('',#1717);
#1717 = CLOSED_SHELL('',(#1718,#1758,#1789,#1907,#1938,#1962,#1979,#2003
    ,#2034,#2058,#2082,#2099,#2130,#2154,#2178,#2195,#2226,#2250,#2267,
    #2291,#2308,#2320,#2332,#2344));
#1718 = ADVANCED_FACE('',(#1719),#1753,.F.);
#1719 = FACE_BOUND('',#1720,.F.);
#1720 = EDGE_LOOP('',(#1721,#1731,#1739,#1747));
#1721 = ORIENTED_EDGE('',*,*,#1722,.F.);
#1722 = EDGE_CURVE('',#1723,#1725,#1727,.T.);
#1723 = VERTEX_POINT('',#1724);
#1724 = CARTESIAN_POINT('',(-0.325,-0.175,1.7E-02));
#1725 = VERTEX_POINT('',#1726);
#1726 = CARTESIAN_POINT('',(-0.325,-0.175,0.107));
#1727 = LINE('',#1728,#1729);
#1728 = CARTESIAN_POINT('',(-0.325,-0.175,1.7E-02));
#1729 = VECTOR('',#1730,1.);
#1730 = DIRECTION('',(0.,0.,1.));
#1731 = ORIENTED_EDGE('',*,*,#1732,.T.);
#1732 = EDGE_CURVE('',#1723,#1733,#1735,.T.);
#1733 = VERTEX_POINT('',#1734);
#1734 = CARTESIAN_POINT('',(-0.325,0.175,1.7E-02));
#1735 = LINE('',#1736,#1737);
#1736 = CARTESIAN_POINT('',(-0.325,-0.175,1.7E-02));
#1737 = VECTOR('',#1738,1.);
#1738 = DIRECTION('',(0.,1.,0.));
#1739 = ORIENTED_EDGE('',*,*,#1740,.T.);
#1740 = EDGE_CURVE('',#1733,#1741,#1743,.T.);
#1741 = VERTEX_POINT('',#1742);
#1742 = CARTESIAN_POINT('',(-0.325,0.175,0.107));
#1743 = LINE('',#1744,#1745);
#1744 = CARTESIAN_POINT('',(-0.325,0.175,1.7E-02));
#1745 = VECTOR('',#1746,1.);
#1746 = DIRECTION('',(0.,0.,1.));
#1747 = ORIENTED_EDGE('',*,*,#1748,.T.);
#1748 = EDGE_CURVE('',#1741,#1725,#1749,.T.);
#1749 = LINE('',#1750,#1751);
#1750 = CARTESIAN_POINT('',(-0.325,0.175,0.107));
#1751 = VECTOR('',#1752,1.);
#1752 = DIRECTION('',(0.,-1.,0.));
#1753 = PLANE('',#1754);
#1754 = AXIS2_PLACEMENT_3D('',#1755,#1756,#1757);
#1755 = CARTESIAN_POINT('',(-0.325,-0.175,1.7E-02));
#1756 = DIRECTION('',(1.,0.,0.));
#1757 = DIRECTION('',(0.,0.,1.));
#1758 = ADVANCED_FACE('',(#1759),#1784,.F.);
#1759 = FACE_BOUND('',#1760,.F.);
#1760 = EDGE_LOOP('',(#1761,#1769,#1770,#1778));
#1761 = ORIENTED_EDGE('',*,*,#1762,.F.);
#1762 = EDGE_CURVE('',#1723,#1763,#1765,.T.);
#1763 = VERTEX_POINT('',#1764);
#1764 = CARTESIAN_POINT('',(0.325,-0.175,1.7E-02));
#1765 = LINE('',#1766,#1767);
#1766 = CARTESIAN_POINT('',(-0.325,-0.175,1.7E-02));
#1767 = VECTOR('',#1768,1.);
#1768 = DIRECTION('',(1.,0.,0.));
#1769 = ORIENTED_EDGE('',*,*,#1722,.T.);
#1770 = ORIENTED_EDGE('',*,*,#1771,.F.);
#1771 = EDGE_CURVE('',#1772,#1725,#1774,.T.);
#1772 = VERTEX_POINT('',#1773);
#1773 = CARTESIAN_POINT('',(0.325,-0.175,0.107));
#1774 = LINE('',#1775,#1776);
#1775 = CARTESIAN_POINT('',(0.325,-0.175,0.107));
#1776 = VECTOR('',#1777,1.);
#1777 = DIRECTION('',(-1.,0.,0.));
#1778 = ORIENTED_EDGE('',*,*,#1779,.F.);
#1779 = EDGE_CURVE('',#1763,#1772,#1780,.T.);
#1780 = LINE('',#1781,#1782);
#1781 = CARTESIAN_POINT('',(0.325,-0.175,1.7E-02));
#1782 = VECTOR('',#1783,1.);
#1783 = DIRECTION('',(0.,0.,1.));
#1784 = PLANE('',#1785);
#1785 = AXIS2_PLACEMENT_3D('',#1786,#1787,#1788);
#1786 = CARTESIAN_POINT('',(-0.325,-0.175,1.7E-02));
#1787 = DIRECTION('',(0.,1.,0.));
#1788 = DIRECTION('',(0.,-0.,1.));
#1789 = ADVANCED_FACE('',(#1790,#1808,#1842,#1876),#1902,.F.);
#1790 = FACE_BOUND('',#1791,.F.);
#1791 = EDGE_LOOP('',(#1792,#1793,#1794,#1802));
#1792 = ORIENTED_EDGE('',*,*,#1732,.F.);
#1793 = ORIENTED_EDGE('',*,*,#1762,.T.);
#1794 = ORIENTED_EDGE('',*,*,#1795,.T.);
#1795 = EDGE_CURVE('',#1763,#1796,#1798,.T.);
#1796 = VERTEX_POINT('',#1797);
#1797 = CARTESIAN_POINT('',(0.325,0.175,1.7E-02));
#1798 = LINE('',#1799,#1800);
#1799 = CARTESIAN_POINT('',(0.325,-0.175,1.7E-02));
#1800 = VECTOR('',#1801,1.);
#1801 = DIRECTION('',(0.,1.,0.));
#1802 = ORIENTED_EDGE('',*,*,#1803,.F.);
#1803 = EDGE_CURVE('',#1733,#1796,#1804,.T.);
#1804 = LINE('',#1805,#1806);
#1805 = CARTESIAN_POINT('',(-0.325,0.175,1.7E-02));
#1806 = VECTOR('',#1807,1.);
#1807 = DIRECTION('',(1.,0.,0.));
#1808 = FACE_BOUND('',#1809,.F.);
#1809 = EDGE_LOOP('',(#1810,#1820,#1828,#1836));
#1810 = ORIENTED_EDGE('',*,*,#1811,.T.);
#1811 = EDGE_CURVE('',#1812,#1814,#1816,.T.);
#1812 = VERTEX_POINT('',#1813);
#1813 = CARTESIAN_POINT('',(0.105,0.125,1.7E-02));
#1814 = VERTEX_POINT('',#1815);
#1815 = CARTESIAN_POINT('',(0.275,0.125,1.7E-02));
#1816 = LINE('',#1817,#1818);
#1817 = CARTESIAN_POINT('',(0.105,0.125,1.7E-02));
#1818 = VECTOR('',#1819,1.);
#1819 = DIRECTION('',(1.,0.,0.));
#1820 = ORIENTED_EDGE('',*,*,#1821,.F.);
#1821 = EDGE_CURVE('',#1822,#1814,#1824,.T.);
#1822 = VERTEX_POINT('',#1823);
#1823 = CARTESIAN_POINT('',(0.275,-0.125,1.7E-02));
#1824 = LINE('',#1825,#1826);
#1825 = CARTESIAN_POINT('',(0.275,-0.125,1.7E-02));
#1826 = VECTOR('',#1827,1.);
#1827 = DIRECTION('',(0.,1.,0.));
#1828 = ORIENTED_EDGE('',*,*,#1829,.F.);
#1829 = EDGE_CURVE('',#1830,#1822,#1832,.T.);
#1830 = VERTEX_POINT('',#1831);
#1831 = CARTESIAN_POINT('',(0.105,-0.125,1.7E-02));
#1832 = LINE('',#1833,#1834);
#1833 = CARTESIAN_POINT('',(0.105,-0.125,1.7E-02));
#1834 = VECTOR('',#1835,1.);
#1835 = DIRECTION('',(1.,0.,0.));
#1836 = ORIENTED_EDGE('',*,*,#1837,.T.);
#1837 = EDGE_CURVE('',#1830,#1812,#1838,.T.);
#1838 = LINE('',#1839,#1840);
#1839 = CARTESIAN_POINT('',(0.105,-0.125,1.7E-02));
#1840 = VECTOR('',#1841,1.);
#1841 = DIRECTION('',(0.,1.,0.));
#1842 = FACE_BOUND('',#1843,.F.);
#1843 = EDGE_LOOP('',(#1844,#1854,#1862,#1870));
#1844 = ORIENTED_EDGE('',*,*,#1845,.T.);
#1845 = EDGE_CURVE('',#1846,#1848,#1850,.T.);
#1846 = VERTEX_POINT('',#1847);
#1847 = CARTESIAN_POINT('',(-0.275,0.125,1.7E-02));
#1848 = VERTEX_POINT('',#1849);
#1849 = CARTESIAN_POINT('',(-0.105,0.125,1.7E-02));
#1850 = LINE('',#1851,#1852);
#1851 = CARTESIAN_POINT('',(-0.275,0.125,1.7E-02));
#1852 = VECTOR('',#1853,1.);
#1853 = DIRECTION('',(1.,0.,0.));
#1854 = ORIENTED_EDGE('',*,*,#1855,.F.);
#1855 = EDGE_CURVE('',#1856,#1848,#1858,.T.);
#1856 = VERTEX_POINT('',#1857);
#1857 = CARTESIAN_POINT('',(-0.105,-0.125,1.7E-02));
#1858 = LINE('',#1859,#1860);
#1859 = CARTESIAN_POINT('',(-0.105,-0.125,1.7E-02));
#1860 = VECTOR('',#1861,1.);
#1861 = DIRECTION('',(0.,1.,0.));
#1862 = ORIENTED_EDGE('',*,*,#1863,.F.);
#1863 = EDGE_CURVE('',#1864,#1856,#1866,.T.);
#1864 = VERTEX_POINT('',#1865);
#1865 = CARTESIAN_POINT('',(-0.275,-0.125,1.7E-02));
#1866 = LINE('',#1867,#1868);
#1867 = CARTESIAN_POINT('',(-0.275,-0.125,1.7E-02));
#1868 = VECTOR('',#1869,1.);
#1869 = DIRECTION('',(1.,0.,0.));
#1870 = ORIENTED_EDGE('',*,*,#1871,.T.);
#1871 = EDGE_CURVE('',#1864,#1846,#1872,.T.);
#1872 = LINE('',#1873,#1874);
#1873 = CARTESIAN_POINT('',(-0.275,-0.125,1.7E-02));
#1874 = VECTOR('',#1875,1.);
#1875 = DIRECTION('',(0.,1.,0.));
#1876 = FACE_BOUND('',#1877,.F.);
#1877 = EDGE_LOOP('',(#1878,#1888,#1896));
#1878 = ORIENTED_EDGE('',*,*,#1879,.T.);
#1879 = EDGE_CURVE('',#1880,#1882,#1884,.T.);
#1880 = VERTEX_POINT('',#1881);
#1881 = CARTESIAN_POINT('',(7.274613391789E-02,8.4E-02,1.7E-02));
#1882 = VERTEX_POINT('',#1883);
#1883 = CARTESIAN_POINT('',(7.274613391789E-02,-8.4E-02,1.7E-02));
#1884 = LINE('',#1885,#1886);
#1885 = CARTESIAN_POINT('',(7.274613391789E-02,8.4E-02,1.7E-02));
#1886 = VECTOR('',#1887,1.);
#1887 = DIRECTION('',(0.,-1.,0.));
#1888 = ORIENTED_EDGE('',*,*,#1889,.T.);
#1889 = EDGE_CURVE('',#1882,#1890,#1892,.T.);
#1890 = VERTEX_POINT('',#1891);
#1891 = CARTESIAN_POINT('',(-7.274613391789E-02,0.,1.7E-02));
#1892 = LINE('',#1893,#1894);
#1893 = CARTESIAN_POINT('',(7.274613391789E-02,-8.4E-02,1.7E-02));
#1894 = VECTOR('',#1895,1.);
#1895 = DIRECTION('',(-0.866025403784,0.5,0.));
#1896 = ORIENTED_EDGE('',*,*,#1897,.T.);
#1897 = EDGE_CURVE('',#1890,#1880,#1898,.T.);
#1898 = LINE('',#1899,#1900);
#1899 = CARTESIAN_POINT('',(-7.274613391789E-02,0.,1.7E-02));
#1900 = VECTOR('',#1901,1.);
#1901 = DIRECTION('',(0.866025403784,0.5,0.));
#1902 = PLANE('',#1903);
#1903 = AXIS2_PLACEMENT_3D('',#1904,#1905,#1906);
#1904 = CARTESIAN_POINT('',(-0.325,-0.175,1.7E-02));
#1905 = DIRECTION('',(0.,0.,1.));
#1906 = DIRECTION('',(1.,0.,-0.));
#1907 = ADVANCED_FACE('',(#1908),#1933,.T.);
#1908 = FACE_BOUND('',#1909,.T.);
#1909 = EDGE_LOOP('',(#1910,#1911,#1919,#1927));
#1910 = ORIENTED_EDGE('',*,*,#1748,.T.);
#1911 = ORIENTED_EDGE('',*,*,#1912,.T.);
#1912 = EDGE_CURVE('',#1725,#1913,#1915,.T.);
#1913 = VERTEX_POINT('',#1914);
#1914 = CARTESIAN_POINT('',(-0.2925,-0.175,0.2));
#1915 = LINE('',#1916,#1917);
#1916 = CARTESIAN_POINT('',(-0.325,-0.175,0.107));
#1917 = VECTOR('',#1918,1.);
#1918 = DIRECTION('',(0.32989823916,0.,0.944016499749));
#1919 = ORIENTED_EDGE('',*,*,#1920,.F.);
#1920 = EDGE_CURVE('',#1921,#1913,#1923,.T.);
#1921 = VERTEX_POINT('',#1922);
#1922 = CARTESIAN_POINT('',(-0.2925,0.175,0.2));
#1923 = LINE('',#1924,#1925);
#1924 = CARTESIAN_POINT('',(-0.2925,0.175,0.2));
#1925 = VECTOR('',#1926,1.);
#1926 = DIRECTION('',(0.,-1.,0.));
#1927 = ORIENTED_EDGE('',*,*,#1928,.F.);
#1928 = EDGE_CURVE('',#1741,#1921,#1929,.T.);
#1929 = LINE('',#1930,#1931);
#1930 = CARTESIAN_POINT('',(-0.325,0.175,0.107));
#1931 = VECTOR('',#1932,1.);
#1932 = DIRECTION('',(0.32989823916,0.,0.944016499749));
#1933 = PLANE('',#1934);
#1934 = AXIS2_PLACEMENT_3D('',#1935,#1936,#1937);
#1935 = CARTESIAN_POINT('',(-0.325,0.175,0.107));
#1936 = DIRECTION('',(-0.944016499749,0.,0.32989823916));
#1937 = DIRECTION('',(0.32989823916,0.,0.944016499749));
#1938 = ADVANCED_FACE('',(#1939),#1957,.T.);
#1939 = FACE_BOUND('',#1940,.T.);
#1940 = EDGE_LOOP('',(#1941,#1942,#1943,#1951));
#1941 = ORIENTED_EDGE('',*,*,#1803,.F.);
#1942 = ORIENTED_EDGE('',*,*,#1740,.T.);
#1943 = ORIENTED_EDGE('',*,*,#1944,.F.);
#1944 = EDGE_CURVE('',#1945,#1741,#1947,.T.);
#1945 = VERTEX_POINT('',#1946);
#1946 = CARTESIAN_POINT('',(0.325,0.175,0.107));
#1947 = LINE('',#1948,#1949);
#1948 = CARTESIAN_POINT('',(0.325,0.175,0.107));
#1949 = VECTOR('',#1950,1.);
#1950 = DIRECTION('',(-1.,0.,0.));
#1951 = ORIENTED_EDGE('',*,*,#1952,.F.);
#1952 = EDGE_CURVE('',#1796,#1945,#1953,.T.);
#1953 = LINE('',#1954,#1955);
#1954 = CARTESIAN_POINT('',(0.325,0.175,1.7E-02));
#1955 = VECTOR('',#1956,1.);
#1956 = DIRECTION('',(0.,0.,1.));
#1957 = PLANE('',#1958);
#1958 = AXIS2_PLACEMENT_3D('',#1959,#1960,#1961);
#1959 = CARTESIAN_POINT('',(-0.325,0.175,1.7E-02));
#1960 = DIRECTION('',(0.,1.,0.));
#1961 = DIRECTION('',(0.,-0.,1.));
#1962 = ADVANCED_FACE('',(#1963),#1974,.T.);
#1963 = FACE_BOUND('',#1964,.T.);
#1964 = EDGE_LOOP('',(#1965,#1966,#1967,#1968));
#1965 = ORIENTED_EDGE('',*,*,#1779,.F.);
#1966 = ORIENTED_EDGE('',*,*,#1795,.T.);
#1967 = ORIENTED_EDGE('',*,*,#1952,.T.);
#1968 = ORIENTED_EDGE('',*,*,#1969,.T.);
#1969 = EDGE_CURVE('',#1945,#1772,#1970,.T.);
#1970 = LINE('',#1971,#1972);
#1971 = CARTESIAN_POINT('',(0.325,0.175,0.107));
#1972 = VECTOR('',#1973,1.);
#1973 = DIRECTION('',(0.,-1.,0.));
#1974 = PLANE('',#1975);
#1975 = AXIS2_PLACEMENT_3D('',#1976,#1977,#1978);
#1976 = CARTESIAN_POINT('',(0.325,-0.175,1.7E-02));
#1977 = DIRECTION('',(1.,0.,0.));
#1978 = DIRECTION('',(0.,0.,1.));
#1979 = ADVANCED_FACE('',(#1980),#1998,.F.);
#1980 = FACE_BOUND('',#1981,.F.);
#1981 = EDGE_LOOP('',(#1982,#1983,#1991,#1997));
#1982 = ORIENTED_EDGE('',*,*,#1912,.T.);
#1983 = ORIENTED_EDGE('',*,*,#1984,.T.);
#1984 = EDGE_CURVE('',#1913,#1985,#1987,.T.);
#1985 = VERTEX_POINT('',#1986);
#1986 = CARTESIAN_POINT('',(0.2925,-0.175,0.2));
#1987 = LINE('',#1988,#1989);
#1988 = CARTESIAN_POINT('',(-0.2925,-0.175,0.2));
#1989 = VECTOR('',#1990,1.);
#1990 = DIRECTION('',(1.,0.,0.));
#1991 = ORIENTED_EDGE('',*,*,#1992,.T.);
#1992 = EDGE_CURVE('',#1985,#1772,#1993,.T.);
#1993 = LINE('',#1994,#1995);
#1994 = CARTESIAN_POINT('',(0.2925,-0.175,0.2));
#1995 = VECTOR('',#1996,1.);
#1996 = DIRECTION('',(0.32989823916,0.,-0.944016499749));
#1997 = ORIENTED_EDGE('',*,*,#1771,.T.);
#1998 = PLANE('',#1999);
#1999 = AXIS2_PLACEMENT_3D('',#2000,#2001,#2002);
#2000 = CARTESIAN_POINT('',(9.690986503965E-18,-0.175,0.15138936053));
#2001 = DIRECTION('',(3.640674961141E-33,1.,-8.102543307743E-32));
#2002 = DIRECTION('',(0.,8.102543307743E-32,1.));
#2003 = ADVANCED_FACE('',(#2004),#2029,.T.);
#2004 = FACE_BOUND('',#2005,.T.);
#2005 = EDGE_LOOP('',(#2006,#2016,#2022,#2023));
#2006 = ORIENTED_EDGE('',*,*,#2007,.F.);
#2007 = EDGE_CURVE('',#2008,#2010,#2012,.T.);
#2008 = VERTEX_POINT('',#2009);
#2009 = CARTESIAN_POINT('',(0.105,0.125,0.));
#2010 = VERTEX_POINT('',#2011);
#2011 = CARTESIAN_POINT('',(0.275,0.125,0.));
#2012 = LINE('',#2013,#2014);
#2013 = CARTESIAN_POINT('',(0.105,0.125,0.));
#2014 = VECTOR('',#2015,1.);
#2015 = DIRECTION('',(1.,0.,0.));
#2016 = ORIENTED_EDGE('',*,*,#2017,.T.);
#2017 = EDGE_CURVE('',#2008,#1812,#2018,.T.);
#2018 = LINE('',#2019,#2020);
#2019 = CARTESIAN_POINT('',(0.105,0.125,0.));
#2020 = VECTOR('',#2021,1.);
#2021 = DIRECTION('',(0.,0.,1.));
#2022 = ORIENTED_EDGE('',*,*,#1811,.T.);
#2023 = ORIENTED_EDGE('',*,*,#2024,.F.);
#2024 = EDGE_CURVE('',#2010,#1814,#2025,.T.);
#2025 = LINE('',#2026,#2027);
#2026 = CARTESIAN_POINT('',(0.275,0.125,0.));
#2027 = VECTOR('',#2028,1.);
#2028 = DIRECTION('',(0.,0.,1.));
#2029 = PLANE('',#2030);
#2030 = AXIS2_PLACEMENT_3D('',#2031,#2032,#2033);
#2031 = CARTESIAN_POINT('',(0.105,0.125,0.));
#2032 = DIRECTION('',(0.,1.,0.));
#2033 = DIRECTION('',(0.,-0.,1.));
#2034 = ADVANCED_FACE('',(#2035),#2053,.F.);
#2035 = FACE_BOUND('',#2036,.F.);
#2036 = EDGE_LOOP('',(#2037,#2045,#2051,#2052));
#2037 = ORIENTED_EDGE('',*,*,#2038,.F.);
#2038 = EDGE_CURVE('',#2039,#1830,#2041,.T.);
#2039 = VERTEX_POINT('',#2040);
#2040 = CARTESIAN_POINT('',(0.105,-0.125,0.));
#2041 = LINE('',#2042,#2043);
#2042 = CARTESIAN_POINT('',(0.105,-0.125,0.));
#2043 = VECTOR('',#2044,1.);
#2044 = DIRECTION('',(0.,0.,1.));
#2045 = ORIENTED_EDGE('',*,*,#2046,.T.);
#2046 = EDGE_CURVE('',#2039,#2008,#2047,.T.);
#2047 = LINE('',#2048,#2049);
#2048 = CARTESIAN_POINT('',(0.105,-0.125,0.));
#2049 = VECTOR('',#2050,1.);
#2050 = DIRECTION('',(0.,1.,0.));
#2051 = ORIENTED_EDGE('',*,*,#2017,.T.);
#2052 = ORIENTED_EDGE('',*,*,#1837,.F.);
#2053 = PLANE('',#2054);
#2054 = AXIS2_PLACEMENT_3D('',#2055,#2056,#2057);
#2055 = CARTESIAN_POINT('',(0.105,-0.125,0.));
#2056 = DIRECTION('',(1.,0.,0.));
#2057 = DIRECTION('',(0.,0.,1.));
#2058 = ADVANCED_FACE('',(#2059),#2077,.F.);
#2059 = FACE_BOUND('',#2060,.F.);
#2060 = EDGE_LOOP('',(#2061,#2069,#2070,#2071));
#2061 = ORIENTED_EDGE('',*,*,#2062,.F.);
#2062 = EDGE_CURVE('',#2039,#2063,#2065,.T.);
#2063 = VERTEX_POINT('',#2064);
#2064 = CARTESIAN_POINT('',(0.275,-0.125,0.));
#2065 = LINE('',#2066,#2067);
#2066 = CARTESIAN_POINT('',(0.105,-0.125,0.));
#2067 = VECTOR('',#2068,1.);
#2068 = DIRECTION('',(1.,0.,0.));
#2069 = ORIENTED_EDGE('',*,*,#2038,.T.);
#2070 = ORIENTED_EDGE('',*,*,#1829,.T.);
#2071 = ORIENTED_EDGE('',*,*,#2072,.F.);
#2072 = EDGE_CURVE('',#2063,#1822,#2073,.T.);
#2073 = LINE('',#2074,#2075);
#2074 = CARTESIAN_POINT('',(0.275,-0.125,0.));
#2075 = VECTOR('',#2076,1.);
#2076 = DIRECTION('',(0.,0.,1.));
#2077 = PLANE('',#2078);
#2078 = AXIS2_PLACEMENT_3D('',#2079,#2080,#2081);
#2079 = CARTESIAN_POINT('',(0.105,-0.125,0.));
#2080 = DIRECTION('',(0.,1.,0.));
#2081 = DIRECTION('',(0.,-0.,1.));
#2082 = ADVANCED_FACE('',(#2083),#2094,.T.);
#2083 = FACE_BOUND('',#2084,.T.);
#2084 = EDGE_LOOP('',(#2085,#2086,#2092,#2093));
#2085 = ORIENTED_EDGE('',*,*,#2072,.F.);
#2086 = ORIENTED_EDGE('',*,*,#2087,.T.);
#2087 = EDGE_CURVE('',#2063,#2010,#2088,.T.);
#2088 = LINE('',#2089,#2090);
#2089 = CARTESIAN_POINT('',(0.275,-0.125,0.));
#2090 = VECTOR('',#2091,1.);
#2091 = DIRECTION('',(0.,1.,0.));
#2092 = ORIENTED_EDGE('',*,*,#2024,.T.);
#2093 = ORIENTED_EDGE('',*,*,#1821,.F.);
#2094 = PLANE('',#2095);
#2095 = AXIS2_PLACEMENT_3D('',#2096,#2097,#2098);
#2096 = CARTESIAN_POINT('',(0.275,-0.125,0.));
#2097 = DIRECTION('',(1.,0.,0.));
#2098 = DIRECTION('',(0.,0.,1.));
#2099 = ADVANCED_FACE('',(#2100),#2125,.T.);
#2100 = FACE_BOUND('',#2101,.T.);
#2101 = EDGE_LOOP('',(#2102,#2112,#2118,#2119));
#2102 = ORIENTED_EDGE('',*,*,#2103,.F.);
#2103 = EDGE_CURVE('',#2104,#2106,#2108,.T.);
#2104 = VERTEX_POINT('',#2105);
#2105 = CARTESIAN_POINT('',(-0.275,0.125,0.));
#2106 = VERTEX_POINT('',#2107);
#2107 = CARTESIAN_POINT('',(-0.105,0.125,0.));
#2108 = LINE('',#2109,#2110);
#2109 = CARTESIAN_POINT('',(-0.275,0.125,0.));
#2110 = VECTOR('',#2111,1.);
#2111 = DIRECTION('',(1.,0.,0.));
#2112 = ORIENTED_EDGE('',*,*,#2113,.T.);
#2113 = EDGE_CURVE('',#2104,#1846,#2114,.T.);
#2114 = LINE('',#2115,#2116);
#2115 = CARTESIAN_POINT('',(-0.275,0.125,0.));
#2116 = VECTOR('',#2117,1.);
#2117 = DIRECTION('',(0.,0.,1.));
#2118 = ORIENTED_EDGE('',*,*,#1845,.T.);
#2119 = ORIENTED_EDGE('',*,*,#2120,.F.);
#2120 = EDGE_CURVE('',#2106,#1848,#2121,.T.);
#2121 = LINE('',#2122,#2123);
#2122 = CARTESIAN_POINT('',(-0.105,0.125,0.));
#2123 = VECTOR('',#2124,1.);
#2124 = DIRECTION('',(0.,0.,1.));
#2125 = PLANE('',#2126);
#2126 = AXIS2_PLACEMENT_3D('',#2127,#2128,#2129);
#2127 = CARTESIAN_POINT('',(-0.275,0.125,0.));
#2128 = DIRECTION('',(0.,1.,0.));
#2129 = DIRECTION('',(0.,-0.,1.));
#2130 = ADVANCED_FACE('',(#2131),#2149,.F.);
#2131 = FACE_BOUND('',#2132,.F.);
#2132 = EDGE_LOOP('',(#2133,#2141,#2147,#2148));
#2133 = ORIENTED_EDGE('',*,*,#2134,.F.);
#2134 = EDGE_CURVE('',#2135,#1864,#2137,.T.);
#2135 = VERTEX_POINT('',#2136);
#2136 = CARTESIAN_POINT('',(-0.275,-0.125,0.));
#2137 = LINE('',#2138,#2139);
#2138 = CARTESIAN_POINT('',(-0.275,-0.125,0.));
#2139 = VECTOR('',#2140,1.);
#2140 = DIRECTION('',(0.,0.,1.));
#2141 = ORIENTED_EDGE('',*,*,#2142,.T.);
#2142 = EDGE_CURVE('',#2135,#2104,#2143,.T.);
#2143 = LINE('',#2144,#2145);
#2144 = CARTESIAN_POINT('',(-0.275,-0.125,0.));
#2145 = VECTOR('',#2146,1.);
#2146 = DIRECTION('',(0.,1.,0.));
#2147 = ORIENTED_EDGE('',*,*,#2113,.T.);
#2148 = ORIENTED_EDGE('',*,*,#1871,.F.);
#2149 = PLANE('',#2150);
#2150 = AXIS2_PLACEMENT_3D('',#2151,#2152,#2153);
#2151 = CARTESIAN_POINT('',(-0.275,-0.125,0.));
#2152 = DIRECTION('',(1.,0.,0.));
#2153 = DIRECTION('',(0.,0.,1.));
#2154 = ADVANCED_FACE('',(#2155),#2173,.F.);
#2155 = FACE_BOUND('',#2156,.F.);
#2156 = EDGE_LOOP('',(#2157,#2165,#2166,#2167));
#2157 = ORIENTED_EDGE('',*,*,#2158,.F.);
#2158 = EDGE_CURVE('',#2135,#2159,#2161,.T.);
#2159 = VERTEX_POINT('',#2160);
#2160 = CARTESIAN_POINT('',(-0.105,-0.125,0.));
#2161 = LINE('',#2162,#2163);
#2162 = CARTESIAN_POINT('',(-0.275,-0.125,0.));
#2163 = VECTOR('',#2164,1.);
#2164 = DIRECTION('',(1.,0.,0.));
#2165 = ORIENTED_EDGE('',*,*,#2134,.T.);
#2166 = ORIENTED_EDGE('',*,*,#1863,.T.);
#2167 = ORIENTED_EDGE('',*,*,#2168,.F.);
#2168 = EDGE_CURVE('',#2159,#1856,#2169,.T.);
#2169 = LINE('',#2170,#2171);
#2170 = CARTESIAN_POINT('',(-0.105,-0.125,0.));
#2171 = VECTOR('',#2172,1.);
#2172 = DIRECTION('',(0.,0.,1.));
#2173 = PLANE('',#2174);
#2174 = AXIS2_PLACEMENT_3D('',#2175,#2176,#2177);
#2175 = CARTESIAN_POINT('',(-0.275,-0.125,0.));
#2176 = DIRECTION('',(0.,1.,0.));
#2177 = DIRECTION('',(0.,-0.,1.));
#2178 = ADVANCED_FACE('',(#2179),#2190,.T.);
#2179 = FACE_BOUND('',#2180,.T.);
#2180 = EDGE_LOOP('',(#2181,#2182,#2188,#2189));
#2181 = ORIENTED_EDGE('',*,*,#2168,.F.);
#2182 = ORIENTED_EDGE('',*,*,#2183,.T.);
#2183 = EDGE_CURVE('',#2159,#2106,#2184,.T.);
#2184 = LINE('',#2185,#2186);
#2185 = CARTESIAN_POINT('',(-0.105,-0.125,0.));
#2186 = VECTOR('',#2187,1.);
#2187 = DIRECTION('',(0.,1.,0.));
#2188 = ORIENTED_EDGE('',*,*,#2120,.T.);
#2189 = ORIENTED_EDGE('',*,*,#1855,.F.);
#2190 = PLANE('',#2191);
#2191 = AXIS2_PLACEMENT_3D('',#2192,#2193,#2194);
#2192 = CARTESIAN_POINT('',(-0.105,-0.125,0.));
#2193 = DIRECTION('',(1.,0.,0.));
#2194 = DIRECTION('',(0.,0.,1.));
#2195 = ADVANCED_FACE('',(#2196),#2221,.T.);
#2196 = FACE_BOUND('',#2197,.T.);
#2197 = EDGE_LOOP('',(#2198,#2206,#2207,#2215));
#2198 = ORIENTED_EDGE('',*,*,#2199,.T.);
#2199 = EDGE_CURVE('',#2200,#1880,#2202,.T.);
#2200 = VERTEX_POINT('',#2201);
#2201 = CARTESIAN_POINT('',(7.274613391789E-02,8.4E-02,8.5E-03));
#2202 = LINE('',#2203,#2204);
#2203 = CARTESIAN_POINT('',(7.274613391789E-02,8.4E-02,8.5E-03));
#2204 = VECTOR('',#2205,1.);
#2205 = DIRECTION('',(0.,0.,1.));
#2206 = ORIENTED_EDGE('',*,*,#1879,.T.);
#2207 = ORIENTED_EDGE('',*,*,#2208,.F.);
#2208 = EDGE_CURVE('',#2209,#1882,#2211,.T.);
#2209 = VERTEX_POINT('',#2210);
#2210 = CARTESIAN_POINT('',(7.274613391789E-02,-8.4E-02,8.5E-03));
#2211 = LINE('',#2212,#2213);
#2212 = CARTESIAN_POINT('',(7.274613391789E-02,-8.4E-02,8.5E-03));
#2213 = VECTOR('',#2214,1.);
#2214 = DIRECTION('',(0.,0.,1.));
#2215 = ORIENTED_EDGE('',*,*,#2216,.F.);
#2216 = EDGE_CURVE('',#2200,#2209,#2217,.T.);
#2217 = LINE('',#2218,#2219);
#2218 = CARTESIAN_POINT('',(7.274613391789E-02,8.4E-02,8.5E-03));
#2219 = VECTOR('',#2220,1.);
#2220 = DIRECTION('',(0.,-1.,0.));
#2221 = PLANE('',#2222);
#2222 = AXIS2_PLACEMENT_3D('',#2223,#2224,#2225);
#2223 = CARTESIAN_POINT('',(7.274613391789E-02,8.4E-02,8.5E-03));
#2224 = DIRECTION('',(1.,0.,0.));
#2225 = DIRECTION('',(0.,-1.,0.));
#2226 = ADVANCED_FACE('',(#2227),#2245,.T.);
#2227 = FACE_BOUND('',#2228,.T.);
#2228 = EDGE_LOOP('',(#2229,#2237,#2238,#2239));
#2229 = ORIENTED_EDGE('',*,*,#2230,.T.);
#2230 = EDGE_CURVE('',#2231,#1890,#2233,.T.);
#2231 = VERTEX_POINT('',#2232);
#2232 = CARTESIAN_POINT('',(-7.274613391789E-02,0.,8.5E-03));
#2233 = LINE('',#2234,#2235);
#2234 = CARTESIAN_POINT('',(-7.274613391789E-02,0.,8.5E-03));
#2235 = VECTOR('',#2236,1.);
#2236 = DIRECTION('',(0.,0.,1.));
#2237 = ORIENTED_EDGE('',*,*,#1897,.T.);
#2238 = ORIENTED_EDGE('',*,*,#2199,.F.);
#2239 = ORIENTED_EDGE('',*,*,#2240,.F.);
#2240 = EDGE_CURVE('',#2231,#2200,#2241,.T.);
#2241 = LINE('',#2242,#2243);
#2242 = CARTESIAN_POINT('',(-7.274613391789E-02,0.,8.5E-03));
#2243 = VECTOR('',#2244,1.);
#2244 = DIRECTION('',(0.866025403784,0.5,0.));
#2245 = PLANE('',#2246);
#2246 = AXIS2_PLACEMENT_3D('',#2247,#2248,#2249);
#2247 = CARTESIAN_POINT('',(-7.274613391789E-02,0.,8.5E-03));
#2248 = DIRECTION('',(-0.5,0.866025403784,0.));
#2249 = DIRECTION('',(0.866025403784,0.5,0.));
#2250 = ADVANCED_FACE('',(#2251),#2262,.T.);
#2251 = FACE_BOUND('',#2252,.T.);
#2252 = EDGE_LOOP('',(#2253,#2254,#2255,#2256));
#2253 = ORIENTED_EDGE('',*,*,#2208,.T.);
#2254 = ORIENTED_EDGE('',*,*,#1889,.T.);
#2255 = ORIENTED_EDGE('',*,*,#2230,.F.);
#2256 = ORIENTED_EDGE('',*,*,#2257,.F.);
#2257 = EDGE_CURVE('',#2209,#2231,#2258,.T.);
#2258 = LINE('',#2259,#2260);
#2259 = CARTESIAN_POINT('',(7.274613391789E-02,-8.4E-02,8.5E-03));
#2260 = VECTOR('',#2261,1.);
#2261 = DIRECTION('',(-0.866025403784,0.5,0.));
#2262 = PLANE('',#2263);
#2263 = AXIS2_PLACEMENT_3D('',#2264,#2265,#2266);
#2264 = CARTESIAN_POINT('',(7.274613391789E-02,-8.4E-02,8.5E-03));
#2265 = DIRECTION('',(-0.5,-0.866025403784,0.));
#2266 = DIRECTION('',(-0.866025403784,0.5,0.));
#2267 = ADVANCED_FACE('',(#2268),#2286,.T.);
#2268 = FACE_BOUND('',#2269,.T.);
#2269 = EDGE_LOOP('',(#2270,#2271,#2279,#2285));
#2270 = ORIENTED_EDGE('',*,*,#1928,.T.);
#2271 = ORIENTED_EDGE('',*,*,#2272,.T.);
#2272 = EDGE_CURVE('',#1921,#2273,#2275,.T.);
#2273 = VERTEX_POINT('',#2274);
#2274 = CARTESIAN_POINT('',(0.2925,0.175,0.2));
#2275 = LINE('',#2276,#2277);
#2276 = CARTESIAN_POINT('',(-0.2925,0.175,0.2));
#2277 = VECTOR('',#2278,1.);
#2278 = DIRECTION('',(1.,0.,0.));
#2279 = ORIENTED_EDGE('',*,*,#2280,.T.);
#2280 = EDGE_CURVE('',#2273,#1945,#2281,.T.);
#2281 = LINE('',#2282,#2283);
#2282 = CARTESIAN_POINT('',(0.2925,0.175,0.2));
#2283 = VECTOR('',#2284,1.);
#2284 = DIRECTION('',(0.32989823916,0.,-0.944016499749));
#2285 = ORIENTED_EDGE('',*,*,#1944,.T.);
#2286 = PLANE('',#2287);
#2287 = AXIS2_PLACEMENT_3D('',#2288,#2289,#2290);
#2288 = CARTESIAN_POINT('',(9.690986503965E-18,0.175,0.15138936053));
#2289 = DIRECTION('',(3.640674961141E-33,1.,-8.102543307743E-32));
#2290 = DIRECTION('',(0.,8.102543307743E-32,1.));
#2291 = ADVANCED_FACE('',(#2292),#2303,.T.);
#2292 = FACE_BOUND('',#2293,.T.);
#2293 = EDGE_LOOP('',(#2294,#2295,#2296,#2302));
#2294 = ORIENTED_EDGE('',*,*,#1920,.T.);
#2295 = ORIENTED_EDGE('',*,*,#1984,.T.);
#2296 = ORIENTED_EDGE('',*,*,#2297,.F.);
#2297 = EDGE_CURVE('',#2273,#1985,#2298,.T.);
#2298 = LINE('',#2299,#2300);
#2299 = CARTESIAN_POINT('',(0.2925,0.175,0.2));
#2300 = VECTOR('',#2301,1.);
#2301 = DIRECTION('',(0.,-1.,0.));
#2302 = ORIENTED_EDGE('',*,*,#2272,.F.);
#2303 = PLANE('',#2304);
#2304 = AXIS2_PLACEMENT_3D('',#2305,#2306,#2307);
#2305 = CARTESIAN_POINT('',(-0.2925,0.175,0.2));
#2306 = DIRECTION('',(0.,0.,1.));
#2307 = DIRECTION('',(1.,0.,-0.));
#2308 = ADVANCED_FACE('',(#2309),#2315,.T.);
#2309 = FACE_BOUND('',#2310,.T.);
#2310 = EDGE_LOOP('',(#2311,#2312,#2313,#2314));
#2311 = ORIENTED_EDGE('',*,*,#2297,.T.);
#2312 = ORIENTED_EDGE('',*,*,#1992,.T.);
#2313 = ORIENTED_EDGE('',*,*,#1969,.F.);
#2314 = ORIENTED_EDGE('',*,*,#2280,.F.);
#2315 = PLANE('',#2316);
#2316 = AXIS2_PLACEMENT_3D('',#2317,#2318,#2319);
#2317 = CARTESIAN_POINT('',(0.2925,0.175,0.2));
#2318 = DIRECTION('',(0.944016499749,0.,0.32989823916));
#2319 = DIRECTION('',(0.32989823916,0.,-0.944016499749));
#2320 = ADVANCED_FACE('',(#2321),#2327,.F.);
#2321 = FACE_BOUND('',#2322,.F.);
#2322 = EDGE_LOOP('',(#2323,#2324,#2325,#2326));
#2323 = ORIENTED_EDGE('',*,*,#2046,.F.);
#2324 = ORIENTED_EDGE('',*,*,#2062,.T.);
#2325 = ORIENTED_EDGE('',*,*,#2087,.T.);
#2326 = ORIENTED_EDGE('',*,*,#2007,.F.);
#2327 = PLANE('',#2328);
#2328 = AXIS2_PLACEMENT_3D('',#2329,#2330,#2331);
#2329 = CARTESIAN_POINT('',(0.105,-0.125,0.));
#2330 = DIRECTION('',(0.,0.,1.));
#2331 = DIRECTION('',(1.,0.,-0.));
#2332 = ADVANCED_FACE('',(#2333),#2339,.F.);
#2333 = FACE_BOUND('',#2334,.F.);
#2334 = EDGE_LOOP('',(#2335,#2336,#2337,#2338));
#2335 = ORIENTED_EDGE('',*,*,#2142,.F.);
#2336 = ORIENTED_EDGE('',*,*,#2158,.T.);
#2337 = ORIENTED_EDGE('',*,*,#2183,.T.);
#2338 = ORIENTED_EDGE('',*,*,#2103,.F.);
#2339 = PLANE('',#2340);
#2340 = AXIS2_PLACEMENT_3D('',#2341,#2342,#2343);
#2341 = CARTESIAN_POINT('',(-0.275,-0.125,0.));
#2342 = DIRECTION('',(0.,0.,1.));
#2343 = DIRECTION('',(1.,0.,-0.));
#2344 = ADVANCED_FACE('',(#2345),#2350,.T.);
#2345 = FACE_BOUND('',#2346,.T.);
#2346 = EDGE_LOOP('',(#2347,#2348,#2349));
#2347 = ORIENTED_EDGE('',*,*,#2240,.T.);
#2348 = ORIENTED_EDGE('',*,*,#2216,.T.);
#2349 = ORIENTED_EDGE('',*,*,#2257,.T.);
#2350 = PLANE('',#2351);
#2351 = AXIS2_PLACEMENT_3D('',#2352,#2353,#2354);
#2352 = CARTESIAN_POINT('',(2.424871130596E-02,0.,8.5E-03));
#2353 = DIRECTION('',(-0.,-0.,-1.));
#2354 = DIRECTION('',(-1.,0.,0.));
#2355 = ( GEOMETRIC_REPRESENTATION_CONTEXT(3) 
GLOBAL_UNCERTAINTY_ASSIGNED_CONTEXT((#2359)) 
GLOBAL_UNIT_ASSIGNED_CONTEXT((#2356,#2357,#2358)) REPRESENTATION_CONTEXT
('Context #1','3D Context with UNIT and UNCERTAINTY') );
#2356 = ( LENGTH_UNIT() NAMED_UNIT(*) SI_UNIT(.MILLI.,.METRE.) );
#2357 = ( NAMED_UNIT(*) PLANE_ANGLE_UNIT() SI_UNIT($,.RADIAN.) );
#2358 = ( NAMED_UNIT(*) SI_UNIT($,.STERADIAN.) SOLID_ANGLE_UNIT() );
#2359 = UNCERTAINTY_MEASURE_WITH_UNIT(LENGTH_MEASURE(1.E-07),#2356,
  'distance_accuracy_value','confusion accuracy');
#2360 = CONTEXT_DEPENDENT_SHAPE_REPRESENTATION(#2361,#2363);
#2361 = ( REPRESENTATION_RELATIONSHIP('','',#1715,#10) 
REPRESENTATION_RELATIONSHIP_WITH_TRANSFORMATION(#2362) 
SHAPE_REPRESENTATION_RELATIONSHIP() );
#2362 = ITEM_DEFINED_TRANSFORMATION('','',#11,#27);
#2363 = PRODUCT_DEFINITION_SHAPE('Placement','Placement of an item',
  #2364);
#2364 = NEXT_ASSEMBLY_USAGE_OCCURRENCE('4','D1','',#5,#1710,$);
#2365 = PRODUCT_RELATED_PRODUCT_CATEGORY('part',$,(#1712));
#2366 = SHAPE_DEFINITION_REPRESENTATION(#2367,#2373);
#2367 = PRODUCT_DEFINITION_SHAPE('','',#2368);
#2368 = PRODUCT_DEFINITION('design','',#2369,#2372);
#2369 = PRODUCT_DEFINITION_FORMATION('','',#2370);
#2370 = PRODUCT('R_0805_2012Metric','R_0805_2012Metric','',(#2371));
#2371 = PRODUCT_CONTEXT('',#2,'mechanical');
#2372 = PRODUCT_DEFINITION_CONTEXT('part definition',#2,'design');
#2373 = ADVANCED_BREP_SHAPE_REPRESENTATION('',(#11,#2374),#3164);
#2374 = MANIFOLD_SOLID_BREP('',#2375);
#2375 = CLOSED_SHELL('',(#2376,#2416,#2499,#2524,#2549,#2616,#2633,#2650
    ,#2699,#2716,#2733,#2782,#2799,#2868,#2899,#2923,#2992,#3016,#3033,
    #3050,#3067,#3084,#3101,#3118,#3135,#3152));
#2376 = ADVANCED_FACE('',(#2377),#2411,.F.);
#2377 = FACE_BOUND('',#2378,.F.);
#2378 = EDGE_LOOP('',(#2379,#2389,#2397,#2405));
#2379 = ORIENTED_EDGE('',*,*,#2380,.F.);
#2380 = EDGE_CURVE('',#2381,#2383,#2385,.T.);
#2381 = VERTEX_POINT('',#2382);
#2382 = CARTESIAN_POINT('',(-1.,-0.6,4.5E-02));
#2383 = VERTEX_POINT('',#2384);
#2384 = CARTESIAN_POINT('',(-1.,-0.6,0.405));
#2385 = LINE('',#2386,#2387);
#2386 = CARTESIAN_POINT('',(-1.,-0.6,0.));
#2387 = VECTOR('',#2388,1.);
#2388 = DIRECTION('',(0.,0.,1.));
#2389 = ORIENTED_EDGE('',*,*,#2390,.T.);
#2390 = EDGE_CURVE('',#2381,#2391,#2393,.T.);
#2391 = VERTEX_POINT('',#2392);
#2392 = CARTESIAN_POINT('',(-1.,0.6,4.5E-02));
#2393 = LINE('',#2394,#2395);
#2394 = CARTESIAN_POINT('',(-1.,-0.6,4.5E-02));
#2395 = VECTOR('',#2396,1.);
#2396 = DIRECTION('',(0.,1.,0.));
#2397 = ORIENTED_EDGE('',*,*,#2398,.T.);
#2398 = EDGE_CURVE('',#2391,#2399,#2401,.T.);
#2399 = VERTEX_POINT('',#2400);
#2400 = CARTESIAN_POINT('',(-1.,0.6,0.405));
#2401 = LINE('',#2402,#2403);
#2402 = CARTESIAN_POINT('',(-1.,0.6,0.));
#2403 = VECTOR('',#2404,1.);
#2404 = DIRECTION('',(0.,0.,1.));
#2405 = ORIENTED_EDGE('',*,*,#2406,.F.);
#2406 = EDGE_CURVE('',#2383,#2399,#2407,.T.);
#2407 = LINE('',#2408,#2409);
#2408 = CARTESIAN_POINT('',(-1.,-0.6,0.405));
#2409 = VECTOR('',#2410,1.);
#2410 = DIRECTION('',(0.,1.,0.));
#2411 = PLANE('',#2412);
#2412 = AXIS2_PLACEMENT_3D('',#2413,#2414,#2415);
#2413 = CARTESIAN_POINT('',(-1.,-0.6,0.));
#2414 = DIRECTION('',(1.,0.,0.));
#2415 = DIRECTION('',(0.,0.,1.));
#2416 = ADVANCED_FACE('',(#2417),#2494,.F.);
#2417 = FACE_BOUND('',#2418,.F.);
#2418 = EDGE_LOOP('',(#2419,#2429,#2436,#2437,#2446,#2454,#2463,#2471,
    #2479,#2487));
#2419 = ORIENTED_EDGE('',*,*,#2420,.F.);
#2420 = EDGE_CURVE('',#2421,#2423,#2425,.T.);
#2421 = VERTEX_POINT('',#2422);
#2422 = CARTESIAN_POINT('',(-0.955,-0.6,-2.775557561563E-17));
#2423 = VERTEX_POINT('',#2424);
#2424 = CARTESIAN_POINT('',(-0.745,-0.6,-2.775557561563E-17));
#2425 = LINE('',#2426,#2427);
#2426 = CARTESIAN_POINT('',(-1.,-0.6,0.));
#2427 = VECTOR('',#2428,1.);
#2428 = DIRECTION('',(1.,0.,0.));
#2429 = ORIENTED_EDGE('',*,*,#2430,.F.);
#2430 = EDGE_CURVE('',#2381,#2421,#2431,.T.);
#2431 = CIRCLE('',#2432,4.5E-02);
#2432 = AXIS2_PLACEMENT_3D('',#2433,#2434,#2435);
#2433 = CARTESIAN_POINT('',(-0.955,-0.6,4.5E-02));
#2434 = DIRECTION('',(0.,-1.,0.));
#2435 = DIRECTION('',(0.,0.,1.));
#2436 = ORIENTED_EDGE('',*,*,#2380,.T.);
#2437 = ORIENTED_EDGE('',*,*,#2438,.T.);
#2438 = EDGE_CURVE('',#2383,#2439,#2441,.T.);
#2439 = VERTEX_POINT('',#2440);
#2440 = CARTESIAN_POINT('',(-0.955,-0.6,0.45));
#2441 = CIRCLE('',#2442,4.5E-02);
#2442 = AXIS2_PLACEMENT_3D('',#2443,#2444,#2445);
#2443 = CARTESIAN_POINT('',(-0.955,-0.6,0.405));
#2444 = DIRECTION('',(0.,1.,0.));
#2445 = DIRECTION('',(0.,-0.,1.));
#2446 = ORIENTED_EDGE('',*,*,#2447,.T.);
#2447 = EDGE_CURVE('',#2439,#2448,#2450,.T.);
#2448 = VERTEX_POINT('',#2449);
#2449 = CARTESIAN_POINT('',(-0.745,-0.6,0.45));
#2450 = LINE('',#2451,#2452);
#2451 = CARTESIAN_POINT('',(-1.,-0.6,0.45));
#2452 = VECTOR('',#2453,1.);
#2453 = DIRECTION('',(1.,0.,0.));
#2454 = ORIENTED_EDGE('',*,*,#2455,.F.);
#2455 = EDGE_CURVE('',#2456,#2448,#2458,.T.);
#2456 = VERTEX_POINT('',#2457);
#2457 = CARTESIAN_POINT('',(-0.7,-0.6,0.405));
#2458 = CIRCLE('',#2459,4.5E-02);
#2459 = AXIS2_PLACEMENT_3D('',#2460,#2461,#2462);
#2460 = CARTESIAN_POINT('',(-0.745,-0.6,0.405));
#2461 = DIRECTION('',(0.,-1.,0.));
#2462 = DIRECTION('',(0.,0.,1.));
#2463 = ORIENTED_EDGE('',*,*,#2464,.F.);
#2464 = EDGE_CURVE('',#2465,#2456,#2467,.T.);
#2465 = VERTEX_POINT('',#2466);
#2466 = CARTESIAN_POINT('',(-0.955,-0.6,0.405));
#2467 = LINE('',#2468,#2469);
#2468 = CARTESIAN_POINT('',(-0.955,-0.6,0.405));
#2469 = VECTOR('',#2470,1.);
#2470 = DIRECTION('',(1.,0.,0.));
#2471 = ORIENTED_EDGE('',*,*,#2472,.F.);
#2472 = EDGE_CURVE('',#2473,#2465,#2475,.T.);
#2473 = VERTEX_POINT('',#2474);
#2474 = CARTESIAN_POINT('',(-0.955,-0.6,4.5E-02));
#2475 = LINE('',#2476,#2477);
#2476 = CARTESIAN_POINT('',(-0.955,-0.6,4.5E-02));
#2477 = VECTOR('',#2478,1.);
#2478 = DIRECTION('',(0.,0.,1.));
#2479 = ORIENTED_EDGE('',*,*,#2480,.T.);
#2480 = EDGE_CURVE('',#2473,#2481,#2483,.T.);
#2481 = VERTEX_POINT('',#2482);
#2482 = CARTESIAN_POINT('',(-0.7,-0.6,4.5E-02));
#2483 = LINE('',#2484,#2485);
#2484 = CARTESIAN_POINT('',(-0.955,-0.6,4.5E-02));
#2485 = VECTOR('',#2486,1.);
#2486 = DIRECTION('',(1.,0.,0.));
#2487 = ORIENTED_EDGE('',*,*,#2488,.T.);
#2488 = EDGE_CURVE('',#2481,#2423,#2489,.T.);
#2489 = CIRCLE('',#2490,4.5E-02);
#2490 = AXIS2_PLACEMENT_3D('',#2491,#2492,#2493);
#2491 = CARTESIAN_POINT('',(-0.745,-0.6,4.5E-02));
#2492 = DIRECTION('',(0.,1.,0.));
#2493 = DIRECTION('',(0.,-0.,1.));
#2494 = PLANE('',#2495);
#2495 = AXIS2_PLACEMENT_3D('',#2496,#2497,#2498);
#2496 = CARTESIAN_POINT('',(-1.,-0.6,0.));
#2497 = DIRECTION('',(0.,1.,0.));
#2498 = DIRECTION('',(0.,-0.,1.));
#2499 = ADVANCED_FACE('',(#2500),#2519,.T.);
#2500 = FACE_BOUND('',#2501,.T.);
#2501 = EDGE_LOOP('',(#2502,#2503,#2512,#2518));
#2502 = ORIENTED_EDGE('',*,*,#2390,.T.);
#2503 = ORIENTED_EDGE('',*,*,#2504,.T.);
#2504 = EDGE_CURVE('',#2391,#2505,#2507,.T.);
#2505 = VERTEX_POINT('',#2506);
#2506 = CARTESIAN_POINT('',(-0.955,0.6,-2.775557561563E-17));
#2507 = CIRCLE('',#2508,4.5E-02);
#2508 = AXIS2_PLACEMENT_3D('',#2509,#2510,#2511);
#2509 = CARTESIAN_POINT('',(-0.955,0.6,4.5E-02));
#2510 = DIRECTION('',(0.,-1.,0.));
#2511 = DIRECTION('',(0.,0.,1.));
#2512 = ORIENTED_EDGE('',*,*,#2513,.F.);
#2513 = EDGE_CURVE('',#2421,#2505,#2514,.T.);
#2514 = LINE('',#2515,#2516);
#2515 = CARTESIAN_POINT('',(-0.955,-0.6,-2.775557561563E-17));
#2516 = VECTOR('',#2517,1.);
#2517 = DIRECTION('',(0.,1.,0.));
#2518 = ORIENTED_EDGE('',*,*,#2430,.F.);
#2519 = CYLINDRICAL_SURFACE('',#2520,4.5E-02);
#2520 = AXIS2_PLACEMENT_3D('',#2521,#2522,#2523);
#2521 = CARTESIAN_POINT('',(-0.955,-0.6,4.5E-02));
#2522 = DIRECTION('',(0.,1.,0.));
#2523 = DIRECTION('',(-1.,0.,0.));
#2524 = ADVANCED_FACE('',(#2525),#2544,.T.);
#2525 = FACE_BOUND('',#2526,.T.);
#2526 = EDGE_LOOP('',(#2527,#2528,#2536,#2543));
#2527 = ORIENTED_EDGE('',*,*,#2438,.T.);
#2528 = ORIENTED_EDGE('',*,*,#2529,.T.);
#2529 = EDGE_CURVE('',#2439,#2530,#2532,.T.);
#2530 = VERTEX_POINT('',#2531);
#2531 = CARTESIAN_POINT('',(-0.955,0.6,0.45));
#2532 = LINE('',#2533,#2534);
#2533 = CARTESIAN_POINT('',(-0.955,-0.6,0.45));
#2534 = VECTOR('',#2535,1.);
#2535 = DIRECTION('',(0.,1.,0.));
#2536 = ORIENTED_EDGE('',*,*,#2537,.F.);
#2537 = EDGE_CURVE('',#2399,#2530,#2538,.T.);
#2538 = CIRCLE('',#2539,4.5E-02);
#2539 = AXIS2_PLACEMENT_3D('',#2540,#2541,#2542);
#2540 = CARTESIAN_POINT('',(-0.955,0.6,0.405));
#2541 = DIRECTION('',(0.,1.,0.));
#2542 = DIRECTION('',(0.,-0.,1.));
#2543 = ORIENTED_EDGE('',*,*,#2406,.F.);
#2544 = CYLINDRICAL_SURFACE('',#2545,4.5E-02);
#2545 = AXIS2_PLACEMENT_3D('',#2546,#2547,#2548);
#2546 = CARTESIAN_POINT('',(-0.955,-0.6,0.405));
#2547 = DIRECTION('',(0.,1.,0.));
#2548 = DIRECTION('',(-1.,0.,0.));
#2549 = ADVANCED_FACE('',(#2550),#2611,.T.);
#2550 = FACE_BOUND('',#2551,.T.);
#2551 = EDGE_LOOP('',(#2552,#2560,#2561,#2562,#2563,#2571,#2580,#2588,
    #2596,#2604));
#2552 = ORIENTED_EDGE('',*,*,#2553,.F.);
#2553 = EDGE_CURVE('',#2505,#2554,#2556,.T.);
#2554 = VERTEX_POINT('',#2555);
#2555 = CARTESIAN_POINT('',(-0.745,0.6,-2.775557561563E-17));
#2556 = LINE('',#2557,#2558);
#2557 = CARTESIAN_POINT('',(-1.,0.6,0.));
#2558 = VECTOR('',#2559,1.);
#2559 = DIRECTION('',(1.,0.,0.));
#2560 = ORIENTED_EDGE('',*,*,#2504,.F.);
#2561 = ORIENTED_EDGE('',*,*,#2398,.T.);
#2562 = ORIENTED_EDGE('',*,*,#2537,.T.);
#2563 = ORIENTED_EDGE('',*,*,#2564,.T.);
#2564 = EDGE_CURVE('',#2530,#2565,#2567,.T.);
#2565 = VERTEX_POINT('',#2566);
#2566 = CARTESIAN_POINT('',(-0.745,0.6,0.45));
#2567 = LINE('',#2568,#2569);
#2568 = CARTESIAN_POINT('',(-1.,0.6,0.45));
#2569 = VECTOR('',#2570,1.);
#2570 = DIRECTION('',(1.,0.,0.));
#2571 = ORIENTED_EDGE('',*,*,#2572,.F.);
#2572 = EDGE_CURVE('',#2573,#2565,#2575,.T.);
#2573 = VERTEX_POINT('',#2574);
#2574 = CARTESIAN_POINT('',(-0.7,0.6,0.405));
#2575 = CIRCLE('',#2576,4.5E-02);
#2576 = AXIS2_PLACEMENT_3D('',#2577,#2578,#2579);
#2577 = CARTESIAN_POINT('',(-0.745,0.6,0.405));
#2578 = DIRECTION('',(0.,-1.,0.));
#2579 = DIRECTION('',(0.,0.,1.));
#2580 = ORIENTED_EDGE('',*,*,#2581,.F.);
#2581 = EDGE_CURVE('',#2582,#2573,#2584,.T.);
#2582 = VERTEX_POINT('',#2583);
#2583 = CARTESIAN_POINT('',(-0.955,0.6,0.405));
#2584 = LINE('',#2585,#2586);
#2585 = CARTESIAN_POINT('',(-0.955,0.6,0.405));
#2586 = VECTOR('',#2587,1.);
#2587 = DIRECTION('',(1.,0.,0.));
#2588 = ORIENTED_EDGE('',*,*,#2589,.F.);
#2589 = EDGE_CURVE('',#2590,#2582,#2592,.T.);
#2590 = VERTEX_POINT('',#2591);
#2591 = CARTESIAN_POINT('',(-0.955,0.6,4.5E-02));
#2592 = LINE('',#2593,#2594);
#2593 = CARTESIAN_POINT('',(-0.955,0.6,4.5E-02));
#2594 = VECTOR('',#2595,1.);
#2595 = DIRECTION('',(0.,0.,1.));
#2596 = ORIENTED_EDGE('',*,*,#2597,.T.);
#2597 = EDGE_CURVE('',#2590,#2598,#2600,.T.);
#2598 = VERTEX_POINT('',#2599);
#2599 = CARTESIAN_POINT('',(-0.7,0.6,4.5E-02));
#2600 = LINE('',#2601,#2602);
#2601 = CARTESIAN_POINT('',(-0.955,0.6,4.5E-02));
#2602 = VECTOR('',#2603,1.);
#2603 = DIRECTION('',(1.,0.,0.));
#2604 = ORIENTED_EDGE('',*,*,#2605,.T.);
#2605 = EDGE_CURVE('',#2598,#2554,#2606,.T.);
#2606 = CIRCLE('',#2607,4.5E-02);
#2607 = AXIS2_PLACEMENT_3D('',#2608,#2609,#2610);
#2608 = CARTESIAN_POINT('',(-0.745,0.6,4.5E-02));
#2609 = DIRECTION('',(0.,1.,0.));
#2610 = DIRECTION('',(0.,-0.,1.));
#2611 = PLANE('',#2612);
#2612 = AXIS2_PLACEMENT_3D('',#2613,#2614,#2615);
#2613 = CARTESIAN_POINT('',(-1.,0.6,0.));
#2614 = DIRECTION('',(0.,1.,0.));
#2615 = DIRECTION('',(0.,-0.,1.));
#2616 = ADVANCED_FACE('',(#2617),#2628,.F.);
#2617 = FACE_BOUND('',#2618,.F.);
#2618 = EDGE_LOOP('',(#2619,#2620,#2621,#2622));
#2619 = ORIENTED_EDGE('',*,*,#2553,.F.);
#2620 = ORIENTED_EDGE('',*,*,#2513,.F.);
#2621 = ORIENTED_EDGE('',*,*,#2420,.T.);
#2622 = ORIENTED_EDGE('',*,*,#2623,.T.);
#2623 = EDGE_CURVE('',#2423,#2554,#2624,.T.);
#2624 = LINE('',#2625,#2626);
#2625 = CARTESIAN_POINT('',(-0.745,-0.6,-2.775557561563E-17));
#2626 = VECTOR('',#2627,1.);
#2627 = DIRECTION('',(0.,1.,0.));
#2628 = PLANE('',#2629);
#2629 = AXIS2_PLACEMENT_3D('',#2630,#2631,#2632);
#2630 = CARTESIAN_POINT('',(-1.,-0.6,0.));
#2631 = DIRECTION('',(0.,0.,1.));
#2632 = DIRECTION('',(1.,0.,-0.));
#2633 = ADVANCED_FACE('',(#2634),#2645,.T.);
#2634 = FACE_BOUND('',#2635,.T.);
#2635 = EDGE_LOOP('',(#2636,#2637,#2638,#2639));
#2636 = ORIENTED_EDGE('',*,*,#2488,.T.);
#2637 = ORIENTED_EDGE('',*,*,#2623,.T.);
#2638 = ORIENTED_EDGE('',*,*,#2605,.F.);
#2639 = ORIENTED_EDGE('',*,*,#2640,.F.);
#2640 = EDGE_CURVE('',#2481,#2598,#2641,.T.);
#2641 = LINE('',#2642,#2643);
#2642 = CARTESIAN_POINT('',(-0.7,-0.6,4.5E-02));
#2643 = VECTOR('',#2644,1.);
#2644 = DIRECTION('',(0.,1.,0.));
#2645 = CYLINDRICAL_SURFACE('',#2646,4.5E-02);
#2646 = AXIS2_PLACEMENT_3D('',#2647,#2648,#2649);
#2647 = CARTESIAN_POINT('',(-0.745,-0.6,4.5E-02));
#2648 = DIRECTION('',(0.,1.,0.));
#2649 = DIRECTION('',(1.,0.,0.));
#2650 = ADVANCED_FACE('',(#2651),#2694,.F.);
#2651 = FACE_BOUND('',#2652,.F.);
#2652 = EDGE_LOOP('',(#2653,#2654,#2655,#2656,#2664,#2672,#2680,#2688));
#2653 = ORIENTED_EDGE('',*,*,#2480,.F.);
#2654 = ORIENTED_EDGE('',*,*,#2472,.T.);
#2655 = ORIENTED_EDGE('',*,*,#2464,.T.);
#2656 = ORIENTED_EDGE('',*,*,#2657,.T.);
#2657 = EDGE_CURVE('',#2456,#2658,#2660,.T.);
#2658 = VERTEX_POINT('',#2659);
#2659 = CARTESIAN_POINT('',(0.7,-0.6,0.405));
#2660 = LINE('',#2661,#2662);
#2661 = CARTESIAN_POINT('',(-0.7,-0.6,0.405));
#2662 = VECTOR('',#2663,1.);
#2663 = DIRECTION('',(1.,0.,0.));
#2664 = ORIENTED_EDGE('',*,*,#2665,.T.);
#2665 = EDGE_CURVE('',#2658,#2666,#2668,.T.);
#2666 = VERTEX_POINT('',#2667);
#2667 = CARTESIAN_POINT('',(0.955,-0.6,0.405));
#2668 = LINE('',#2669,#2670);
#2669 = CARTESIAN_POINT('',(-0.955,-0.6,0.405));
#2670 = VECTOR('',#2671,1.);
#2671 = DIRECTION('',(1.,0.,0.));
#2672 = ORIENTED_EDGE('',*,*,#2673,.F.);
#2673 = EDGE_CURVE('',#2674,#2666,#2676,.T.);
#2674 = VERTEX_POINT('',#2675);
#2675 = CARTESIAN_POINT('',(0.955,-0.6,4.5E-02));
#2676 = LINE('',#2677,#2678);
#2677 = CARTESIAN_POINT('',(0.955,-0.6,4.5E-02));
#2678 = VECTOR('',#2679,1.);
#2679 = DIRECTION('',(0.,0.,1.));
#2680 = ORIENTED_EDGE('',*,*,#2681,.F.);
#2681 = EDGE_CURVE('',#2682,#2674,#2684,.T.);
#2682 = VERTEX_POINT('',#2683);
#2683 = CARTESIAN_POINT('',(0.7,-0.6,4.5E-02));
#2684 = LINE('',#2685,#2686);
#2685 = CARTESIAN_POINT('',(-0.955,-0.6,4.5E-02));
#2686 = VECTOR('',#2687,1.);
#2687 = DIRECTION('',(1.,0.,0.));
#2688 = ORIENTED_EDGE('',*,*,#2689,.F.);
#2689 = EDGE_CURVE('',#2481,#2682,#2690,.T.);
#2690 = LINE('',#2691,#2692);
#2691 = CARTESIAN_POINT('',(-0.955,-0.6,4.5E-02));
#2692 = VECTOR('',#2693,1.);
#2693 = DIRECTION('',(1.,0.,0.));
#2694 = PLANE('',#2695);
#2695 = AXIS2_PLACEMENT_3D('',#2696,#2697,#2698);
#2696 = CARTESIAN_POINT('',(-0.955,-0.6,4.5E-02));
#2697 = DIRECTION('',(0.,1.,0.));
#2698 = DIRECTION('',(0.,-0.,1.));
#2699 = ADVANCED_FACE('',(#2700),#2711,.T.);
#2700 = FACE_BOUND('',#2701,.T.);
#2701 = EDGE_LOOP('',(#2702,#2703,#2704,#2705));
#2702 = ORIENTED_EDGE('',*,*,#2564,.F.);
#2703 = ORIENTED_EDGE('',*,*,#2529,.F.);
#2704 = ORIENTED_EDGE('',*,*,#2447,.T.);
#2705 = ORIENTED_EDGE('',*,*,#2706,.T.);
#2706 = EDGE_CURVE('',#2448,#2565,#2707,.T.);
#2707 = LINE('',#2708,#2709);
#2708 = CARTESIAN_POINT('',(-0.745,-0.6,0.45));
#2709 = VECTOR('',#2710,1.);
#2710 = DIRECTION('',(0.,1.,0.));
#2711 = PLANE('',#2712);
#2712 = AXIS2_PLACEMENT_3D('',#2713,#2714,#2715);
#2713 = CARTESIAN_POINT('',(-1.,-0.6,0.45));
#2714 = DIRECTION('',(0.,0.,1.));
#2715 = DIRECTION('',(1.,0.,-0.));
#2716 = ADVANCED_FACE('',(#2717),#2728,.T.);
#2717 = FACE_BOUND('',#2718,.T.);
#2718 = EDGE_LOOP('',(#2719,#2725,#2726,#2727));
#2719 = ORIENTED_EDGE('',*,*,#2720,.T.);
#2720 = EDGE_CURVE('',#2456,#2573,#2721,.T.);
#2721 = LINE('',#2722,#2723);
#2722 = CARTESIAN_POINT('',(-0.7,-0.6,0.405));
#2723 = VECTOR('',#2724,1.);
#2724 = DIRECTION('',(0.,1.,0.));
#2725 = ORIENTED_EDGE('',*,*,#2572,.T.);
#2726 = ORIENTED_EDGE('',*,*,#2706,.F.);
#2727 = ORIENTED_EDGE('',*,*,#2455,.F.);
#2728 = CYLINDRICAL_SURFACE('',#2729,4.5E-02);
#2729 = AXIS2_PLACEMENT_3D('',#2730,#2731,#2732);
#2730 = CARTESIAN_POINT('',(-0.745,-0.6,0.405));
#2731 = DIRECTION('',(0.,1.,0.));
#2732 = DIRECTION('',(1.,0.,0.));
#2733 = ADVANCED_FACE('',(#2734),#2777,.T.);
#2734 = FACE_BOUND('',#2735,.T.);
#2735 = EDGE_LOOP('',(#2736,#2737,#2738,#2739,#2747,#2755,#2763,#2771));
#2736 = ORIENTED_EDGE('',*,*,#2597,.F.);
#2737 = ORIENTED_EDGE('',*,*,#2589,.T.);
#2738 = ORIENTED_EDGE('',*,*,#2581,.T.);
#2739 = ORIENTED_EDGE('',*,*,#2740,.T.);
#2740 = EDGE_CURVE('',#2573,#2741,#2743,.T.);
#2741 = VERTEX_POINT('',#2742);
#2742 = CARTESIAN_POINT('',(0.7,0.6,0.405));
#2743 = LINE('',#2744,#2745);
#2744 = CARTESIAN_POINT('',(-0.7,0.6,0.405));
#2745 = VECTOR('',#2746,1.);
#2746 = DIRECTION('',(1.,0.,0.));
#2747 = ORIENTED_EDGE('',*,*,#2748,.T.);
#2748 = EDGE_CURVE('',#2741,#2749,#2751,.T.);
#2749 = VERTEX_POINT('',#2750);
#2750 = CARTESIAN_POINT('',(0.955,0.6,0.405));
#2751 = LINE('',#2752,#2753);
#2752 = CARTESIAN_POINT('',(-0.955,0.6,0.405));
#2753 = VECTOR('',#2754,1.);
#2754 = DIRECTION('',(1.,0.,0.));
#2755 = ORIENTED_EDGE('',*,*,#2756,.F.);
#2756 = EDGE_CURVE('',#2757,#2749,#2759,.T.);
#2757 = VERTEX_POINT('',#2758);
#2758 = CARTESIAN_POINT('',(0.955,0.6,4.5E-02));
#2759 = LINE('',#2760,#2761);
#2760 = CARTESIAN_POINT('',(0.955,0.6,4.5E-02));
#2761 = VECTOR('',#2762,1.);
#2762 = DIRECTION('',(0.,0.,1.));
#2763 = ORIENTED_EDGE('',*,*,#2764,.F.);
#2764 = EDGE_CURVE('',#2765,#2757,#2767,.T.);
#2765 = VERTEX_POINT('',#2766);
#2766 = CARTESIAN_POINT('',(0.7,0.6,4.5E-02));
#2767 = LINE('',#2768,#2769);
#2768 = CARTESIAN_POINT('',(-0.955,0.6,4.5E-02));
#2769 = VECTOR('',#2770,1.);
#2770 = DIRECTION('',(1.,0.,0.));
#2771 = ORIENTED_EDGE('',*,*,#2772,.F.);
#2772 = EDGE_CURVE('',#2598,#2765,#2773,.T.);
#2773 = LINE('',#2774,#2775);
#2774 = CARTESIAN_POINT('',(-0.955,0.6,4.5E-02));
#2775 = VECTOR('',#2776,1.);
#2776 = DIRECTION('',(1.,0.,0.));
#2777 = PLANE('',#2778);
#2778 = AXIS2_PLACEMENT_3D('',#2779,#2780,#2781);
#2779 = CARTESIAN_POINT('',(-0.955,0.6,4.5E-02));
#2780 = DIRECTION('',(0.,1.,0.));
#2781 = DIRECTION('',(0.,-0.,1.));
#2782 = ADVANCED_FACE('',(#2783),#2794,.F.);
#2783 = FACE_BOUND('',#2784,.F.);
#2784 = EDGE_LOOP('',(#2785,#2786,#2787,#2793));
#2785 = ORIENTED_EDGE('',*,*,#2640,.F.);
#2786 = ORIENTED_EDGE('',*,*,#2689,.T.);
#2787 = ORIENTED_EDGE('',*,*,#2788,.T.);
#2788 = EDGE_CURVE('',#2682,#2765,#2789,.T.);
#2789 = LINE('',#2790,#2791);
#2790 = CARTESIAN_POINT('',(0.7,-0.6,4.5E-02));
#2791 = VECTOR('',#2792,1.);
#2792 = DIRECTION('',(0.,1.,0.));
#2793 = ORIENTED_EDGE('',*,*,#2772,.F.);
#2794 = PLANE('',#2795);
#2795 = AXIS2_PLACEMENT_3D('',#2796,#2797,#2798);
#2796 = CARTESIAN_POINT('',(-0.955,-0.6,4.5E-02));
#2797 = DIRECTION('',(0.,0.,1.));
#2798 = DIRECTION('',(1.,0.,-0.));
#2799 = ADVANCED_FACE('',(#2800),#2863,.F.);
#2800 = FACE_BOUND('',#2801,.F.);
#2801 = EDGE_LOOP('',(#2802,#2812,#2819,#2820,#2821,#2822,#2831,#2839,
    #2848,#2856));
#2802 = ORIENTED_EDGE('',*,*,#2803,.F.);
#2803 = EDGE_CURVE('',#2804,#2806,#2808,.T.);
#2804 = VERTEX_POINT('',#2805);
#2805 = CARTESIAN_POINT('',(0.745,-0.6,-2.775557561563E-17));
#2806 = VERTEX_POINT('',#2807);
#2807 = CARTESIAN_POINT('',(0.955,-0.6,-2.775557561563E-17));
#2808 = LINE('',#2809,#2810);
#2809 = CARTESIAN_POINT('',(0.7,-0.6,0.));
#2810 = VECTOR('',#2811,1.);
#2811 = DIRECTION('',(1.,0.,0.));
#2812 = ORIENTED_EDGE('',*,*,#2813,.F.);
#2813 = EDGE_CURVE('',#2682,#2804,#2814,.T.);
#2814 = CIRCLE('',#2815,4.5E-02);
#2815 = AXIS2_PLACEMENT_3D('',#2816,#2817,#2818);
#2816 = CARTESIAN_POINT('',(0.745,-0.6,4.5E-02));
#2817 = DIRECTION('',(0.,-1.,0.));
#2818 = DIRECTION('',(0.,0.,1.));
#2819 = ORIENTED_EDGE('',*,*,#2681,.T.);
#2820 = ORIENTED_EDGE('',*,*,#2673,.T.);
#2821 = ORIENTED_EDGE('',*,*,#2665,.F.);
#2822 = ORIENTED_EDGE('',*,*,#2823,.T.);
#2823 = EDGE_CURVE('',#2658,#2824,#2826,.T.);
#2824 = VERTEX_POINT('',#2825);
#2825 = CARTESIAN_POINT('',(0.745,-0.6,0.45));
#2826 = CIRCLE('',#2827,4.5E-02);
#2827 = AXIS2_PLACEMENT_3D('',#2828,#2829,#2830);
#2828 = CARTESIAN_POINT('',(0.745,-0.6,0.405));
#2829 = DIRECTION('',(0.,1.,0.));
#2830 = DIRECTION('',(0.,-0.,1.));
#2831 = ORIENTED_EDGE('',*,*,#2832,.T.);
#2832 = EDGE_CURVE('',#2824,#2833,#2835,.T.);
#2833 = VERTEX_POINT('',#2834);
#2834 = CARTESIAN_POINT('',(0.955,-0.6,0.45));
#2835 = LINE('',#2836,#2837);
#2836 = CARTESIAN_POINT('',(0.7,-0.6,0.45));
#2837 = VECTOR('',#2838,1.);
#2838 = DIRECTION('',(1.,0.,0.));
#2839 = ORIENTED_EDGE('',*,*,#2840,.F.);
#2840 = EDGE_CURVE('',#2841,#2833,#2843,.T.);
#2841 = VERTEX_POINT('',#2842);
#2842 = CARTESIAN_POINT('',(1.,-0.6,0.405));
#2843 = CIRCLE('',#2844,4.5E-02);
#2844 = AXIS2_PLACEMENT_3D('',#2845,#2846,#2847);
#2845 = CARTESIAN_POINT('',(0.955,-0.6,0.405));
#2846 = DIRECTION('',(0.,-1.,0.));
#2847 = DIRECTION('',(0.,0.,1.));
#2848 = ORIENTED_EDGE('',*,*,#2849,.F.);
#2849 = EDGE_CURVE('',#2850,#2841,#2852,.T.);
#2850 = VERTEX_POINT('',#2851);
#2851 = CARTESIAN_POINT('',(1.,-0.6,4.5E-02));
#2852 = LINE('',#2853,#2854);
#2853 = CARTESIAN_POINT('',(1.,-0.6,0.));
#2854 = VECTOR('',#2855,1.);
#2855 = DIRECTION('',(0.,0.,1.));
#2856 = ORIENTED_EDGE('',*,*,#2857,.T.);
#2857 = EDGE_CURVE('',#2850,#2806,#2858,.T.);
#2858 = CIRCLE('',#2859,4.5E-02);
#2859 = AXIS2_PLACEMENT_3D('',#2860,#2861,#2862);
#2860 = CARTESIAN_POINT('',(0.955,-0.6,4.5E-02));
#2861 = DIRECTION('',(0.,1.,0.));
#2862 = DIRECTION('',(0.,-0.,1.));
#2863 = PLANE('',#2864);
#2864 = AXIS2_PLACEMENT_3D('',#2865,#2866,#2867);
#2865 = CARTESIAN_POINT('',(0.7,-0.6,0.));
#2866 = DIRECTION('',(0.,1.,0.));
#2867 = DIRECTION('',(0.,-0.,1.));
#2868 = ADVANCED_FACE('',(#2869),#2894,.F.);
#2869 = FACE_BOUND('',#2870,.F.);
#2870 = EDGE_LOOP('',(#2871,#2872,#2880,#2888));
#2871 = ORIENTED_EDGE('',*,*,#2657,.F.);
#2872 = ORIENTED_EDGE('',*,*,#2873,.T.);
#2873 = EDGE_CURVE('',#2456,#2874,#2876,.T.);
#2874 = VERTEX_POINT('',#2875);
#2875 = CARTESIAN_POINT('',(-0.7,-0.6,0.45));
#2876 = LINE('',#2877,#2878);
#2877 = CARTESIAN_POINT('',(-0.7,-0.6,0.405));
#2878 = VECTOR('',#2879,1.);
#2879 = DIRECTION('',(0.,0.,1.));
#2880 = ORIENTED_EDGE('',*,*,#2881,.T.);
#2881 = EDGE_CURVE('',#2874,#2882,#2884,.T.);
#2882 = VERTEX_POINT('',#2883);
#2883 = CARTESIAN_POINT('',(0.7,-0.6,0.45));
#2884 = LINE('',#2885,#2886);
#2885 = CARTESIAN_POINT('',(-0.7,-0.6,0.45));
#2886 = VECTOR('',#2887,1.);
#2887 = DIRECTION('',(1.,0.,0.));
#2888 = ORIENTED_EDGE('',*,*,#2889,.F.);
#2889 = EDGE_CURVE('',#2658,#2882,#2890,.T.);
#2890 = LINE('',#2891,#2892);
#2891 = CARTESIAN_POINT('',(0.7,-0.6,0.405));
#2892 = VECTOR('',#2893,1.);
#2893 = DIRECTION('',(0.,0.,1.));
#2894 = PLANE('',#2895);
#2895 = AXIS2_PLACEMENT_3D('',#2896,#2897,#2898);
#2896 = CARTESIAN_POINT('',(-0.7,-0.6,0.405));
#2897 = DIRECTION('',(0.,1.,0.));
#2898 = DIRECTION('',(0.,-0.,1.));
#2899 = ADVANCED_FACE('',(#2900),#2918,.F.);
#2900 = FACE_BOUND('',#2901,.F.);
#2901 = EDGE_LOOP('',(#2902,#2903,#2904,#2912));
#2902 = ORIENTED_EDGE('',*,*,#2873,.F.);
#2903 = ORIENTED_EDGE('',*,*,#2720,.T.);
#2904 = ORIENTED_EDGE('',*,*,#2905,.T.);
#2905 = EDGE_CURVE('',#2573,#2906,#2908,.T.);
#2906 = VERTEX_POINT('',#2907);
#2907 = CARTESIAN_POINT('',(-0.7,0.6,0.45));
#2908 = LINE('',#2909,#2910);
#2909 = CARTESIAN_POINT('',(-0.7,0.6,0.405));
#2910 = VECTOR('',#2911,1.);
#2911 = DIRECTION('',(0.,0.,1.));
#2912 = ORIENTED_EDGE('',*,*,#2913,.F.);
#2913 = EDGE_CURVE('',#2874,#2906,#2914,.T.);
#2914 = LINE('',#2915,#2916);
#2915 = CARTESIAN_POINT('',(-0.7,-0.6,0.45));
#2916 = VECTOR('',#2917,1.);
#2917 = DIRECTION('',(0.,1.,0.));
#2918 = PLANE('',#2919);
#2919 = AXIS2_PLACEMENT_3D('',#2920,#2921,#2922);
#2920 = CARTESIAN_POINT('',(-0.7,-0.6,0.405));
#2921 = DIRECTION('',(1.,0.,0.));
#2922 = DIRECTION('',(0.,0.,1.));
#2923 = ADVANCED_FACE('',(#2924),#2987,.T.);
#2924 = FACE_BOUND('',#2925,.T.);
#2925 = EDGE_LOOP('',(#2926,#2936,#2943,#2944,#2945,#2946,#2955,#2963,
    #2972,#2980));
#2926 = ORIENTED_EDGE('',*,*,#2927,.F.);
#2927 = EDGE_CURVE('',#2928,#2930,#2932,.T.);
#2928 = VERTEX_POINT('',#2929);
#2929 = CARTESIAN_POINT('',(0.745,0.6,-2.775557561563E-17));
#2930 = VERTEX_POINT('',#2931);
#2931 = CARTESIAN_POINT('',(0.955,0.6,-2.775557561563E-17));
#2932 = LINE('',#2933,#2934);
#2933 = CARTESIAN_POINT('',(0.7,0.6,0.));
#2934 = VECTOR('',#2935,1.);
#2935 = DIRECTION('',(1.,0.,0.));
#2936 = ORIENTED_EDGE('',*,*,#2937,.F.);
#2937 = EDGE_CURVE('',#2765,#2928,#2938,.T.);
#2938 = CIRCLE('',#2939,4.5E-02);
#2939 = AXIS2_PLACEMENT_3D('',#2940,#2941,#2942);
#2940 = CARTESIAN_POINT('',(0.745,0.6,4.5E-02));
#2941 = DIRECTION('',(0.,-1.,0.));
#2942 = DIRECTION('',(0.,0.,1.));
#2943 = ORIENTED_EDGE('',*,*,#2764,.T.);
#2944 = ORIENTED_EDGE('',*,*,#2756,.T.);
#2945 = ORIENTED_EDGE('',*,*,#2748,.F.);
#2946 = ORIENTED_EDGE('',*,*,#2947,.T.);
#2947 = EDGE_CURVE('',#2741,#2948,#2950,.T.);
#2948 = VERTEX_POINT('',#2949);
#2949 = CARTESIAN_POINT('',(0.745,0.6,0.45));
#2950 = CIRCLE('',#2951,4.5E-02);
#2951 = AXIS2_PLACEMENT_3D('',#2952,#2953,#2954);
#2952 = CARTESIAN_POINT('',(0.745,0.6,0.405));
#2953 = DIRECTION('',(0.,1.,0.));
#2954 = DIRECTION('',(0.,-0.,1.));
#2955 = ORIENTED_EDGE('',*,*,#2956,.T.);
#2956 = EDGE_CURVE('',#2948,#2957,#2959,.T.);
#2957 = VERTEX_POINT('',#2958);
#2958 = CARTESIAN_POINT('',(0.955,0.6,0.45));
#2959 = LINE('',#2960,#2961);
#2960 = CARTESIAN_POINT('',(0.7,0.6,0.45));
#2961 = VECTOR('',#2962,1.);
#2962 = DIRECTION('',(1.,0.,0.));
#2963 = ORIENTED_EDGE('',*,*,#2964,.F.);
#2964 = EDGE_CURVE('',#2965,#2957,#2967,.T.);
#2965 = VERTEX_POINT('',#2966);
#2966 = CARTESIAN_POINT('',(1.,0.6,0.405));
#2967 = CIRCLE('',#2968,4.5E-02);
#2968 = AXIS2_PLACEMENT_3D('',#2969,#2970,#2971);
#2969 = CARTESIAN_POINT('',(0.955,0.6,0.405));
#2970 = DIRECTION('',(0.,-1.,0.));
#2971 = DIRECTION('',(0.,0.,1.));
#2972 = ORIENTED_EDGE('',*,*,#2973,.F.);
#2973 = EDGE_CURVE('',#2974,#2965,#2976,.T.);
#2974 = VERTEX_POINT('',#2975);
#2975 = CARTESIAN_POINT('',(1.,0.6,4.5E-02));
#2976 = LINE('',#2977,#2978);
#2977 = CARTESIAN_POINT('',(1.,0.6,0.));
#2978 = VECTOR('',#2979,1.);
#2979 = DIRECTION('',(0.,0.,1.));
#2980 = ORIENTED_EDGE('',*,*,#2981,.T.);
#2981 = EDGE_CURVE('',#2974,#2930,#2982,.T.);
#2982 = CIRCLE('',#2983,4.5E-02);
#2983 = AXIS2_PLACEMENT_3D('',#2984,#2985,#2986);
#2984 = CARTESIAN_POINT('',(0.955,0.6,4.5E-02));
#2985 = DIRECTION('',(0.,1.,0.));
#2986 = DIRECTION('',(0.,-0.,1.));
#2987 = PLANE('',#2988);
#2988 = AXIS2_PLACEMENT_3D('',#2989,#2990,#2991);
#2989 = CARTESIAN_POINT('',(0.7,0.6,0.));
#2990 = DIRECTION('',(0.,1.,0.));
#2991 = DIRECTION('',(0.,-0.,1.));
#2992 = ADVANCED_FACE('',(#2993),#3011,.T.);
#2993 = FACE_BOUND('',#2994,.T.);
#2994 = EDGE_LOOP('',(#2995,#2996,#2997,#3005));
#2995 = ORIENTED_EDGE('',*,*,#2740,.F.);
#2996 = ORIENTED_EDGE('',*,*,#2905,.T.);
#2997 = ORIENTED_EDGE('',*,*,#2998,.T.);
#2998 = EDGE_CURVE('',#2906,#2999,#3001,.T.);
#2999 = VERTEX_POINT('',#3000);
#3000 = CARTESIAN_POINT('',(0.7,0.6,0.45));
#3001 = LINE('',#3002,#3003);
#3002 = CARTESIAN_POINT('',(-0.7,0.6,0.45));
#3003 = VECTOR('',#3004,1.);
#3004 = DIRECTION('',(1.,0.,0.));
#3005 = ORIENTED_EDGE('',*,*,#3006,.F.);
#3006 = EDGE_CURVE('',#2741,#2999,#3007,.T.);
#3007 = LINE('',#3008,#3009);
#3008 = CARTESIAN_POINT('',(0.7,0.6,0.405));
#3009 = VECTOR('',#3010,1.);
#3010 = DIRECTION('',(0.,0.,1.));
#3011 = PLANE('',#3012);
#3012 = AXIS2_PLACEMENT_3D('',#3013,#3014,#3015);
#3013 = CARTESIAN_POINT('',(-0.7,0.6,0.405));
#3014 = DIRECTION('',(0.,1.,0.));
#3015 = DIRECTION('',(0.,-0.,1.));
#3016 = ADVANCED_FACE('',(#3017),#3028,.T.);
#3017 = FACE_BOUND('',#3018,.T.);
#3018 = EDGE_LOOP('',(#3019,#3020,#3021,#3027));
#3019 = ORIENTED_EDGE('',*,*,#2788,.T.);
#3020 = ORIENTED_EDGE('',*,*,#2937,.T.);
#3021 = ORIENTED_EDGE('',*,*,#3022,.F.);
#3022 = EDGE_CURVE('',#2804,#2928,#3023,.T.);
#3023 = LINE('',#3024,#3025);
#3024 = CARTESIAN_POINT('',(0.745,-0.6,-2.775557561563E-17));
#3025 = VECTOR('',#3026,1.);
#3026 = DIRECTION('',(0.,1.,0.));
#3027 = ORIENTED_EDGE('',*,*,#2813,.F.);
#3028 = CYLINDRICAL_SURFACE('',#3029,4.5E-02);
#3029 = AXIS2_PLACEMENT_3D('',#3030,#3031,#3032);
#3030 = CARTESIAN_POINT('',(0.745,-0.6,4.5E-02));
#3031 = DIRECTION('',(0.,1.,0.));
#3032 = DIRECTION('',(-1.,0.,0.));
#3033 = ADVANCED_FACE('',(#3034),#3045,.F.);
#3034 = FACE_BOUND('',#3035,.F.);
#3035 = EDGE_LOOP('',(#3036,#3037,#3038,#3039));
#3036 = ORIENTED_EDGE('',*,*,#2927,.F.);
#3037 = ORIENTED_EDGE('',*,*,#3022,.F.);
#3038 = ORIENTED_EDGE('',*,*,#2803,.T.);
#3039 = ORIENTED_EDGE('',*,*,#3040,.T.);
#3040 = EDGE_CURVE('',#2806,#2930,#3041,.T.);
#3041 = LINE('',#3042,#3043);
#3042 = CARTESIAN_POINT('',(0.955,-0.6,-2.775557561563E-17));
#3043 = VECTOR('',#3044,1.);
#3044 = DIRECTION('',(0.,1.,0.));
#3045 = PLANE('',#3046);
#3046 = AXIS2_PLACEMENT_3D('',#3047,#3048,#3049);
#3047 = CARTESIAN_POINT('',(0.7,-0.6,0.));
#3048 = DIRECTION('',(0.,0.,1.));
#3049 = DIRECTION('',(1.,0.,-0.));
#3050 = ADVANCED_FACE('',(#3051),#3062,.T.);
#3051 = FACE_BOUND('',#3052,.T.);
#3052 = EDGE_LOOP('',(#3053,#3054,#3055,#3056));
#3053 = ORIENTED_EDGE('',*,*,#2857,.T.);
#3054 = ORIENTED_EDGE('',*,*,#3040,.T.);
#3055 = ORIENTED_EDGE('',*,*,#2981,.F.);
#3056 = ORIENTED_EDGE('',*,*,#3057,.F.);
#3057 = EDGE_CURVE('',#2850,#2974,#3058,.T.);
#3058 = LINE('',#3059,#3060);
#3059 = CARTESIAN_POINT('',(1.,-0.6,4.5E-02));
#3060 = VECTOR('',#3061,1.);
#3061 = DIRECTION('',(0.,1.,0.));
#3062 = CYLINDRICAL_SURFACE('',#3063,4.5E-02);
#3063 = AXIS2_PLACEMENT_3D('',#3064,#3065,#3066);
#3064 = CARTESIAN_POINT('',(0.955,-0.6,4.5E-02));
#3065 = DIRECTION('',(0.,1.,0.));
#3066 = DIRECTION('',(1.,0.,0.));
#3067 = ADVANCED_FACE('',(#3068),#3079,.T.);
#3068 = FACE_BOUND('',#3069,.T.);
#3069 = EDGE_LOOP('',(#3070,#3071,#3072,#3073));
#3070 = ORIENTED_EDGE('',*,*,#2849,.F.);
#3071 = ORIENTED_EDGE('',*,*,#3057,.T.);
#3072 = ORIENTED_EDGE('',*,*,#2973,.T.);
#3073 = ORIENTED_EDGE('',*,*,#3074,.F.);
#3074 = EDGE_CURVE('',#2841,#2965,#3075,.T.);
#3075 = LINE('',#3076,#3077);
#3076 = CARTESIAN_POINT('',(1.,-0.6,0.405));
#3077 = VECTOR('',#3078,1.);
#3078 = DIRECTION('',(0.,1.,0.));
#3079 = PLANE('',#3080);
#3080 = AXIS2_PLACEMENT_3D('',#3081,#3082,#3083);
#3081 = CARTESIAN_POINT('',(1.,-0.6,0.));
#3082 = DIRECTION('',(1.,0.,0.));
#3083 = DIRECTION('',(0.,0.,1.));
#3084 = ADVANCED_FACE('',(#3085),#3096,.T.);
#3085 = FACE_BOUND('',#3086,.T.);
#3086 = EDGE_LOOP('',(#3087,#3088,#3089,#3095));
#3087 = ORIENTED_EDGE('',*,*,#3074,.T.);
#3088 = ORIENTED_EDGE('',*,*,#2964,.T.);
#3089 = ORIENTED_EDGE('',*,*,#3090,.F.);
#3090 = EDGE_CURVE('',#2833,#2957,#3091,.T.);
#3091 = LINE('',#3092,#3093);
#3092 = CARTESIAN_POINT('',(0.955,-0.6,0.45));
#3093 = VECTOR('',#3094,1.);
#3094 = DIRECTION('',(0.,1.,0.));
#3095 = ORIENTED_EDGE('',*,*,#2840,.F.);
#3096 = CYLINDRICAL_SURFACE('',#3097,4.5E-02);
#3097 = AXIS2_PLACEMENT_3D('',#3098,#3099,#3100);
#3098 = CARTESIAN_POINT('',(0.955,-0.6,0.405));
#3099 = DIRECTION('',(0.,1.,0.));
#3100 = DIRECTION('',(1.,0.,0.));
#3101 = ADVANCED_FACE('',(#3102),#3113,.T.);
#3102 = FACE_BOUND('',#3103,.T.);
#3103 = EDGE_LOOP('',(#3104,#3105,#3111,#3112));
#3104 = ORIENTED_EDGE('',*,*,#2956,.F.);
#3105 = ORIENTED_EDGE('',*,*,#3106,.F.);
#3106 = EDGE_CURVE('',#2824,#2948,#3107,.T.);
#3107 = LINE('',#3108,#3109);
#3108 = CARTESIAN_POINT('',(0.745,-0.6,0.45));
#3109 = VECTOR('',#3110,1.);
#3110 = DIRECTION('',(0.,1.,0.));
#3111 = ORIENTED_EDGE('',*,*,#2832,.T.);
#3112 = ORIENTED_EDGE('',*,*,#3090,.T.);
#3113 = PLANE('',#3114);
#3114 = AXIS2_PLACEMENT_3D('',#3115,#3116,#3117);
#3115 = CARTESIAN_POINT('',(0.7,-0.6,0.45));
#3116 = DIRECTION('',(0.,0.,1.));
#3117 = DIRECTION('',(1.,0.,-0.));
#3118 = ADVANCED_FACE('',(#3119),#3130,.T.);
#3119 = FACE_BOUND('',#3120,.T.);
#3120 = EDGE_LOOP('',(#3121,#3122,#3123,#3124));
#3121 = ORIENTED_EDGE('',*,*,#2823,.T.);
#3122 = ORIENTED_EDGE('',*,*,#3106,.T.);
#3123 = ORIENTED_EDGE('',*,*,#2947,.F.);
#3124 = ORIENTED_EDGE('',*,*,#3125,.F.);
#3125 = EDGE_CURVE('',#2658,#2741,#3126,.T.);
#3126 = LINE('',#3127,#3128);
#3127 = CARTESIAN_POINT('',(0.7,-0.6,0.405));
#3128 = VECTOR('',#3129,1.);
#3129 = DIRECTION('',(0.,1.,0.));
#3130 = CYLINDRICAL_SURFACE('',#3131,4.5E-02);
#3131 = AXIS2_PLACEMENT_3D('',#3132,#3133,#3134);
#3132 = CARTESIAN_POINT('',(0.745,-0.6,0.405));
#3133 = DIRECTION('',(0.,1.,0.));
#3134 = DIRECTION('',(-1.,0.,0.));
#3135 = ADVANCED_FACE('',(#3136),#3147,.T.);
#3136 = FACE_BOUND('',#3137,.T.);
#3137 = EDGE_LOOP('',(#3138,#3139,#3140,#3141));
#3138 = ORIENTED_EDGE('',*,*,#2889,.F.);
#3139 = ORIENTED_EDGE('',*,*,#3125,.T.);
#3140 = ORIENTED_EDGE('',*,*,#3006,.T.);
#3141 = ORIENTED_EDGE('',*,*,#3142,.F.);
#3142 = EDGE_CURVE('',#2882,#2999,#3143,.T.);
#3143 = LINE('',#3144,#3145);
#3144 = CARTESIAN_POINT('',(0.7,-0.6,0.45));
#3145 = VECTOR('',#3146,1.);
#3146 = DIRECTION('',(0.,1.,0.));
#3147 = PLANE('',#3148);
#3148 = AXIS2_PLACEMENT_3D('',#3149,#3150,#3151);
#3149 = CARTESIAN_POINT('',(0.7,-0.6,0.405));
#3150 = DIRECTION('',(1.,0.,0.));
#3151 = DIRECTION('',(0.,0.,1.));
#3152 = ADVANCED_FACE('',(#3153),#3159,.T.);
#3153 = FACE_BOUND('',#3154,.T.);
#3154 = EDGE_LOOP('',(#3155,#3156,#3157,#3158));
#3155 = ORIENTED_EDGE('',*,*,#2913,.F.);
#3156 = ORIENTED_EDGE('',*,*,#2881,.T.);
#3157 = ORIENTED_EDGE('',*,*,#3142,.T.);
#3158 = ORIENTED_EDGE('',*,*,#2998,.F.);
#3159 = PLANE('',#3160);
#3160 = AXIS2_PLACEMENT_3D('',#3161,#3162,#3163);
#3161 = CARTESIAN_POINT('',(-0.7,-0.6,0.45));
#3162 = DIRECTION('',(0.,0.,1.));
#3163 = DIRECTION('',(1.,0.,-0.));
#3164 = ( GEOMETRIC_REPRESENTATION_CONTEXT(3) 
GLOBAL_UNCERTAINTY_ASSIGNED_CONTEXT((#3168)) 
GLOBAL_UNIT_ASSIGNED_CONTEXT((#3165,#3166,#3167)) REPRESENTATION_CONTEXT
('Context #1','3D Context with UNIT and UNCERTAINTY') );
#3165 = ( LENGTH_UNIT() NAMED_UNIT(*) SI_UNIT(.MILLI.,.METRE.) );
#3166 = ( NAMED_UNIT(*) PLANE_ANGLE_UNIT() SI_UNIT($,.RADIAN.) );
#3167 = ( NAMED_UNIT(*) SI_UNIT($,.STERADIAN.) SOLID_ANGLE_UNIT() );
#3168 = UNCERTAINTY_MEASURE_WITH_UNIT(LENGTH_MEASURE(1.E-07),#3165,
  'distance_accuracy_value','confusion accuracy');
#3169 = CONTEXT_DEPENDENT_SHAPE_REPRESENTATION(#3170,#3172);
#3170 = ( REPRESENTATION_RELATIONSHIP('','',#2373,#10) 
REPRESENTATION_RELATIONSHIP_WITH_TRANSFORMATION(#3171) 
SHAPE_REPRESENTATION_RELATIONSHIP() );
#3171 = ITEM_DEFINED_TRANSFORMATION('','',#11,#31);
#3172 = PRODUCT_DEFINITION_SHAPE('Placement','Placement of an item',
  #3173);
#3173 = NEXT_ASSEMBLY_USAGE_OCCURRENCE('5','R1','',#5,#2368,$);
#3174 = PRODUCT_RELATED_PRODUCT_CATEGORY('part',$,(#2370));
#3175 = CONTEXT_DEPENDENT_SHAPE_REPRESENTATION(#3176,#3178);
#3176 = ( REPRESENTATION_RELATIONSHIP('','',#2373,#10) 
REPRESENTATION_RELATIONSHIP_WITH_TRANSFORMATION(#3177) 
SHAPE_REPRESENTATION_RELATIONSHIP() );
#3177 = ITEM_DEFINED_TRANSFORMATION('','',#11,#35);
#3178 = PRODUCT_DEFINITION_SHAPE('Placement','Placement of an item',
  #3179);
#3179 = NEXT_ASSEMBLY_USAGE_OCCURRENCE('6','R3','',#5,#2368,$);
#3180 = SHAPE_DEFINITION_REPRESENTATION(#3181,#3187);
#3181 = PRODUCT_DEFINITION_SHAPE('','',#3182);
#3182 = PRODUCT_DEFINITION('design','',#3183,#3186);
#3183 = PRODUCT_DEFINITION_FORMATION('','',#3184);
#3184 = PRODUCT('JST_EH_B4B-EH-A_1x04_P2.50mm_Vertical',
  'JST_EH_B4B-EH-A_1x04_P2.50mm_Vertical','',(#3185));
#3185 = PRODUCT_CONTEXT('',#2,'mechanical');
#3186 = PRODUCT_DEFINITION_CONTEXT('part definition',#2,'design');
#3187 = ADVANCED_BREP_SHAPE_REPRESENTATION('',(#11,#3188),#6898);
#3188 = MANIFOLD_SOLID_BREP('',#3189);
#3189 = CLOSED_SHELL('',(#3190,#3390,#3421,#3445,#3503,#3527,#3551,#3575
    ,#3633,#3657,#3681,#3705,#3763,#3787,#3811,#3835,#3893,#3917,#3941,
    #4021,#4045,#4109,#4133,#4197,#4221,#4294,#4327,#4358,#4414,#4438,
    #4487,#4518,#4542,#4566,#4583,#4614,#4638,#4662,#4679,#4742,#4766,
    #4822,#4839,#4920,#4944,#5173,#5190,#5207,#5224,#5236,#5248,#5265,
    #5282,#5299,#5311,#5328,#5345,#5392,#5418,#5435,#5461,#5494,#5525,
    #5549,#5573,#5590,#5621,#5645,#5669,#5686,#5733,#5764,#5776,#5793,
    #5819,#5852,#5869,#5886,#5903,#5920,#5937,#5954,#5966,#5997,#6021,
    #6045,#6062,#6093,#6117,#6141,#6158,#6189,#6213,#6237,#6254,#6285,
    #6309,#6333,#6350,#6367,#6384,#6396,#6408,#6420,#6437,#6454,#6466,
    #6497,#6521,#6545,#6562,#6593,#6617,#6641,#6658,#6689,#6713,#6737,
    #6754,#6785,#6809,#6833,#6850,#6862,#6874,#6886));
#3190 = ADVANCED_FACE('',(#3191),#3385,.F.);
#3191 = FACE_BOUND('',#3192,.F.);
#3192 = EDGE_LOOP('',(#3193,#3203,#3211,#3219,#3227,#3235,#3243,#3251,
    #3259,#3267,#3275,#3283,#3291,#3299,#3307,#3315,#3323,#3331,#3339,
    #3347,#3355,#3363,#3371,#3379));
#3193 = ORIENTED_EDGE('',*,*,#3194,.F.);
#3194 = EDGE_CURVE('',#3195,#3197,#3199,.T.);
#3195 = VERTEX_POINT('',#3196);
#3196 = CARTESIAN_POINT('',(-2.5,-2.2,0.));
#3197 = VERTEX_POINT('',#3198);
#3198 = CARTESIAN_POINT('',(-0.75,-2.2,0.));
#3199 = LINE('',#3200,#3201);
#3200 = CARTESIAN_POINT('',(-2.5,-2.2,0.));
#3201 = VECTOR('',#3202,1.);
#3202 = DIRECTION('',(1.,0.,0.));
#3203 = ORIENTED_EDGE('',*,*,#3204,.T.);
#3204 = EDGE_CURVE('',#3195,#3205,#3207,.T.);
#3205 = VERTEX_POINT('',#3206);
#3206 = CARTESIAN_POINT('',(-2.5,-2.2,5.2));
#3207 = LINE('',#3208,#3209);
#3208 = CARTESIAN_POINT('',(-2.5,-2.2,0.));
#3209 = VECTOR('',#3210,1.);
#3210 = DIRECTION('',(0.,0.,1.));
#3211 = ORIENTED_EDGE('',*,*,#3212,.T.);
#3212 = EDGE_CURVE('',#3205,#3213,#3215,.T.);
#3213 = VERTEX_POINT('',#3214);
#3214 = CARTESIAN_POINT('',(-1.5,-2.2,5.2));
#3215 = LINE('',#3216,#3217);
#3216 = CARTESIAN_POINT('',(-2.5,-2.2,5.2));
#3217 = VECTOR('',#3218,1.);
#3218 = DIRECTION('',(1.,0.,0.));
#3219 = ORIENTED_EDGE('',*,*,#3220,.T.);
#3220 = EDGE_CURVE('',#3213,#3221,#3223,.T.);
#3221 = VERTEX_POINT('',#3222);
#3222 = CARTESIAN_POINT('',(-1.5,-2.2,1.1));
#3223 = LINE('',#3224,#3225);
#3224 = CARTESIAN_POINT('',(-1.5,-2.2,1.5));
#3225 = VECTOR('',#3226,1.);
#3226 = DIRECTION('',(0.,0.,-1.));
#3227 = ORIENTED_EDGE('',*,*,#3228,.T.);
#3228 = EDGE_CURVE('',#3221,#3229,#3231,.T.);
#3229 = VERTEX_POINT('',#3230);
#3230 = CARTESIAN_POINT('',(9.,-2.2,1.1));
#3231 = LINE('',#3232,#3233);
#3232 = CARTESIAN_POINT('',(-1.5,-2.2,1.1));
#3233 = VECTOR('',#3234,1.);
#3234 = DIRECTION('',(1.,0.,0.));
#3235 = ORIENTED_EDGE('',*,*,#3236,.F.);
#3236 = EDGE_CURVE('',#3237,#3229,#3239,.T.);
#3237 = VERTEX_POINT('',#3238);
#3238 = CARTESIAN_POINT('',(9.,-2.2,5.2));
#3239 = LINE('',#3240,#3241);
#3240 = CARTESIAN_POINT('',(9.,-2.2,6.));
#3241 = VECTOR('',#3242,1.);
#3242 = DIRECTION('',(-0.,-0.,-1.));
#3243 = ORIENTED_EDGE('',*,*,#3244,.T.);
#3244 = EDGE_CURVE('',#3237,#3245,#3247,.T.);
#3245 = VERTEX_POINT('',#3246);
#3246 = CARTESIAN_POINT('',(10.,-2.2,5.2));
#3247 = LINE('',#3248,#3249);
#3248 = CARTESIAN_POINT('',(-2.5,-2.2,5.2));
#3249 = VECTOR('',#3250,1.);
#3250 = DIRECTION('',(1.,0.,0.));
#3251 = ORIENTED_EDGE('',*,*,#3252,.F.);
#3252 = EDGE_CURVE('',#3253,#3245,#3255,.T.);
#3253 = VERTEX_POINT('',#3254);
#3254 = CARTESIAN_POINT('',(10.,-2.2,0.));
#3255 = LINE('',#3256,#3257);
#3256 = CARTESIAN_POINT('',(10.,-2.2,0.));
#3257 = VECTOR('',#3258,1.);
#3258 = DIRECTION('',(0.,0.,1.));
#3259 = ORIENTED_EDGE('',*,*,#3260,.F.);
#3260 = EDGE_CURVE('',#3261,#3253,#3263,.T.);
#3261 = VERTEX_POINT('',#3262);
#3262 = CARTESIAN_POINT('',(8.25,-2.2,0.));
#3263 = LINE('',#3264,#3265);
#3264 = CARTESIAN_POINT('',(-2.5,-2.2,0.));
#3265 = VECTOR('',#3266,1.);
#3266 = DIRECTION('',(1.,0.,0.));
#3267 = ORIENTED_EDGE('',*,*,#3268,.T.);
#3268 = EDGE_CURVE('',#3261,#3269,#3271,.T.);
#3269 = VERTEX_POINT('',#3270);
#3270 = CARTESIAN_POINT('',(8.25,-2.2,0.3));
#3271 = LINE('',#3272,#3273);
#3272 = CARTESIAN_POINT('',(8.25,-2.2,0.));
#3273 = VECTOR('',#3274,1.);
#3274 = DIRECTION('',(0.,0.,1.));
#3275 = ORIENTED_EDGE('',*,*,#3276,.F.);
#3276 = EDGE_CURVE('',#3277,#3269,#3279,.T.);
#3277 = VERTEX_POINT('',#3278);
#3278 = CARTESIAN_POINT('',(6.75,-2.2,0.3));
#3279 = LINE('',#3280,#3281);
#3280 = CARTESIAN_POINT('',(6.75,-2.2,0.3));
#3281 = VECTOR('',#3282,1.);
#3282 = DIRECTION('',(1.,0.,0.));
#3283 = ORIENTED_EDGE('',*,*,#3284,.F.);
#3284 = EDGE_CURVE('',#3285,#3277,#3287,.T.);
#3285 = VERTEX_POINT('',#3286);
#3286 = CARTESIAN_POINT('',(6.75,-2.2,0.));
#3287 = LINE('',#3288,#3289);
#3288 = CARTESIAN_POINT('',(6.75,-2.2,0.));
#3289 = VECTOR('',#3290,1.);
#3290 = DIRECTION('',(0.,0.,1.));
#3291 = ORIENTED_EDGE('',*,*,#3292,.F.);
#3292 = EDGE_CURVE('',#3293,#3285,#3295,.T.);
#3293 = VERTEX_POINT('',#3294);
#3294 = CARTESIAN_POINT('',(5.75,-2.2,0.));
#3295 = LINE('',#3296,#3297);
#3296 = CARTESIAN_POINT('',(-2.5,-2.2,0.));
#3297 = VECTOR('',#3298,1.);
#3298 = DIRECTION('',(1.,0.,0.));
#3299 = ORIENTED_EDGE('',*,*,#3300,.T.);
#3300 = EDGE_CURVE('',#3293,#3301,#3303,.T.);
#3301 = VERTEX_POINT('',#3302);
#3302 = CARTESIAN_POINT('',(5.75,-2.2,0.3));
#3303 = LINE('',#3304,#3305);
#3304 = CARTESIAN_POINT('',(5.75,-2.2,0.));
#3305 = VECTOR('',#3306,1.);
#3306 = DIRECTION('',(0.,0.,1.));
#3307 = ORIENTED_EDGE('',*,*,#3308,.F.);
#3308 = EDGE_CURVE('',#3309,#3301,#3311,.T.);
#3309 = VERTEX_POINT('',#3310);
#3310 = CARTESIAN_POINT('',(4.25,-2.2,0.3));
#3311 = LINE('',#3312,#3313);
#3312 = CARTESIAN_POINT('',(4.25,-2.2,0.3));
#3313 = VECTOR('',#3314,1.);
#3314 = DIRECTION('',(1.,0.,0.));
#3315 = ORIENTED_EDGE('',*,*,#3316,.F.);
#3316 = EDGE_CURVE('',#3317,#3309,#3319,.T.);
#3317 = VERTEX_POINT('',#3318);
#3318 = CARTESIAN_POINT('',(4.25,-2.2,0.));
#3319 = LINE('',#3320,#3321);
#3320 = CARTESIAN_POINT('',(4.25,-2.2,0.));
#3321 = VECTOR('',#3322,1.);
#3322 = DIRECTION('',(0.,0.,1.));
#3323 = ORIENTED_EDGE('',*,*,#3324,.F.);
#3324 = EDGE_CURVE('',#3325,#3317,#3327,.T.);
#3325 = VERTEX_POINT('',#3326);
#3326 = CARTESIAN_POINT('',(3.25,-2.2,0.));
#3327 = LINE('',#3328,#3329);
#3328 = CARTESIAN_POINT('',(-2.5,-2.2,0.));
#3329 = VECTOR('',#3330,1.);
#3330 = DIRECTION('',(1.,0.,0.));
#3331 = ORIENTED_EDGE('',*,*,#3332,.T.);
#3332 = EDGE_CURVE('',#3325,#3333,#3335,.T.);
#3333 = VERTEX_POINT('',#3334);
#3334 = CARTESIAN_POINT('',(3.25,-2.2,0.3));
#3335 = LINE('',#3336,#3337);
#3336 = CARTESIAN_POINT('',(3.25,-2.2,0.));
#3337 = VECTOR('',#3338,1.);
#3338 = DIRECTION('',(0.,0.,1.));
#3339 = ORIENTED_EDGE('',*,*,#3340,.F.);
#3340 = EDGE_CURVE('',#3341,#3333,#3343,.T.);
#3341 = VERTEX_POINT('',#3342);
#3342 = CARTESIAN_POINT('',(1.75,-2.2,0.3));
#3343 = LINE('',#3344,#3345);
#3344 = CARTESIAN_POINT('',(1.75,-2.2,0.3));
#3345 = VECTOR('',#3346,1.);
#3346 = DIRECTION('',(1.,0.,0.));
#3347 = ORIENTED_EDGE('',*,*,#3348,.F.);
#3348 = EDGE_CURVE('',#3349,#3341,#3351,.T.);
#3349 = VERTEX_POINT('',#3350);
#3350 = CARTESIAN_POINT('',(1.75,-2.2,0.));
#3351 = LINE('',#3352,#3353);
#3352 = CARTESIAN_POINT('',(1.75,-2.2,0.));
#3353 = VECTOR('',#3354,1.);
#3354 = DIRECTION('',(0.,0.,1.));
#3355 = ORIENTED_EDGE('',*,*,#3356,.F.);
#3356 = EDGE_CURVE('',#3357,#3349,#3359,.T.);
#3357 = VERTEX_POINT('',#3358);
#3358 = CARTESIAN_POINT('',(0.75,-2.2,0.));
#3359 = LINE('',#3360,#3361);
#3360 = CARTESIAN_POINT('',(-2.5,-2.2,0.));
#3361 = VECTOR('',#3362,1.);
#3362 = DIRECTION('',(1.,0.,0.));
#3363 = ORIENTED_EDGE('',*,*,#3364,.T.);
#3364 = EDGE_CURVE('',#3357,#3365,#3367,.T.);
#3365 = VERTEX_POINT('',#3366);
#3366 = CARTESIAN_POINT('',(0.75,-2.2,0.3));
#3367 = LINE('',#3368,#3369);
#3368 = CARTESIAN_POINT('',(0.75,-2.2,0.));
#3369 = VECTOR('',#3370,1.);
#3370 = DIRECTION('',(0.,0.,1.));
#3371 = ORIENTED_EDGE('',*,*,#3372,.F.);
#3372 = EDGE_CURVE('',#3373,#3365,#3375,.T.);
#3373 = VERTEX_POINT('',#3374);
#3374 = CARTESIAN_POINT('',(-0.75,-2.2,0.3));
#3375 = LINE('',#3376,#3377);
#3376 = CARTESIAN_POINT('',(-0.75,-2.2,0.3));
#3377 = VECTOR('',#3378,1.);
#3378 = DIRECTION('',(1.,0.,0.));
#3379 = ORIENTED_EDGE('',*,*,#3380,.F.);
#3380 = EDGE_CURVE('',#3197,#3373,#3381,.T.);
#3381 = LINE('',#3382,#3383);
#3382 = CARTESIAN_POINT('',(-0.75,-2.2,0.));
#3383 = VECTOR('',#3384,1.);
#3384 = DIRECTION('',(0.,0.,1.));
#3385 = PLANE('',#3386);
#3386 = AXIS2_PLACEMENT_3D('',#3387,#3388,#3389);
#3387 = CARTESIAN_POINT('',(-2.5,-2.2,0.));
#3388 = DIRECTION('',(0.,1.,0.));
#3389 = DIRECTION('',(1.,0.,0.));
#3390 = ADVANCED_FACE('',(#3391),#3416,.F.);
#3391 = FACE_BOUND('',#3392,.F.);
#3392 = EDGE_LOOP('',(#3393,#3401,#3402,#3410));
#3393 = ORIENTED_EDGE('',*,*,#3394,.T.);
#3394 = EDGE_CURVE('',#3395,#3195,#3397,.T.);
#3395 = VERTEX_POINT('',#3396);
#3396 = CARTESIAN_POINT('',(-2.5,1.6,0.));
#3397 = LINE('',#3398,#3399);
#3398 = CARTESIAN_POINT('',(-2.5,1.6,0.));
#3399 = VECTOR('',#3400,1.);
#3400 = DIRECTION('',(0.,-1.,0.));
#3401 = ORIENTED_EDGE('',*,*,#3194,.T.);
#3402 = ORIENTED_EDGE('',*,*,#3403,.F.);
#3403 = EDGE_CURVE('',#3404,#3197,#3406,.T.);
#3404 = VERTEX_POINT('',#3405);
#3405 = CARTESIAN_POINT('',(-0.75,1.6,0.));
#3406 = LINE('',#3407,#3408);
#3407 = CARTESIAN_POINT('',(-0.75,1.6,0.));
#3408 = VECTOR('',#3409,1.);
#3409 = DIRECTION('',(0.,-1.,0.));
#3410 = ORIENTED_EDGE('',*,*,#3411,.T.);
#3411 = EDGE_CURVE('',#3404,#3395,#3412,.T.);
#3412 = LINE('',#3413,#3414);
#3413 = CARTESIAN_POINT('',(10.,1.6,0.));
#3414 = VECTOR('',#3415,1.);
#3415 = DIRECTION('',(-1.,0.,0.));
#3416 = PLANE('',#3417);
#3417 = AXIS2_PLACEMENT_3D('',#3418,#3419,#3420);
#3418 = CARTESIAN_POINT('',(3.75,-0.3,0.));
#3419 = DIRECTION('',(0.,0.,1.));
#3420 = DIRECTION('',(1.,0.,-0.));
#3421 = ADVANCED_FACE('',(#3422),#3440,.F.);
#3422 = FACE_BOUND('',#3423,.F.);
#3423 = EDGE_LOOP('',(#3424,#3425,#3433,#3439));
#3424 = ORIENTED_EDGE('',*,*,#3380,.T.);
#3425 = ORIENTED_EDGE('',*,*,#3426,.T.);
#3426 = EDGE_CURVE('',#3373,#3427,#3429,.T.);
#3427 = VERTEX_POINT('',#3428);
#3428 = CARTESIAN_POINT('',(-0.75,1.6,0.3));
#3429 = LINE('',#3430,#3431);
#3430 = CARTESIAN_POINT('',(-0.75,-2.2,0.3));
#3431 = VECTOR('',#3432,1.);
#3432 = DIRECTION('',(0.,1.,0.));
#3433 = ORIENTED_EDGE('',*,*,#3434,.T.);
#3434 = EDGE_CURVE('',#3427,#3404,#3435,.T.);
#3435 = LINE('',#3436,#3437);
#3436 = CARTESIAN_POINT('',(-0.75,1.6,0.3));
#3437 = VECTOR('',#3438,1.);
#3438 = DIRECTION('',(0.,0.,-1.));
#3439 = ORIENTED_EDGE('',*,*,#3403,.T.);
#3440 = PLANE('',#3441);
#3441 = AXIS2_PLACEMENT_3D('',#3442,#3443,#3444);
#3442 = CARTESIAN_POINT('',(-0.75,-0.3,0.15));
#3443 = DIRECTION('',(-1.,-0.,-1.269339193699E-31));
#3444 = DIRECTION('',(1.269339193699E-31,0.,-1.));
#3445 = ADVANCED_FACE('',(#3446,#3464),#3498,.F.);
#3446 = FACE_BOUND('',#3447,.F.);
#3447 = EDGE_LOOP('',(#3448,#3449,#3457,#3463));
#3448 = ORIENTED_EDGE('',*,*,#3372,.T.);
#3449 = ORIENTED_EDGE('',*,*,#3450,.T.);
#3450 = EDGE_CURVE('',#3365,#3451,#3453,.T.);
#3451 = VERTEX_POINT('',#3452);
#3452 = CARTESIAN_POINT('',(0.75,1.6,0.3));
#3453 = LINE('',#3454,#3455);
#3454 = CARTESIAN_POINT('',(0.75,0.5,0.3));
#3455 = VECTOR('',#3456,1.);
#3456 = DIRECTION('',(0.,1.,0.));
#3457 = ORIENTED_EDGE('',*,*,#3458,.F.);
#3458 = EDGE_CURVE('',#3427,#3451,#3459,.T.);
#3459 = LINE('',#3460,#3461);
#3460 = CARTESIAN_POINT('',(-0.75,1.6,0.3));
#3461 = VECTOR('',#3462,1.);
#3462 = DIRECTION('',(1.,0.,0.));
#3463 = ORIENTED_EDGE('',*,*,#3426,.F.);
#3464 = FACE_BOUND('',#3465,.F.);
#3465 = EDGE_LOOP('',(#3466,#3476,#3484,#3492));
#3466 = ORIENTED_EDGE('',*,*,#3467,.T.);
#3467 = EDGE_CURVE('',#3468,#3470,#3472,.T.);
#3468 = VERTEX_POINT('',#3469);
#3469 = CARTESIAN_POINT('',(0.32,-0.32,0.3));
#3470 = VERTEX_POINT('',#3471);
#3471 = CARTESIAN_POINT('',(-0.32,-0.32,0.3));
#3472 = LINE('',#3473,#3474);
#3473 = CARTESIAN_POINT('',(-0.16,-0.32,0.3));
#3474 = VECTOR('',#3475,1.);
#3475 = DIRECTION('',(-1.,0.,0.));
#3476 = ORIENTED_EDGE('',*,*,#3477,.T.);
#3477 = EDGE_CURVE('',#3470,#3478,#3480,.T.);
#3478 = VERTEX_POINT('',#3479);
#3479 = CARTESIAN_POINT('',(-0.32,0.32,0.3));
#3480 = LINE('',#3481,#3482);
#3481 = CARTESIAN_POINT('',(-0.32,-0.171537434396,0.3));
#3482 = VECTOR('',#3483,1.);
#3483 = DIRECTION('',(0.,1.,0.));
#3484 = ORIENTED_EDGE('',*,*,#3485,.T.);
#3485 = EDGE_CURVE('',#3478,#3486,#3488,.T.);
#3486 = VERTEX_POINT('',#3487);
#3487 = CARTESIAN_POINT('',(0.32,0.32,0.3));
#3488 = LINE('',#3489,#3490);
#3489 = CARTESIAN_POINT('',(-0.16,0.32,0.3));
#3490 = VECTOR('',#3491,1.);
#3491 = DIRECTION('',(1.,0.,0.));
#3492 = ORIENTED_EDGE('',*,*,#3493,.F.);
#3493 = EDGE_CURVE('',#3468,#3486,#3494,.T.);
#3494 = LINE('',#3495,#3496);
#3495 = CARTESIAN_POINT('',(0.32,-0.171537434396,0.3));
#3496 = VECTOR('',#3497,1.);
#3497 = DIRECTION('',(0.,1.,0.));
#3498 = PLANE('',#3499);
#3499 = AXIS2_PLACEMENT_3D('',#3500,#3501,#3502);
#3500 = CARTESIAN_POINT('',(0.,-0.3,0.3));
#3501 = DIRECTION('',(0.,0.,1.));
#3502 = DIRECTION('',(1.,0.,-0.));
#3503 = ADVANCED_FACE('',(#3504),#3522,.T.);
#3504 = FACE_BOUND('',#3505,.T.);
#3505 = EDGE_LOOP('',(#3506,#3507,#3508,#3516));
#3506 = ORIENTED_EDGE('',*,*,#3364,.T.);
#3507 = ORIENTED_EDGE('',*,*,#3450,.T.);
#3508 = ORIENTED_EDGE('',*,*,#3509,.T.);
#3509 = EDGE_CURVE('',#3451,#3510,#3512,.T.);
#3510 = VERTEX_POINT('',#3511);
#3511 = CARTESIAN_POINT('',(0.75,1.6,0.));
#3512 = LINE('',#3513,#3514);
#3513 = CARTESIAN_POINT('',(0.75,1.6,0.3));
#3514 = VECTOR('',#3515,1.);
#3515 = DIRECTION('',(0.,0.,-1.));
#3516 = ORIENTED_EDGE('',*,*,#3517,.T.);
#3517 = EDGE_CURVE('',#3510,#3357,#3518,.T.);
#3518 = LINE('',#3519,#3520);
#3519 = CARTESIAN_POINT('',(0.75,1.6,0.));
#3520 = VECTOR('',#3521,1.);
#3521 = DIRECTION('',(0.,-1.,0.));
#3522 = PLANE('',#3523);
#3523 = AXIS2_PLACEMENT_3D('',#3524,#3525,#3526);
#3524 = CARTESIAN_POINT('',(0.75,-0.3,0.15));
#3525 = DIRECTION('',(-1.,-0.,-1.269339193699E-31));
#3526 = DIRECTION('',(1.269339193699E-31,0.,-1.));
#3527 = ADVANCED_FACE('',(#3528),#3546,.F.);
#3528 = FACE_BOUND('',#3529,.F.);
#3529 = EDGE_LOOP('',(#3530,#3538,#3539,#3540));
#3530 = ORIENTED_EDGE('',*,*,#3531,.T.);
#3531 = EDGE_CURVE('',#3532,#3510,#3534,.T.);
#3532 = VERTEX_POINT('',#3533);
#3533 = CARTESIAN_POINT('',(1.75,1.6,0.));
#3534 = LINE('',#3535,#3536);
#3535 = CARTESIAN_POINT('',(10.,1.6,0.));
#3536 = VECTOR('',#3537,1.);
#3537 = DIRECTION('',(-1.,0.,0.));
#3538 = ORIENTED_EDGE('',*,*,#3517,.T.);
#3539 = ORIENTED_EDGE('',*,*,#3356,.T.);
#3540 = ORIENTED_EDGE('',*,*,#3541,.F.);
#3541 = EDGE_CURVE('',#3532,#3349,#3542,.T.);
#3542 = LINE('',#3543,#3544);
#3543 = CARTESIAN_POINT('',(1.75,1.6,0.));
#3544 = VECTOR('',#3545,1.);
#3545 = DIRECTION('',(0.,-1.,0.));
#3546 = PLANE('',#3547);
#3547 = AXIS2_PLACEMENT_3D('',#3548,#3549,#3550);
#3548 = CARTESIAN_POINT('',(3.75,-0.3,0.));
#3549 = DIRECTION('',(0.,0.,1.));
#3550 = DIRECTION('',(1.,0.,-0.));
#3551 = ADVANCED_FACE('',(#3552),#3570,.F.);
#3552 = FACE_BOUND('',#3553,.F.);
#3553 = EDGE_LOOP('',(#3554,#3555,#3563,#3569));
#3554 = ORIENTED_EDGE('',*,*,#3348,.T.);
#3555 = ORIENTED_EDGE('',*,*,#3556,.T.);
#3556 = EDGE_CURVE('',#3341,#3557,#3559,.T.);
#3557 = VERTEX_POINT('',#3558);
#3558 = CARTESIAN_POINT('',(1.75,1.6,0.3));
#3559 = LINE('',#3560,#3561);
#3560 = CARTESIAN_POINT('',(1.75,-2.2,0.3));
#3561 = VECTOR('',#3562,1.);
#3562 = DIRECTION('',(0.,1.,0.));
#3563 = ORIENTED_EDGE('',*,*,#3564,.T.);
#3564 = EDGE_CURVE('',#3557,#3532,#3565,.T.);
#3565 = LINE('',#3566,#3567);
#3566 = CARTESIAN_POINT('',(1.75,1.6,0.3));
#3567 = VECTOR('',#3568,1.);
#3568 = DIRECTION('',(0.,0.,-1.));
#3569 = ORIENTED_EDGE('',*,*,#3541,.T.);
#3570 = PLANE('',#3571);
#3571 = AXIS2_PLACEMENT_3D('',#3572,#3573,#3574);
#3572 = CARTESIAN_POINT('',(1.75,-0.3,0.15));
#3573 = DIRECTION('',(-1.,-0.,-1.269339193699E-31));
#3574 = DIRECTION('',(1.269339193699E-31,0.,-1.));
#3575 = ADVANCED_FACE('',(#3576,#3594),#3628,.F.);
#3576 = FACE_BOUND('',#3577,.F.);
#3577 = EDGE_LOOP('',(#3578,#3579,#3587,#3593));
#3578 = ORIENTED_EDGE('',*,*,#3340,.T.);
#3579 = ORIENTED_EDGE('',*,*,#3580,.T.);
#3580 = EDGE_CURVE('',#3333,#3581,#3583,.T.);
#3581 = VERTEX_POINT('',#3582);
#3582 = CARTESIAN_POINT('',(3.25,1.6,0.3));
#3583 = LINE('',#3584,#3585);
#3584 = CARTESIAN_POINT('',(3.25,0.5,0.3));
#3585 = VECTOR('',#3586,1.);
#3586 = DIRECTION('',(0.,1.,0.));
#3587 = ORIENTED_EDGE('',*,*,#3588,.F.);
#3588 = EDGE_CURVE('',#3557,#3581,#3589,.T.);
#3589 = LINE('',#3590,#3591);
#3590 = CARTESIAN_POINT('',(1.75,1.6,0.3));
#3591 = VECTOR('',#3592,1.);
#3592 = DIRECTION('',(1.,0.,0.));
#3593 = ORIENTED_EDGE('',*,*,#3556,.F.);
#3594 = FACE_BOUND('',#3595,.F.);
#3595 = EDGE_LOOP('',(#3596,#3606,#3614,#3622));
#3596 = ORIENTED_EDGE('',*,*,#3597,.T.);
#3597 = EDGE_CURVE('',#3598,#3600,#3602,.T.);
#3598 = VERTEX_POINT('',#3599);
#3599 = CARTESIAN_POINT('',(2.18,-0.32,0.3));
#3600 = VERTEX_POINT('',#3601);
#3601 = CARTESIAN_POINT('',(2.18,0.32,0.3));
#3602 = LINE('',#3603,#3604);
#3603 = CARTESIAN_POINT('',(2.18,-0.15,0.3));
#3604 = VECTOR('',#3605,1.);
#3605 = DIRECTION('',(0.,1.,0.));
#3606 = ORIENTED_EDGE('',*,*,#3607,.T.);
#3607 = EDGE_CURVE('',#3600,#3608,#3610,.T.);
#3608 = VERTEX_POINT('',#3609);
#3609 = CARTESIAN_POINT('',(2.82,0.32,0.3));
#3610 = LINE('',#3611,#3612);
#3611 = CARTESIAN_POINT('',(2.34,0.32,0.3));
#3612 = VECTOR('',#3613,1.);
#3613 = DIRECTION('',(1.,0.,0.));
#3614 = ORIENTED_EDGE('',*,*,#3615,.F.);
#3615 = EDGE_CURVE('',#3616,#3608,#3618,.T.);
#3616 = VERTEX_POINT('',#3617);
#3617 = CARTESIAN_POINT('',(2.82,-0.32,0.3));
#3618 = LINE('',#3619,#3620);
#3619 = CARTESIAN_POINT('',(2.82,-0.15,0.3));
#3620 = VECTOR('',#3621,1.);
#3621 = DIRECTION('',(0.,1.,0.));
#3622 = ORIENTED_EDGE('',*,*,#3623,.T.);
#3623 = EDGE_CURVE('',#3616,#3598,#3624,.T.);
#3624 = LINE('',#3625,#3626);
#3625 = CARTESIAN_POINT('',(2.34,-0.32,0.3));
#3626 = VECTOR('',#3627,1.);
#3627 = DIRECTION('',(-1.,0.,0.));
#3628 = PLANE('',#3629);
#3629 = AXIS2_PLACEMENT_3D('',#3630,#3631,#3632);
#3630 = CARTESIAN_POINT('',(2.5,-0.3,0.3));
#3631 = DIRECTION('',(0.,0.,1.));
#3632 = DIRECTION('',(1.,0.,-0.));
#3633 = ADVANCED_FACE('',(#3634),#3652,.T.);
#3634 = FACE_BOUND('',#3635,.T.);
#3635 = EDGE_LOOP('',(#3636,#3637,#3638,#3646));
#3636 = ORIENTED_EDGE('',*,*,#3332,.T.);
#3637 = ORIENTED_EDGE('',*,*,#3580,.T.);
#3638 = ORIENTED_EDGE('',*,*,#3639,.T.);
#3639 = EDGE_CURVE('',#3581,#3640,#3642,.T.);
#3640 = VERTEX_POINT('',#3641);
#3641 = CARTESIAN_POINT('',(3.25,1.6,0.));
#3642 = LINE('',#3643,#3644);
#3643 = CARTESIAN_POINT('',(3.25,1.6,0.3));
#3644 = VECTOR('',#3645,1.);
#3645 = DIRECTION('',(0.,0.,-1.));
#3646 = ORIENTED_EDGE('',*,*,#3647,.T.);
#3647 = EDGE_CURVE('',#3640,#3325,#3648,.T.);
#3648 = LINE('',#3649,#3650);
#3649 = CARTESIAN_POINT('',(3.25,1.6,0.));
#3650 = VECTOR('',#3651,1.);
#3651 = DIRECTION('',(0.,-1.,0.));
#3652 = PLANE('',#3653);
#3653 = AXIS2_PLACEMENT_3D('',#3654,#3655,#3656);
#3654 = CARTESIAN_POINT('',(3.25,-0.3,0.15));
#3655 = DIRECTION('',(-1.,-0.,-1.269339193699E-31));
#3656 = DIRECTION('',(1.269339193699E-31,0.,-1.));
#3657 = ADVANCED_FACE('',(#3658),#3676,.F.);
#3658 = FACE_BOUND('',#3659,.F.);
#3659 = EDGE_LOOP('',(#3660,#3668,#3674,#3675));
#3660 = ORIENTED_EDGE('',*,*,#3661,.F.);
#3661 = EDGE_CURVE('',#3662,#3317,#3664,.T.);
#3662 = VERTEX_POINT('',#3663);
#3663 = CARTESIAN_POINT('',(4.25,1.6,0.));
#3664 = LINE('',#3665,#3666);
#3665 = CARTESIAN_POINT('',(4.25,1.6,0.));
#3666 = VECTOR('',#3667,1.);
#3667 = DIRECTION('',(0.,-1.,0.));
#3668 = ORIENTED_EDGE('',*,*,#3669,.T.);
#3669 = EDGE_CURVE('',#3662,#3640,#3670,.T.);
#3670 = LINE('',#3671,#3672);
#3671 = CARTESIAN_POINT('',(10.,1.6,0.));
#3672 = VECTOR('',#3673,1.);
#3673 = DIRECTION('',(-1.,0.,0.));
#3674 = ORIENTED_EDGE('',*,*,#3647,.T.);
#3675 = ORIENTED_EDGE('',*,*,#3324,.T.);
#3676 = PLANE('',#3677);
#3677 = AXIS2_PLACEMENT_3D('',#3678,#3679,#3680);
#3678 = CARTESIAN_POINT('',(3.75,-0.3,0.));
#3679 = DIRECTION('',(0.,0.,1.));
#3680 = DIRECTION('',(1.,0.,-0.));
#3681 = ADVANCED_FACE('',(#3682),#3700,.F.);
#3682 = FACE_BOUND('',#3683,.F.);
#3683 = EDGE_LOOP('',(#3684,#3685,#3693,#3699));
#3684 = ORIENTED_EDGE('',*,*,#3316,.T.);
#3685 = ORIENTED_EDGE('',*,*,#3686,.T.);
#3686 = EDGE_CURVE('',#3309,#3687,#3689,.T.);
#3687 = VERTEX_POINT('',#3688);
#3688 = CARTESIAN_POINT('',(4.25,1.6,0.3));
#3689 = LINE('',#3690,#3691);
#3690 = CARTESIAN_POINT('',(4.25,-2.2,0.3));
#3691 = VECTOR('',#3692,1.);
#3692 = DIRECTION('',(0.,1.,0.));
#3693 = ORIENTED_EDGE('',*,*,#3694,.T.);
#3694 = EDGE_CURVE('',#3687,#3662,#3695,.T.);
#3695 = LINE('',#3696,#3697);
#3696 = CARTESIAN_POINT('',(4.25,1.6,0.3));
#3697 = VECTOR('',#3698,1.);
#3698 = DIRECTION('',(0.,0.,-1.));
#3699 = ORIENTED_EDGE('',*,*,#3661,.T.);
#3700 = PLANE('',#3701);
#3701 = AXIS2_PLACEMENT_3D('',#3702,#3703,#3704);
#3702 = CARTESIAN_POINT('',(4.25,-0.3,0.15));
#3703 = DIRECTION('',(-1.,-0.,-1.269339193699E-31));
#3704 = DIRECTION('',(1.269339193699E-31,0.,-1.));
#3705 = ADVANCED_FACE('',(#3706,#3724),#3758,.F.);
#3706 = FACE_BOUND('',#3707,.F.);
#3707 = EDGE_LOOP('',(#3708,#3709,#3717,#3723));
#3708 = ORIENTED_EDGE('',*,*,#3308,.T.);
#3709 = ORIENTED_EDGE('',*,*,#3710,.T.);
#3710 = EDGE_CURVE('',#3301,#3711,#3713,.T.);
#3711 = VERTEX_POINT('',#3712);
#3712 = CARTESIAN_POINT('',(5.75,1.6,0.3));
#3713 = LINE('',#3714,#3715);
#3714 = CARTESIAN_POINT('',(5.75,0.5,0.3));
#3715 = VECTOR('',#3716,1.);
#3716 = DIRECTION('',(0.,1.,0.));
#3717 = ORIENTED_EDGE('',*,*,#3718,.F.);
#3718 = EDGE_CURVE('',#3687,#3711,#3719,.T.);
#3719 = LINE('',#3720,#3721);
#3720 = CARTESIAN_POINT('',(4.25,1.6,0.3));
#3721 = VECTOR('',#3722,1.);
#3722 = DIRECTION('',(1.,0.,0.));
#3723 = ORIENTED_EDGE('',*,*,#3686,.F.);
#3724 = FACE_BOUND('',#3725,.F.);
#3725 = EDGE_LOOP('',(#3726,#3736,#3744,#3752));
#3726 = ORIENTED_EDGE('',*,*,#3727,.T.);
#3727 = EDGE_CURVE('',#3728,#3730,#3732,.T.);
#3728 = VERTEX_POINT('',#3729);
#3729 = CARTESIAN_POINT('',(4.68,-0.32,0.3));
#3730 = VERTEX_POINT('',#3731);
#3731 = CARTESIAN_POINT('',(4.68,0.32,0.3));
#3732 = LINE('',#3733,#3734);
#3733 = CARTESIAN_POINT('',(4.68,-0.15,0.3));
#3734 = VECTOR('',#3735,1.);
#3735 = DIRECTION('',(0.,1.,0.));
#3736 = ORIENTED_EDGE('',*,*,#3737,.T.);
#3737 = EDGE_CURVE('',#3730,#3738,#3740,.T.);
#3738 = VERTEX_POINT('',#3739);
#3739 = CARTESIAN_POINT('',(5.32,0.32,0.3));
#3740 = LINE('',#3741,#3742);
#3741 = CARTESIAN_POINT('',(4.84,0.32,0.3));
#3742 = VECTOR('',#3743,1.);
#3743 = DIRECTION('',(1.,0.,0.));
#3744 = ORIENTED_EDGE('',*,*,#3745,.F.);
#3745 = EDGE_CURVE('',#3746,#3738,#3748,.T.);
#3746 = VERTEX_POINT('',#3747);
#3747 = CARTESIAN_POINT('',(5.32,-0.32,0.3));
#3748 = LINE('',#3749,#3750);
#3749 = CARTESIAN_POINT('',(5.32,-0.15,0.3));
#3750 = VECTOR('',#3751,1.);
#3751 = DIRECTION('',(0.,1.,0.));
#3752 = ORIENTED_EDGE('',*,*,#3753,.T.);
#3753 = EDGE_CURVE('',#3746,#3728,#3754,.T.);
#3754 = LINE('',#3755,#3756);
#3755 = CARTESIAN_POINT('',(4.84,-0.32,0.3));
#3756 = VECTOR('',#3757,1.);
#3757 = DIRECTION('',(-1.,0.,0.));
#3758 = PLANE('',#3759);
#3759 = AXIS2_PLACEMENT_3D('',#3760,#3761,#3762);
#3760 = CARTESIAN_POINT('',(5.,-0.3,0.3));
#3761 = DIRECTION('',(0.,0.,1.));
#3762 = DIRECTION('',(1.,0.,-0.));
#3763 = ADVANCED_FACE('',(#3764),#3782,.T.);
#3764 = FACE_BOUND('',#3765,.T.);
#3765 = EDGE_LOOP('',(#3766,#3767,#3768,#3776));
#3766 = ORIENTED_EDGE('',*,*,#3300,.T.);
#3767 = ORIENTED_EDGE('',*,*,#3710,.T.);
#3768 = ORIENTED_EDGE('',*,*,#3769,.T.);
#3769 = EDGE_CURVE('',#3711,#3770,#3772,.T.);
#3770 = VERTEX_POINT('',#3771);
#3771 = CARTESIAN_POINT('',(5.75,1.6,0.));
#3772 = LINE('',#3773,#3774);
#3773 = CARTESIAN_POINT('',(5.75,1.6,0.3));
#3774 = VECTOR('',#3775,1.);
#3775 = DIRECTION('',(0.,0.,-1.));
#3776 = ORIENTED_EDGE('',*,*,#3777,.T.);
#3777 = EDGE_CURVE('',#3770,#3293,#3778,.T.);
#3778 = LINE('',#3779,#3780);
#3779 = CARTESIAN_POINT('',(5.75,1.6,0.));
#3780 = VECTOR('',#3781,1.);
#3781 = DIRECTION('',(0.,-1.,0.));
#3782 = PLANE('',#3783);
#3783 = AXIS2_PLACEMENT_3D('',#3784,#3785,#3786);
#3784 = CARTESIAN_POINT('',(5.75,-0.3,0.15));
#3785 = DIRECTION('',(-1.,-0.,-1.269339193699E-31));
#3786 = DIRECTION('',(1.269339193699E-31,0.,-1.));
#3787 = ADVANCED_FACE('',(#3788),#3806,.F.);
#3788 = FACE_BOUND('',#3789,.F.);
#3789 = EDGE_LOOP('',(#3790,#3791,#3799,#3805));
#3790 = ORIENTED_EDGE('',*,*,#3292,.T.);
#3791 = ORIENTED_EDGE('',*,*,#3792,.F.);
#3792 = EDGE_CURVE('',#3793,#3285,#3795,.T.);
#3793 = VERTEX_POINT('',#3794);
#3794 = CARTESIAN_POINT('',(6.75,1.6,0.));
#3795 = LINE('',#3796,#3797);
#3796 = CARTESIAN_POINT('',(6.75,1.6,0.));
#3797 = VECTOR('',#3798,1.);
#3798 = DIRECTION('',(0.,-1.,0.));
#3799 = ORIENTED_EDGE('',*,*,#3800,.T.);
#3800 = EDGE_CURVE('',#3793,#3770,#3801,.T.);
#3801 = LINE('',#3802,#3803);
#3802 = CARTESIAN_POINT('',(10.,1.6,0.));
#3803 = VECTOR('',#3804,1.);
#3804 = DIRECTION('',(-1.,0.,0.));
#3805 = ORIENTED_EDGE('',*,*,#3777,.T.);
#3806 = PLANE('',#3807);
#3807 = AXIS2_PLACEMENT_3D('',#3808,#3809,#3810);
#3808 = CARTESIAN_POINT('',(3.75,-0.3,0.));
#3809 = DIRECTION('',(0.,0.,1.));
#3810 = DIRECTION('',(1.,0.,-0.));
#3811 = ADVANCED_FACE('',(#3812),#3830,.F.);
#3812 = FACE_BOUND('',#3813,.F.);
#3813 = EDGE_LOOP('',(#3814,#3815,#3823,#3829));
#3814 = ORIENTED_EDGE('',*,*,#3284,.T.);
#3815 = ORIENTED_EDGE('',*,*,#3816,.T.);
#3816 = EDGE_CURVE('',#3277,#3817,#3819,.T.);
#3817 = VERTEX_POINT('',#3818);
#3818 = CARTESIAN_POINT('',(6.75,1.6,0.3));
#3819 = LINE('',#3820,#3821);
#3820 = CARTESIAN_POINT('',(6.75,-2.2,0.3));
#3821 = VECTOR('',#3822,1.);
#3822 = DIRECTION('',(0.,1.,0.));
#3823 = ORIENTED_EDGE('',*,*,#3824,.T.);
#3824 = EDGE_CURVE('',#3817,#3793,#3825,.T.);
#3825 = LINE('',#3826,#3827);
#3826 = CARTESIAN_POINT('',(6.75,1.6,0.3));
#3827 = VECTOR('',#3828,1.);
#3828 = DIRECTION('',(0.,0.,-1.));
#3829 = ORIENTED_EDGE('',*,*,#3792,.T.);
#3830 = PLANE('',#3831);
#3831 = AXIS2_PLACEMENT_3D('',#3832,#3833,#3834);
#3832 = CARTESIAN_POINT('',(6.75,-0.3,0.15));
#3833 = DIRECTION('',(-1.,-0.,-1.269339193699E-31));
#3834 = DIRECTION('',(1.269339193699E-31,0.,-1.));
#3835 = ADVANCED_FACE('',(#3836,#3854),#3888,.F.);
#3836 = FACE_BOUND('',#3837,.F.);
#3837 = EDGE_LOOP('',(#3838,#3839,#3847,#3853));
#3838 = ORIENTED_EDGE('',*,*,#3276,.T.);
#3839 = ORIENTED_EDGE('',*,*,#3840,.T.);
#3840 = EDGE_CURVE('',#3269,#3841,#3843,.T.);
#3841 = VERTEX_POINT('',#3842);
#3842 = CARTESIAN_POINT('',(8.25,1.6,0.3));
#3843 = LINE('',#3844,#3845);
#3844 = CARTESIAN_POINT('',(8.25,0.5,0.3));
#3845 = VECTOR('',#3846,1.);
#3846 = DIRECTION('',(0.,1.,0.));
#3847 = ORIENTED_EDGE('',*,*,#3848,.F.);
#3848 = EDGE_CURVE('',#3817,#3841,#3849,.T.);
#3849 = LINE('',#3850,#3851);
#3850 = CARTESIAN_POINT('',(6.75,1.6,0.3));
#3851 = VECTOR('',#3852,1.);
#3852 = DIRECTION('',(1.,0.,0.));
#3853 = ORIENTED_EDGE('',*,*,#3816,.F.);
#3854 = FACE_BOUND('',#3855,.F.);
#3855 = EDGE_LOOP('',(#3856,#3866,#3874,#3882));
#3856 = ORIENTED_EDGE('',*,*,#3857,.F.);
#3857 = EDGE_CURVE('',#3858,#3860,#3862,.T.);
#3858 = VERTEX_POINT('',#3859);
#3859 = CARTESIAN_POINT('',(7.82,-0.32,0.3));
#3860 = VERTEX_POINT('',#3861);
#3861 = CARTESIAN_POINT('',(7.82,0.32,0.3));
#3862 = LINE('',#3863,#3864);
#3863 = CARTESIAN_POINT('',(7.82,-0.171537434396,0.3));
#3864 = VECTOR('',#3865,1.);
#3865 = DIRECTION('',(0.,1.,0.));
#3866 = ORIENTED_EDGE('',*,*,#3867,.T.);
#3867 = EDGE_CURVE('',#3858,#3868,#3870,.T.);
#3868 = VERTEX_POINT('',#3869);
#3869 = CARTESIAN_POINT('',(7.18,-0.32,0.3));
#3870 = LINE('',#3871,#3872);
#3871 = CARTESIAN_POINT('',(7.34,-0.32,0.3));
#3872 = VECTOR('',#3873,1.);
#3873 = DIRECTION('',(-1.,0.,0.));
#3874 = ORIENTED_EDGE('',*,*,#3875,.T.);
#3875 = EDGE_CURVE('',#3868,#3876,#3878,.T.);
#3876 = VERTEX_POINT('',#3877);
#3877 = CARTESIAN_POINT('',(7.18,0.32,0.3));
#3878 = LINE('',#3879,#3880);
#3879 = CARTESIAN_POINT('',(7.18,-0.171537434396,0.3));
#3880 = VECTOR('',#3881,1.);
#3881 = DIRECTION('',(0.,1.,0.));
#3882 = ORIENTED_EDGE('',*,*,#3883,.T.);
#3883 = EDGE_CURVE('',#3876,#3860,#3884,.T.);
#3884 = LINE('',#3885,#3886);
#3885 = CARTESIAN_POINT('',(7.34,0.32,0.3));
#3886 = VECTOR('',#3887,1.);
#3887 = DIRECTION('',(1.,0.,0.));
#3888 = PLANE('',#3889);
#3889 = AXIS2_PLACEMENT_3D('',#3890,#3891,#3892);
#3890 = CARTESIAN_POINT('',(7.5,-0.3,0.3));
#3891 = DIRECTION('',(0.,0.,1.));
#3892 = DIRECTION('',(1.,0.,-0.));
#3893 = ADVANCED_FACE('',(#3894),#3912,.T.);
#3894 = FACE_BOUND('',#3895,.T.);
#3895 = EDGE_LOOP('',(#3896,#3897,#3898,#3906));
#3896 = ORIENTED_EDGE('',*,*,#3268,.T.);
#3897 = ORIENTED_EDGE('',*,*,#3840,.T.);
#3898 = ORIENTED_EDGE('',*,*,#3899,.T.);
#3899 = EDGE_CURVE('',#3841,#3900,#3902,.T.);
#3900 = VERTEX_POINT('',#3901);
#3901 = CARTESIAN_POINT('',(8.25,1.6,0.));
#3902 = LINE('',#3903,#3904);
#3903 = CARTESIAN_POINT('',(8.25,1.6,0.3));
#3904 = VECTOR('',#3905,1.);
#3905 = DIRECTION('',(0.,0.,-1.));
#3906 = ORIENTED_EDGE('',*,*,#3907,.T.);
#3907 = EDGE_CURVE('',#3900,#3261,#3908,.T.);
#3908 = LINE('',#3909,#3910);
#3909 = CARTESIAN_POINT('',(8.25,1.6,0.));
#3910 = VECTOR('',#3911,1.);
#3911 = DIRECTION('',(0.,-1.,0.));
#3912 = PLANE('',#3913);
#3913 = AXIS2_PLACEMENT_3D('',#3914,#3915,#3916);
#3914 = CARTESIAN_POINT('',(8.25,-0.3,0.15));
#3915 = DIRECTION('',(-1.,-0.,-1.269339193699E-31));
#3916 = DIRECTION('',(1.269339193699E-31,0.,-1.));
#3917 = ADVANCED_FACE('',(#3918),#3936,.F.);
#3918 = FACE_BOUND('',#3919,.F.);
#3919 = EDGE_LOOP('',(#3920,#3921,#3929,#3935));
#3920 = ORIENTED_EDGE('',*,*,#3260,.T.);
#3921 = ORIENTED_EDGE('',*,*,#3922,.T.);
#3922 = EDGE_CURVE('',#3253,#3923,#3925,.T.);
#3923 = VERTEX_POINT('',#3924);
#3924 = CARTESIAN_POINT('',(10.,1.6,0.));
#3925 = LINE('',#3926,#3927);
#3926 = CARTESIAN_POINT('',(10.,-2.2,0.));
#3927 = VECTOR('',#3928,1.);
#3928 = DIRECTION('',(0.,1.,0.));
#3929 = ORIENTED_EDGE('',*,*,#3930,.T.);
#3930 = EDGE_CURVE('',#3923,#3900,#3931,.T.);
#3931 = LINE('',#3932,#3933);
#3932 = CARTESIAN_POINT('',(10.,1.6,0.));
#3933 = VECTOR('',#3934,1.);
#3934 = DIRECTION('',(-1.,0.,0.));
#3935 = ORIENTED_EDGE('',*,*,#3907,.T.);
#3936 = PLANE('',#3937);
#3937 = AXIS2_PLACEMENT_3D('',#3938,#3939,#3940);
#3938 = CARTESIAN_POINT('',(3.75,-0.3,0.));
#3939 = DIRECTION('',(0.,0.,1.));
#3940 = DIRECTION('',(1.,0.,-0.));
#3941 = ADVANCED_FACE('',(#3942),#4016,.F.);
#3942 = FACE_BOUND('',#3943,.F.);
#3943 = EDGE_LOOP('',(#3944,#3945,#3946,#3954,#3962,#3970,#3978,#3986,
    #3994,#4002,#4010));
#3944 = ORIENTED_EDGE('',*,*,#3922,.F.);
#3945 = ORIENTED_EDGE('',*,*,#3252,.T.);
#3946 = ORIENTED_EDGE('',*,*,#3947,.F.);
#3947 = EDGE_CURVE('',#3948,#3245,#3950,.T.);
#3948 = VERTEX_POINT('',#3949);
#3949 = CARTESIAN_POINT('',(10.,-1.2,5.2));
#3950 = LINE('',#3951,#3952);
#3951 = CARTESIAN_POINT('',(10.,-1.2,5.2));
#3952 = VECTOR('',#3953,1.);
#3953 = DIRECTION('',(0.,-1.,0.));
#3954 = ORIENTED_EDGE('',*,*,#3955,.F.);
#3955 = EDGE_CURVE('',#3956,#3948,#3958,.T.);
#3956 = VERTEX_POINT('',#3957);
#3957 = CARTESIAN_POINT('',(10.,-0.6,4.5));
#3958 = LINE('',#3959,#3960);
#3959 = CARTESIAN_POINT('',(10.,-0.6,4.5));
#3960 = VECTOR('',#3961,1.);
#3961 = DIRECTION('',(0.,-0.650791373456,0.759256602365));
#3962 = ORIENTED_EDGE('',*,*,#3963,.F.);
#3963 = EDGE_CURVE('',#3964,#3956,#3966,.T.);
#3964 = VERTEX_POINT('',#3965);
#3965 = CARTESIAN_POINT('',(10.,-0.6,4.3));
#3966 = LINE('',#3967,#3968);
#3967 = CARTESIAN_POINT('',(10.,-0.6,4.3));
#3968 = VECTOR('',#3969,1.);
#3969 = DIRECTION('',(0.,0.,1.));
#3970 = ORIENTED_EDGE('',*,*,#3971,.F.);
#3971 = EDGE_CURVE('',#3972,#3964,#3974,.T.);
#3972 = VERTEX_POINT('',#3973);
#3973 = CARTESIAN_POINT('',(10.,-0.9,4.1));
#3974 = LINE('',#3975,#3976);
#3975 = CARTESIAN_POINT('',(10.,-0.9,4.1));
#3976 = VECTOR('',#3977,1.);
#3977 = DIRECTION('',(0.,0.832050294338,0.554700196225));
#3978 = ORIENTED_EDGE('',*,*,#3979,.F.);
#3979 = EDGE_CURVE('',#3980,#3972,#3982,.T.);
#3980 = VERTEX_POINT('',#3981);
#3981 = CARTESIAN_POINT('',(10.,-0.6,1.5));
#3982 = LINE('',#3983,#3984);
#3983 = CARTESIAN_POINT('',(10.,-0.6,1.5));
#3984 = VECTOR('',#3985,1.);
#3985 = DIRECTION('',(0.,-0.114624107985,0.993408935871));
#3986 = ORIENTED_EDGE('',*,*,#3987,.F.);
#3987 = EDGE_CURVE('',#3988,#3980,#3990,.T.);
#3988 = VERTEX_POINT('',#3989);
#3989 = CARTESIAN_POINT('',(10.,-0.2,1.5));
#3990 = LINE('',#3991,#3992);
#3991 = CARTESIAN_POINT('',(10.,-0.2,1.5));
#3992 = VECTOR('',#3993,1.);
#3993 = DIRECTION('',(0.,-1.,0.));
#3994 = ORIENTED_EDGE('',*,*,#3995,.F.);
#3995 = EDGE_CURVE('',#3996,#3988,#3998,.T.);
#3996 = VERTEX_POINT('',#3997);
#3997 = CARTESIAN_POINT('',(10.,-0.2,6.));
#3998 = LINE('',#3999,#4000);
#3999 = CARTESIAN_POINT('',(10.,-0.2,6.));
#4000 = VECTOR('',#4001,1.);
#4001 = DIRECTION('',(0.,0.,-1.));
#4002 = ORIENTED_EDGE('',*,*,#4003,.T.);
#4003 = EDGE_CURVE('',#3996,#4004,#4006,.T.);
#4004 = VERTEX_POINT('',#4005);
#4005 = CARTESIAN_POINT('',(10.,1.6,6.));
#4006 = LINE('',#4007,#4008);
#4007 = CARTESIAN_POINT('',(10.,-2.2,6.));
#4008 = VECTOR('',#4009,1.);
#4009 = DIRECTION('',(0.,1.,0.));
#4010 = ORIENTED_EDGE('',*,*,#4011,.F.);
#4011 = EDGE_CURVE('',#3923,#4004,#4012,.T.);
#4012 = LINE('',#4013,#4014);
#4013 = CARTESIAN_POINT('',(10.,1.6,0.));
#4014 = VECTOR('',#4015,1.);
#4015 = DIRECTION('',(0.,0.,1.));
#4016 = PLANE('',#4017);
#4017 = AXIS2_PLACEMENT_3D('',#4018,#4019,#4020);
#4018 = CARTESIAN_POINT('',(10.,-2.2,0.));
#4019 = DIRECTION('',(-1.,0.,0.));
#4020 = DIRECTION('',(0.,1.,0.));
#4021 = ADVANCED_FACE('',(#4022),#4040,.F.);
#4022 = FACE_BOUND('',#4023,.F.);
#4023 = EDGE_LOOP('',(#4024,#4032,#4038,#4039));
#4024 = ORIENTED_EDGE('',*,*,#4025,.F.);
#4025 = EDGE_CURVE('',#4026,#3237,#4028,.T.);
#4026 = VERTEX_POINT('',#4027);
#4027 = CARTESIAN_POINT('',(9.,-1.2,5.2));
#4028 = LINE('',#4029,#4030);
#4029 = CARTESIAN_POINT('',(9.,-1.007390335865,5.2));
#4030 = VECTOR('',#4031,1.);
#4031 = DIRECTION('',(2.327342726209E-32,-1.,0.));
#4032 = ORIENTED_EDGE('',*,*,#4033,.T.);
#4033 = EDGE_CURVE('',#4026,#3948,#4034,.T.);
#4034 = LINE('',#4035,#4036);
#4035 = CARTESIAN_POINT('',(-2.5,-1.2,5.2));
#4036 = VECTOR('',#4037,1.);
#4037 = DIRECTION('',(1.,0.,0.));
#4038 = ORIENTED_EDGE('',*,*,#3947,.T.);
#4039 = ORIENTED_EDGE('',*,*,#3244,.F.);
#4040 = PLANE('',#4041);
#4041 = AXIS2_PLACEMENT_3D('',#4042,#4043,#4044);
#4042 = CARTESIAN_POINT('',(-2.5,-1.2,5.2));
#4043 = DIRECTION('',(0.,0.,-1.));
#4044 = DIRECTION('',(0.,-1.,0.));
#4045 = ADVANCED_FACE('',(#4046),#4104,.T.);
#4046 = FACE_BOUND('',#4047,.T.);
#4047 = EDGE_LOOP('',(#4048,#4049,#4050,#4058,#4066,#4074,#4082,#4090,
    #4098));
#4048 = ORIENTED_EDGE('',*,*,#3236,.F.);
#4049 = ORIENTED_EDGE('',*,*,#4025,.F.);
#4050 = ORIENTED_EDGE('',*,*,#4051,.F.);
#4051 = EDGE_CURVE('',#4052,#4026,#4054,.T.);
#4052 = VERTEX_POINT('',#4053);
#4053 = CARTESIAN_POINT('',(9.,-0.6,4.5));
#4054 = LINE('',#4055,#4056);
#4055 = CARTESIAN_POINT('',(9.,-0.429990774306,4.301655903357));
#4056 = VECTOR('',#4057,1.);
#4057 = DIRECTION('',(-1.803745158656E-31,-0.650791373456,0.759256602365
    ));
#4058 = ORIENTED_EDGE('',*,*,#4059,.F.);
#4059 = EDGE_CURVE('',#4060,#4052,#4062,.T.);
#4060 = VERTEX_POINT('',#4061);
#4061 = CARTESIAN_POINT('',(9.,-0.6,4.3));
#4062 = LINE('',#4063,#4064);
#4063 = CARTESIAN_POINT('',(9.,-0.6,3.963884850592));
#4064 = VECTOR('',#4065,1.);
#4065 = DIRECTION('',(-2.57515918794E-31,0.,1.));
#4066 = ORIENTED_EDGE('',*,*,#4067,.F.);
#4067 = EDGE_CURVE('',#4068,#4060,#4070,.T.);
#4068 = VERTEX_POINT('',#4069);
#4069 = CARTESIAN_POINT('',(9.,-0.9,4.1));
#4070 = LINE('',#4071,#4072);
#4071 = CARTESIAN_POINT('',(9.,-0.979477224556,4.047015183629));
#4072 = VECTOR('',#4073,1.);
#4073 = DIRECTION('',(-1.622087926898E-31,0.832050294338,0.554700196225)
  );
#4074 = ORIENTED_EDGE('',*,*,#4075,.F.);
#4075 = EDGE_CURVE('',#4076,#4068,#4078,.T.);
#4076 = VERTEX_POINT('',#4077);
#4077 = CARTESIAN_POINT('',(9.,-0.6,1.5));
#4078 = LINE('',#4079,#4080);
#4079 = CARTESIAN_POINT('',(9.,-0.722554060393,2.562135190069));
#4080 = VECTOR('',#4081,1.);
#4081 = DIRECTION('',(-2.531509190193E-31,-0.114624107985,0.993408935871
    ));
#4082 = ORIENTED_EDGE('',*,*,#4083,.F.);
#4083 = EDGE_CURVE('',#4084,#4076,#4086,.T.);
#4084 = VERTEX_POINT('',#4085);
#4085 = CARTESIAN_POINT('',(9.,-0.8,1.5));
#4086 = LINE('',#4087,#4088);
#4087 = CARTESIAN_POINT('',(9.,-2.2,1.5));
#4088 = VECTOR('',#4089,1.);
#4089 = DIRECTION('',(0.,1.,0.));
#4090 = ORIENTED_EDGE('',*,*,#4091,.F.);
#4091 = EDGE_CURVE('',#4092,#4084,#4094,.T.);
#4092 = VERTEX_POINT('',#4093);
#4093 = CARTESIAN_POINT('',(9.,-1.2,1.1));
#4094 = LINE('',#4095,#4096);
#4095 = CARTESIAN_POINT('',(9.,-1.2,1.1));
#4096 = VECTOR('',#4097,1.);
#4097 = DIRECTION('',(0.,0.707106781187,0.707106781187));
#4098 = ORIENTED_EDGE('',*,*,#4099,.F.);
#4099 = EDGE_CURVE('',#3229,#4092,#4100,.T.);
#4100 = LINE('',#4101,#4102);
#4101 = CARTESIAN_POINT('',(9.,-2.2,1.1));
#4102 = VECTOR('',#4103,1.);
#4103 = DIRECTION('',(0.,1.,0.));
#4104 = PLANE('',#4105);
#4105 = AXIS2_PLACEMENT_3D('',#4106,#4107,#4108);
#4106 = CARTESIAN_POINT('',(9.,-0.814780671729,3.627769701184));
#4107 = DIRECTION('',(-1.,-2.327342726209E-32,-2.57515918794E-31));
#4108 = DIRECTION('',(2.57515918794E-31,0.,-1.));
#4109 = ADVANCED_FACE('',(#4110),#4128,.T.);
#4110 = FACE_BOUND('',#4111,.T.);
#4111 = EDGE_LOOP('',(#4112,#4113,#4114,#4122));
#4112 = ORIENTED_EDGE('',*,*,#3228,.T.);
#4113 = ORIENTED_EDGE('',*,*,#4099,.T.);
#4114 = ORIENTED_EDGE('',*,*,#4115,.F.);
#4115 = EDGE_CURVE('',#4116,#4092,#4118,.T.);
#4116 = VERTEX_POINT('',#4117);
#4117 = CARTESIAN_POINT('',(-1.5,-1.2,1.1));
#4118 = LINE('',#4119,#4120);
#4119 = CARTESIAN_POINT('',(-1.5,-1.2,1.1));
#4120 = VECTOR('',#4121,1.);
#4121 = DIRECTION('',(1.,0.,0.));
#4122 = ORIENTED_EDGE('',*,*,#4123,.F.);
#4123 = EDGE_CURVE('',#3221,#4116,#4124,.T.);
#4124 = LINE('',#4125,#4126);
#4125 = CARTESIAN_POINT('',(-1.5,-2.2,1.1));
#4126 = VECTOR('',#4127,1.);
#4127 = DIRECTION('',(0.,1.,0.));
#4128 = PLANE('',#4129);
#4129 = AXIS2_PLACEMENT_3D('',#4130,#4131,#4132);
#4130 = CARTESIAN_POINT('',(-1.5,-2.2,1.1));
#4131 = DIRECTION('',(0.,0.,1.));
#4132 = DIRECTION('',(0.,1.,0.));
#4133 = ADVANCED_FACE('',(#4134),#4192,.T.);
#4134 = FACE_BOUND('',#4135,.T.);
#4135 = EDGE_LOOP('',(#4136,#4137,#4138,#4146,#4154,#4162,#4170,#4178,
    #4186));
#4136 = ORIENTED_EDGE('',*,*,#3220,.T.);
#4137 = ORIENTED_EDGE('',*,*,#4123,.T.);
#4138 = ORIENTED_EDGE('',*,*,#4139,.T.);
#4139 = EDGE_CURVE('',#4116,#4140,#4142,.T.);
#4140 = VERTEX_POINT('',#4141);
#4141 = CARTESIAN_POINT('',(-1.5,-0.8,1.5));
#4142 = LINE('',#4143,#4144);
#4143 = CARTESIAN_POINT('',(-1.5,-1.2,1.1));
#4144 = VECTOR('',#4145,1.);
#4145 = DIRECTION('',(0.,0.707106781187,0.707106781187));
#4146 = ORIENTED_EDGE('',*,*,#4147,.F.);
#4147 = EDGE_CURVE('',#4148,#4140,#4150,.T.);
#4148 = VERTEX_POINT('',#4149);
#4149 = CARTESIAN_POINT('',(-1.5,-0.6,1.5));
#4150 = LINE('',#4151,#4152);
#4151 = CARTESIAN_POINT('',(-1.5,0.65,1.5));
#4152 = VECTOR('',#4153,1.);
#4153 = DIRECTION('',(0.,-1.,0.));
#4154 = ORIENTED_EDGE('',*,*,#4155,.F.);
#4155 = EDGE_CURVE('',#4156,#4148,#4158,.T.);
#4156 = VERTEX_POINT('',#4157);
#4157 = CARTESIAN_POINT('',(-1.5,-0.9,4.1));
#4158 = LINE('',#4159,#4160);
#4159 = CARTESIAN_POINT('',(-1.5,-0.722554060393,2.562135190069));
#4160 = VECTOR('',#4161,1.);
#4161 = DIRECTION('',(-4.631926014502E-17,0.114624107985,-0.993408935871
    ));
#4162 = ORIENTED_EDGE('',*,*,#4163,.F.);
#4163 = EDGE_CURVE('',#4164,#4156,#4166,.T.);
#4164 = VERTEX_POINT('',#4165);
#4165 = CARTESIAN_POINT('',(-1.5,-0.6,4.3));
#4166 = LINE('',#4167,#4168);
#4167 = CARTESIAN_POINT('',(-1.5,-0.979477224556,4.047015183629));
#4168 = VECTOR('',#4169,1.);
#4169 = DIRECTION('',(-6.748920556342E-17,-0.832050294338,
    -0.554700196225));
#4170 = ORIENTED_EDGE('',*,*,#4171,.F.);
#4171 = EDGE_CURVE('',#4172,#4164,#4174,.T.);
#4172 = VERTEX_POINT('',#4173);
#4173 = CARTESIAN_POINT('',(-1.5,-0.6,4.5));
#4174 = LINE('',#4175,#4176);
#4175 = CARTESIAN_POINT('',(-1.5,-0.6,3.963884850592));
#4176 = VECTOR('',#4177,1.);
#4177 = DIRECTION('',(-5.198667296554E-17,-0.,-1.));
#4178 = ORIENTED_EDGE('',*,*,#4179,.F.);
#4179 = EDGE_CURVE('',#4180,#4172,#4182,.T.);
#4180 = VERTEX_POINT('',#4181);
#4181 = CARTESIAN_POINT('',(-1.5,-1.2,5.2));
#4182 = LINE('',#4183,#4184);
#4183 = CARTESIAN_POINT('',(-1.5,-0.429990774306,4.301655903357));
#4184 = VECTOR('',#4185,1.);
#4185 = DIRECTION('',(-9.239265629343E-18,0.650791373456,-0.759256602365
    ));
#4186 = ORIENTED_EDGE('',*,*,#4187,.F.);
#4187 = EDGE_CURVE('',#3213,#4180,#4188,.T.);
#4188 = LINE('',#4189,#4190);
#4189 = CARTESIAN_POINT('',(-1.5,-1.007390335865,5.2));
#4190 = VECTOR('',#4191,1.);
#4191 = DIRECTION('',(4.645414842272E-17,1.,0.));
#4192 = PLANE('',#4193);
#4193 = AXIS2_PLACEMENT_3D('',#4194,#4195,#4196);
#4194 = CARTESIAN_POINT('',(-1.5,-0.814780671729,3.627769701184));
#4195 = DIRECTION('',(1.,-4.645414842272E-17,-5.198667296554E-17));
#4196 = DIRECTION('',(5.198667296554E-17,0.,1.));
#4197 = ADVANCED_FACE('',(#4198),#4216,.F.);
#4198 = FACE_BOUND('',#4199,.F.);
#4199 = EDGE_LOOP('',(#4200,#4208,#4214,#4215));
#4200 = ORIENTED_EDGE('',*,*,#4201,.F.);
#4201 = EDGE_CURVE('',#4202,#3205,#4204,.T.);
#4202 = VERTEX_POINT('',#4203);
#4203 = CARTESIAN_POINT('',(-2.5,-1.2,5.2));
#4204 = LINE('',#4205,#4206);
#4205 = CARTESIAN_POINT('',(-2.5,-1.2,5.2));
#4206 = VECTOR('',#4207,1.);
#4207 = DIRECTION('',(0.,-1.,0.));
#4208 = ORIENTED_EDGE('',*,*,#4209,.T.);
#4209 = EDGE_CURVE('',#4202,#4180,#4210,.T.);
#4210 = LINE('',#4211,#4212);
#4211 = CARTESIAN_POINT('',(-2.5,-1.2,5.2));
#4212 = VECTOR('',#4213,1.);
#4213 = DIRECTION('',(1.,0.,0.));
#4214 = ORIENTED_EDGE('',*,*,#4187,.F.);
#4215 = ORIENTED_EDGE('',*,*,#3212,.F.);
#4216 = PLANE('',#4217);
#4217 = AXIS2_PLACEMENT_3D('',#4218,#4219,#4220);
#4218 = CARTESIAN_POINT('',(-2.5,-1.2,5.2));
#4219 = DIRECTION('',(0.,0.,-1.));
#4220 = DIRECTION('',(0.,-1.,0.));
#4221 = ADVANCED_FACE('',(#4222),#4289,.F.);
#4222 = FACE_BOUND('',#4223,.F.);
#4223 = EDGE_LOOP('',(#4224,#4225,#4233,#4241,#4249,#4257,#4265,#4273,
    #4281,#4287,#4288));
#4224 = ORIENTED_EDGE('',*,*,#3394,.F.);
#4225 = ORIENTED_EDGE('',*,*,#4226,.T.);
#4226 = EDGE_CURVE('',#3395,#4227,#4229,.T.);
#4227 = VERTEX_POINT('',#4228);
#4228 = CARTESIAN_POINT('',(-2.5,1.6,6.));
#4229 = LINE('',#4230,#4231);
#4230 = CARTESIAN_POINT('',(-2.5,1.6,0.));
#4231 = VECTOR('',#4232,1.);
#4232 = DIRECTION('',(0.,0.,1.));
#4233 = ORIENTED_EDGE('',*,*,#4234,.T.);
#4234 = EDGE_CURVE('',#4227,#4235,#4237,.T.);
#4235 = VERTEX_POINT('',#4236);
#4236 = CARTESIAN_POINT('',(-2.5,-0.2,6.));
#4237 = LINE('',#4238,#4239);
#4238 = CARTESIAN_POINT('',(-2.5,1.6,6.));
#4239 = VECTOR('',#4240,1.);
#4240 = DIRECTION('',(0.,-1.,0.));
#4241 = ORIENTED_EDGE('',*,*,#4242,.T.);
#4242 = EDGE_CURVE('',#4235,#4243,#4245,.T.);
#4243 = VERTEX_POINT('',#4244);
#4244 = CARTESIAN_POINT('',(-2.5,-0.2,1.5));
#4245 = LINE('',#4246,#4247);
#4246 = CARTESIAN_POINT('',(-2.5,-0.2,6.));
#4247 = VECTOR('',#4248,1.);
#4248 = DIRECTION('',(0.,0.,-1.));
#4249 = ORIENTED_EDGE('',*,*,#4250,.T.);
#4250 = EDGE_CURVE('',#4243,#4251,#4253,.T.);
#4251 = VERTEX_POINT('',#4252);
#4252 = CARTESIAN_POINT('',(-2.5,-0.6,1.5));
#4253 = LINE('',#4254,#4255);
#4254 = CARTESIAN_POINT('',(-2.5,-0.2,1.5));
#4255 = VECTOR('',#4256,1.);
#4256 = DIRECTION('',(0.,-1.,0.));
#4257 = ORIENTED_EDGE('',*,*,#4258,.T.);
#4258 = EDGE_CURVE('',#4251,#4259,#4261,.T.);
#4259 = VERTEX_POINT('',#4260);
#4260 = CARTESIAN_POINT('',(-2.5,-0.9,4.1));
#4261 = LINE('',#4262,#4263);
#4262 = CARTESIAN_POINT('',(-2.5,-0.6,1.5));
#4263 = VECTOR('',#4264,1.);
#4264 = DIRECTION('',(0.,-0.114624107985,0.993408935871));
#4265 = ORIENTED_EDGE('',*,*,#4266,.T.);
#4266 = EDGE_CURVE('',#4259,#4267,#4269,.T.);
#4267 = VERTEX_POINT('',#4268);
#4268 = CARTESIAN_POINT('',(-2.5,-0.6,4.3));
#4269 = LINE('',#4270,#4271);
#4270 = CARTESIAN_POINT('',(-2.5,-0.9,4.1));
#4271 = VECTOR('',#4272,1.);
#4272 = DIRECTION('',(0.,0.832050294338,0.554700196225));
#4273 = ORIENTED_EDGE('',*,*,#4274,.T.);
#4274 = EDGE_CURVE('',#4267,#4275,#4277,.T.);
#4275 = VERTEX_POINT('',#4276);
#4276 = CARTESIAN_POINT('',(-2.5,-0.6,4.5));
#4277 = LINE('',#4278,#4279);
#4278 = CARTESIAN_POINT('',(-2.5,-0.6,4.3));
#4279 = VECTOR('',#4280,1.);
#4280 = DIRECTION('',(0.,0.,1.));
#4281 = ORIENTED_EDGE('',*,*,#4282,.T.);
#4282 = EDGE_CURVE('',#4275,#4202,#4283,.T.);
#4283 = LINE('',#4284,#4285);
#4284 = CARTESIAN_POINT('',(-2.5,-0.6,4.5));
#4285 = VECTOR('',#4286,1.);
#4286 = DIRECTION('',(0.,-0.650791373456,0.759256602365));
#4287 = ORIENTED_EDGE('',*,*,#4201,.T.);
#4288 = ORIENTED_EDGE('',*,*,#3204,.F.);
#4289 = PLANE('',#4290);
#4290 = AXIS2_PLACEMENT_3D('',#4291,#4292,#4293);
#4291 = CARTESIAN_POINT('',(-2.5,1.6,0.));
#4292 = DIRECTION('',(1.,0.,0.));
#4293 = DIRECTION('',(0.,-1.,0.));
#4294 = ADVANCED_FACE('',(#4295),#4322,.F.);
#4295 = FACE_BOUND('',#4296,.F.);
#4296 = EDGE_LOOP('',(#4297,#4298,#4299,#4305,#4306,#4307,#4308,#4309,
    #4310,#4311,#4312,#4313,#4314,#4315,#4316,#4317,#4318,#4319,#4320,
    #4321));
#4297 = ORIENTED_EDGE('',*,*,#3930,.F.);
#4298 = ORIENTED_EDGE('',*,*,#4011,.T.);
#4299 = ORIENTED_EDGE('',*,*,#4300,.T.);
#4300 = EDGE_CURVE('',#4004,#4227,#4301,.T.);
#4301 = LINE('',#4302,#4303);
#4302 = CARTESIAN_POINT('',(10.,1.6,6.));
#4303 = VECTOR('',#4304,1.);
#4304 = DIRECTION('',(-1.,0.,0.));
#4305 = ORIENTED_EDGE('',*,*,#4226,.F.);
#4306 = ORIENTED_EDGE('',*,*,#3411,.F.);
#4307 = ORIENTED_EDGE('',*,*,#3434,.F.);
#4308 = ORIENTED_EDGE('',*,*,#3458,.T.);
#4309 = ORIENTED_EDGE('',*,*,#3509,.T.);
#4310 = ORIENTED_EDGE('',*,*,#3531,.F.);
#4311 = ORIENTED_EDGE('',*,*,#3564,.F.);
#4312 = ORIENTED_EDGE('',*,*,#3588,.T.);
#4313 = ORIENTED_EDGE('',*,*,#3639,.T.);
#4314 = ORIENTED_EDGE('',*,*,#3669,.F.);
#4315 = ORIENTED_EDGE('',*,*,#3694,.F.);
#4316 = ORIENTED_EDGE('',*,*,#3718,.T.);
#4317 = ORIENTED_EDGE('',*,*,#3769,.T.);
#4318 = ORIENTED_EDGE('',*,*,#3800,.F.);
#4319 = ORIENTED_EDGE('',*,*,#3824,.F.);
#4320 = ORIENTED_EDGE('',*,*,#3848,.T.);
#4321 = ORIENTED_EDGE('',*,*,#3899,.T.);
#4322 = PLANE('',#4323);
#4323 = AXIS2_PLACEMENT_3D('',#4324,#4325,#4326);
#4324 = CARTESIAN_POINT('',(10.,1.6,0.));
#4325 = DIRECTION('',(0.,-1.,0.));
#4326 = DIRECTION('',(-1.,0.,0.));
#4327 = ADVANCED_FACE('',(#4328),#4353,.F.);
#4328 = FACE_BOUND('',#4329,.F.);
#4329 = EDGE_LOOP('',(#4330,#4338,#4339,#4347));
#4330 = ORIENTED_EDGE('',*,*,#4331,.F.);
#4331 = EDGE_CURVE('',#3470,#4332,#4334,.T.);
#4332 = VERTEX_POINT('',#4333);
#4333 = CARTESIAN_POINT('',(-0.32,-0.32,-0.7));
#4334 = LINE('',#4335,#4336);
#4335 = CARTESIAN_POINT('',(-0.32,-0.32,5.1));
#4336 = VECTOR('',#4337,1.);
#4337 = DIRECTION('',(0.,0.,-1.));
#4338 = ORIENTED_EDGE('',*,*,#3467,.F.);
#4339 = ORIENTED_EDGE('',*,*,#4340,.T.);
#4340 = EDGE_CURVE('',#3468,#4341,#4343,.T.);
#4341 = VERTEX_POINT('',#4342);
#4342 = CARTESIAN_POINT('',(0.32,-0.32,-0.7));
#4343 = LINE('',#4344,#4345);
#4344 = CARTESIAN_POINT('',(0.32,-0.32,5.1));
#4345 = VECTOR('',#4346,1.);
#4346 = DIRECTION('',(0.,0.,-1.));
#4347 = ORIENTED_EDGE('',*,*,#4348,.F.);
#4348 = EDGE_CURVE('',#4332,#4341,#4349,.T.);
#4349 = LINE('',#4350,#4351);
#4350 = CARTESIAN_POINT('',(-0.32,-0.32,-0.7));
#4351 = VECTOR('',#4352,1.);
#4352 = DIRECTION('',(1.,0.,0.));
#4353 = PLANE('',#4354);
#4354 = AXIS2_PLACEMENT_3D('',#4355,#4356,#4357);
#4355 = CARTESIAN_POINT('',(-0.32,-0.32,5.1));
#4356 = DIRECTION('',(0.,1.,0.));
#4357 = DIRECTION('',(0.,0.,-1.));
#4358 = ADVANCED_FACE('',(#4359),#4409,.T.);
#4359 = FACE_BOUND('',#4360,.T.);
#4360 = EDGE_LOOP('',(#4361,#4371,#4379,#4387,#4393,#4394,#4395,#4403));
#4361 = ORIENTED_EDGE('',*,*,#4362,.T.);
#4362 = EDGE_CURVE('',#4363,#4365,#4367,.T.);
#4363 = VERTEX_POINT('',#4364);
#4364 = CARTESIAN_POINT('',(0.32,-0.351578947368,-3.));
#4365 = VERTEX_POINT('',#4366);
#4366 = CARTESIAN_POINT('',(0.32,0.288421052632,-3.));
#4367 = LINE('',#4368,#4369);
#4368 = CARTESIAN_POINT('',(0.32,-0.32,-3.));
#4369 = VECTOR('',#4370,1.);
#4370 = DIRECTION('',(0.,1.,0.));
#4371 = ORIENTED_EDGE('',*,*,#4372,.T.);
#4372 = EDGE_CURVE('',#4365,#4373,#4375,.T.);
#4373 = VERTEX_POINT('',#4374);
#4374 = CARTESIAN_POINT('',(0.32,2.E-02,-1.3));
#4375 = LINE('',#4376,#4377);
#4376 = CARTESIAN_POINT('',(0.32,0.32,-3.2));
#4377 = VECTOR('',#4378,1.);
#4378 = DIRECTION('',(0.,-0.155962573473,0.987762965329));
#4379 = ORIENTED_EDGE('',*,*,#4380,.T.);
#4380 = EDGE_CURVE('',#4373,#4381,#4383,.T.);
#4381 = VERTEX_POINT('',#4382);
#4382 = CARTESIAN_POINT('',(0.32,0.32,-0.7));
#4383 = LINE('',#4384,#4385);
#4384 = CARTESIAN_POINT('',(0.32,2.E-02,-1.3));
#4385 = VECTOR('',#4386,1.);
#4386 = DIRECTION('',(0.,0.4472135955,0.894427191));
#4387 = ORIENTED_EDGE('',*,*,#4388,.T.);
#4388 = EDGE_CURVE('',#4381,#3486,#4389,.T.);
#4389 = LINE('',#4390,#4391);
#4390 = CARTESIAN_POINT('',(0.32,0.32,-0.7));
#4391 = VECTOR('',#4392,1.);
#4392 = DIRECTION('',(0.,0.,1.));
#4393 = ORIENTED_EDGE('',*,*,#3493,.F.);
#4394 = ORIENTED_EDGE('',*,*,#4340,.T.);
#4395 = ORIENTED_EDGE('',*,*,#4396,.T.);
#4396 = EDGE_CURVE('',#4341,#4397,#4399,.T.);
#4397 = VERTEX_POINT('',#4398);
#4398 = CARTESIAN_POINT('',(0.32,-0.62,-1.3));
#4399 = LINE('',#4400,#4401);
#4400 = CARTESIAN_POINT('',(0.32,-0.32,-0.7));
#4401 = VECTOR('',#4402,1.);
#4402 = DIRECTION('',(0.,-0.4472135955,-0.894427191));
#4403 = ORIENTED_EDGE('',*,*,#4404,.T.);
#4404 = EDGE_CURVE('',#4397,#4363,#4405,.T.);
#4405 = LINE('',#4406,#4407);
#4406 = CARTESIAN_POINT('',(0.32,-0.62,-1.3));
#4407 = VECTOR('',#4408,1.);
#4408 = DIRECTION('',(0.,0.155962573473,-0.987762965329));
#4409 = PLANE('',#4410);
#4410 = AXIS2_PLACEMENT_3D('',#4411,#4412,#4413);
#4411 = CARTESIAN_POINT('',(0.32,-4.307486879287E-02,0.926376556288));
#4412 = DIRECTION('',(1.,0.,0.));
#4413 = DIRECTION('',(0.,0.,1.));
#4414 = ADVANCED_FACE('',(#4415),#4433,.F.);
#4415 = FACE_BOUND('',#4416,.F.);
#4416 = EDGE_LOOP('',(#4417,#4425,#4431,#4432));
#4417 = ORIENTED_EDGE('',*,*,#4418,.F.);
#4418 = EDGE_CURVE('',#4419,#3478,#4421,.T.);
#4419 = VERTEX_POINT('',#4420);
#4420 = CARTESIAN_POINT('',(-0.32,0.32,-0.7));
#4421 = LINE('',#4422,#4423);
#4422 = CARTESIAN_POINT('',(-0.32,0.32,-0.7));
#4423 = VECTOR('',#4424,1.);
#4424 = DIRECTION('',(0.,0.,1.));
#4425 = ORIENTED_EDGE('',*,*,#4426,.T.);
#4426 = EDGE_CURVE('',#4419,#4381,#4427,.T.);
#4427 = LINE('',#4428,#4429);
#4428 = CARTESIAN_POINT('',(-0.32,0.32,-0.7));
#4429 = VECTOR('',#4430,1.);
#4430 = DIRECTION('',(1.,0.,0.));
#4431 = ORIENTED_EDGE('',*,*,#4388,.T.);
#4432 = ORIENTED_EDGE('',*,*,#3485,.F.);
#4433 = PLANE('',#4434);
#4434 = AXIS2_PLACEMENT_3D('',#4435,#4436,#4437);
#4435 = CARTESIAN_POINT('',(-0.32,0.32,-0.7));
#4436 = DIRECTION('',(0.,-1.,0.));
#4437 = DIRECTION('',(0.,0.,1.));
#4438 = ADVANCED_FACE('',(#4439),#4482,.F.);
#4439 = FACE_BOUND('',#4440,.F.);
#4440 = EDGE_LOOP('',(#4441,#4451,#4459,#4465,#4466,#4467,#4468,#4476));
#4441 = ORIENTED_EDGE('',*,*,#4442,.T.);
#4442 = EDGE_CURVE('',#4443,#4445,#4447,.T.);
#4443 = VERTEX_POINT('',#4444);
#4444 = CARTESIAN_POINT('',(-0.32,-0.351578947368,-3.));
#4445 = VERTEX_POINT('',#4446);
#4446 = CARTESIAN_POINT('',(-0.32,0.288421052632,-3.));
#4447 = LINE('',#4448,#4449);
#4448 = CARTESIAN_POINT('',(-0.32,-0.32,-3.));
#4449 = VECTOR('',#4450,1.);
#4450 = DIRECTION('',(0.,1.,0.));
#4451 = ORIENTED_EDGE('',*,*,#4452,.T.);
#4452 = EDGE_CURVE('',#4445,#4453,#4455,.T.);
#4453 = VERTEX_POINT('',#4454);
#4454 = CARTESIAN_POINT('',(-0.32,2.E-02,-1.3));
#4455 = LINE('',#4456,#4457);
#4456 = CARTESIAN_POINT('',(-0.32,0.32,-3.2));
#4457 = VECTOR('',#4458,1.);
#4458 = DIRECTION('',(0.,-0.155962573473,0.987762965329));
#4459 = ORIENTED_EDGE('',*,*,#4460,.T.);
#4460 = EDGE_CURVE('',#4453,#4419,#4461,.T.);
#4461 = LINE('',#4462,#4463);
#4462 = CARTESIAN_POINT('',(-0.32,2.E-02,-1.3));
#4463 = VECTOR('',#4464,1.);
#4464 = DIRECTION('',(0.,0.4472135955,0.894427191));
#4465 = ORIENTED_EDGE('',*,*,#4418,.T.);
#4466 = ORIENTED_EDGE('',*,*,#3477,.F.);
#4467 = ORIENTED_EDGE('',*,*,#4331,.T.);
#4468 = ORIENTED_EDGE('',*,*,#4469,.T.);
#4469 = EDGE_CURVE('',#4332,#4470,#4472,.T.);
#4470 = VERTEX_POINT('',#4471);
#4471 = CARTESIAN_POINT('',(-0.32,-0.62,-1.3));
#4472 = LINE('',#4473,#4474);
#4473 = CARTESIAN_POINT('',(-0.32,-0.32,-0.7));
#4474 = VECTOR('',#4475,1.);
#4475 = DIRECTION('',(0.,-0.4472135955,-0.894427191));
#4476 = ORIENTED_EDGE('',*,*,#4477,.T.);
#4477 = EDGE_CURVE('',#4470,#4443,#4478,.T.);
#4478 = LINE('',#4479,#4480);
#4479 = CARTESIAN_POINT('',(-0.32,-0.62,-1.3));
#4480 = VECTOR('',#4481,1.);
#4481 = DIRECTION('',(0.,0.155962573473,-0.987762965329));
#4482 = PLANE('',#4483);
#4483 = AXIS2_PLACEMENT_3D('',#4484,#4485,#4486);
#4484 = CARTESIAN_POINT('',(-0.32,-4.307486879287E-02,0.926376556288));
#4485 = DIRECTION('',(1.,0.,0.));
#4486 = DIRECTION('',(0.,0.,1.));
#4487 = ADVANCED_FACE('',(#4488),#4513,.F.);
#4488 = FACE_BOUND('',#4489,.F.);
#4489 = EDGE_LOOP('',(#4490,#4500,#4506,#4507));
#4490 = ORIENTED_EDGE('',*,*,#4491,.T.);
#4491 = EDGE_CURVE('',#4492,#4494,#4496,.T.);
#4492 = VERTEX_POINT('',#4493);
#4493 = CARTESIAN_POINT('',(2.18,-0.32,-3.));
#4494 = VERTEX_POINT('',#4495);
#4495 = CARTESIAN_POINT('',(2.18,0.32,-3.));
#4496 = LINE('',#4497,#4498);
#4497 = CARTESIAN_POINT('',(2.18,-0.32,-3.));
#4498 = VECTOR('',#4499,1.);
#4499 = DIRECTION('',(0.,1.,0.));
#4500 = ORIENTED_EDGE('',*,*,#4501,.T.);
#4501 = EDGE_CURVE('',#4494,#3600,#4502,.T.);
#4502 = LINE('',#4503,#4504);
#4503 = CARTESIAN_POINT('',(2.18,0.32,-3.2));
#4504 = VECTOR('',#4505,1.);
#4505 = DIRECTION('',(0.,0.,1.));
#4506 = ORIENTED_EDGE('',*,*,#3597,.F.);
#4507 = ORIENTED_EDGE('',*,*,#4508,.T.);
#4508 = EDGE_CURVE('',#3598,#4492,#4509,.T.);
#4509 = LINE('',#4510,#4511);
#4510 = CARTESIAN_POINT('',(2.18,-0.32,5.1));
#4511 = VECTOR('',#4512,1.);
#4512 = DIRECTION('',(0.,0.,-1.));
#4513 = PLANE('',#4514);
#4514 = AXIS2_PLACEMENT_3D('',#4515,#4516,#4517);
#4515 = CARTESIAN_POINT('',(2.18,0.,0.95));
#4516 = DIRECTION('',(1.,0.,0.));
#4517 = DIRECTION('',(0.,0.,1.));
#4518 = ADVANCED_FACE('',(#4519),#4537,.F.);
#4519 = FACE_BOUND('',#4520,.F.);
#4520 = EDGE_LOOP('',(#4521,#4522,#4523,#4531));
#4521 = ORIENTED_EDGE('',*,*,#4508,.F.);
#4522 = ORIENTED_EDGE('',*,*,#3623,.F.);
#4523 = ORIENTED_EDGE('',*,*,#4524,.T.);
#4524 = EDGE_CURVE('',#3616,#4525,#4527,.T.);
#4525 = VERTEX_POINT('',#4526);
#4526 = CARTESIAN_POINT('',(2.82,-0.32,-3.));
#4527 = LINE('',#4528,#4529);
#4528 = CARTESIAN_POINT('',(2.82,-0.32,5.1));
#4529 = VECTOR('',#4530,1.);
#4530 = DIRECTION('',(0.,0.,-1.));
#4531 = ORIENTED_EDGE('',*,*,#4532,.F.);
#4532 = EDGE_CURVE('',#4492,#4525,#4533,.T.);
#4533 = LINE('',#4534,#4535);
#4534 = CARTESIAN_POINT('',(2.18,-0.32,-3.));
#4535 = VECTOR('',#4536,1.);
#4536 = DIRECTION('',(1.,0.,0.));
#4537 = PLANE('',#4538);
#4538 = AXIS2_PLACEMENT_3D('',#4539,#4540,#4541);
#4539 = CARTESIAN_POINT('',(2.18,-0.32,5.1));
#4540 = DIRECTION('',(0.,1.,0.));
#4541 = DIRECTION('',(0.,0.,-1.));
#4542 = ADVANCED_FACE('',(#4543),#4561,.T.);
#4543 = FACE_BOUND('',#4544,.T.);
#4544 = EDGE_LOOP('',(#4545,#4553,#4559,#4560));
#4545 = ORIENTED_EDGE('',*,*,#4546,.T.);
#4546 = EDGE_CURVE('',#4525,#4547,#4549,.T.);
#4547 = VERTEX_POINT('',#4548);
#4548 = CARTESIAN_POINT('',(2.82,0.32,-3.));
#4549 = LINE('',#4550,#4551);
#4550 = CARTESIAN_POINT('',(2.82,-0.32,-3.));
#4551 = VECTOR('',#4552,1.);
#4552 = DIRECTION('',(0.,1.,0.));
#4553 = ORIENTED_EDGE('',*,*,#4554,.T.);
#4554 = EDGE_CURVE('',#4547,#3608,#4555,.T.);
#4555 = LINE('',#4556,#4557);
#4556 = CARTESIAN_POINT('',(2.82,0.32,-3.2));
#4557 = VECTOR('',#4558,1.);
#4558 = DIRECTION('',(0.,0.,1.));
#4559 = ORIENTED_EDGE('',*,*,#3615,.F.);
#4560 = ORIENTED_EDGE('',*,*,#4524,.T.);
#4561 = PLANE('',#4562);
#4562 = AXIS2_PLACEMENT_3D('',#4563,#4564,#4565);
#4563 = CARTESIAN_POINT('',(2.82,0.,0.95));
#4564 = DIRECTION('',(1.,0.,0.));
#4565 = DIRECTION('',(0.,0.,1.));
#4566 = ADVANCED_FACE('',(#4567),#4578,.F.);
#4567 = FACE_BOUND('',#4568,.F.);
#4568 = EDGE_LOOP('',(#4569,#4570,#4576,#4577));
#4569 = ORIENTED_EDGE('',*,*,#4501,.F.);
#4570 = ORIENTED_EDGE('',*,*,#4571,.T.);
#4571 = EDGE_CURVE('',#4494,#4547,#4572,.T.);
#4572 = LINE('',#4573,#4574);
#4573 = CARTESIAN_POINT('',(2.18,0.32,-3.));
#4574 = VECTOR('',#4575,1.);
#4575 = DIRECTION('',(1.,0.,0.));
#4576 = ORIENTED_EDGE('',*,*,#4554,.T.);
#4577 = ORIENTED_EDGE('',*,*,#3607,.F.);
#4578 = PLANE('',#4579);
#4579 = AXIS2_PLACEMENT_3D('',#4580,#4581,#4582);
#4580 = CARTESIAN_POINT('',(2.18,0.32,-3.2));
#4581 = DIRECTION('',(0.,-1.,0.));
#4582 = DIRECTION('',(0.,0.,1.));
#4583 = ADVANCED_FACE('',(#4584),#4609,.F.);
#4584 = FACE_BOUND('',#4585,.F.);
#4585 = EDGE_LOOP('',(#4586,#4596,#4602,#4603));
#4586 = ORIENTED_EDGE('',*,*,#4587,.T.);
#4587 = EDGE_CURVE('',#4588,#4590,#4592,.T.);
#4588 = VERTEX_POINT('',#4589);
#4589 = CARTESIAN_POINT('',(4.68,-0.32,-3.));
#4590 = VERTEX_POINT('',#4591);
#4591 = CARTESIAN_POINT('',(4.68,0.32,-3.));
#4592 = LINE('',#4593,#4594);
#4593 = CARTESIAN_POINT('',(4.68,-0.32,-3.));
#4594 = VECTOR('',#4595,1.);
#4595 = DIRECTION('',(0.,1.,0.));
#4596 = ORIENTED_EDGE('',*,*,#4597,.T.);
#4597 = EDGE_CURVE('',#4590,#3730,#4598,.T.);
#4598 = LINE('',#4599,#4600);
#4599 = CARTESIAN_POINT('',(4.68,0.32,-3.2));
#4600 = VECTOR('',#4601,1.);
#4601 = DIRECTION('',(0.,0.,1.));
#4602 = ORIENTED_EDGE('',*,*,#3727,.F.);
#4603 = ORIENTED_EDGE('',*,*,#4604,.T.);
#4604 = EDGE_CURVE('',#3728,#4588,#4605,.T.);
#4605 = LINE('',#4606,#4607);
#4606 = CARTESIAN_POINT('',(4.68,-0.32,5.1));
#4607 = VECTOR('',#4608,1.);
#4608 = DIRECTION('',(0.,0.,-1.));
#4609 = PLANE('',#4610);
#4610 = AXIS2_PLACEMENT_3D('',#4611,#4612,#4613);
#4611 = CARTESIAN_POINT('',(4.68,0.,0.95));
#4612 = DIRECTION('',(1.,0.,0.));
#4613 = DIRECTION('',(0.,0.,1.));
#4614 = ADVANCED_FACE('',(#4615),#4633,.F.);
#4615 = FACE_BOUND('',#4616,.F.);
#4616 = EDGE_LOOP('',(#4617,#4618,#4619,#4627));
#4617 = ORIENTED_EDGE('',*,*,#4604,.F.);
#4618 = ORIENTED_EDGE('',*,*,#3753,.F.);
#4619 = ORIENTED_EDGE('',*,*,#4620,.T.);
#4620 = EDGE_CURVE('',#3746,#4621,#4623,.T.);
#4621 = VERTEX_POINT('',#4622);
#4622 = CARTESIAN_POINT('',(5.32,-0.32,-3.));
#4623 = LINE('',#4624,#4625);
#4624 = CARTESIAN_POINT('',(5.32,-0.32,5.1));
#4625 = VECTOR('',#4626,1.);
#4626 = DIRECTION('',(0.,0.,-1.));
#4627 = ORIENTED_EDGE('',*,*,#4628,.F.);
#4628 = EDGE_CURVE('',#4588,#4621,#4629,.T.);
#4629 = LINE('',#4630,#4631);
#4630 = CARTESIAN_POINT('',(4.68,-0.32,-3.));
#4631 = VECTOR('',#4632,1.);
#4632 = DIRECTION('',(1.,0.,0.));
#4633 = PLANE('',#4634);
#4634 = AXIS2_PLACEMENT_3D('',#4635,#4636,#4637);
#4635 = CARTESIAN_POINT('',(4.68,-0.32,5.1));
#4636 = DIRECTION('',(0.,1.,0.));
#4637 = DIRECTION('',(0.,0.,-1.));
#4638 = ADVANCED_FACE('',(#4639),#4657,.T.);
#4639 = FACE_BOUND('',#4640,.T.);
#4640 = EDGE_LOOP('',(#4641,#4649,#4655,#4656));
#4641 = ORIENTED_EDGE('',*,*,#4642,.T.);
#4642 = EDGE_CURVE('',#4621,#4643,#4645,.T.);
#4643 = VERTEX_POINT('',#4644);
#4644 = CARTESIAN_POINT('',(5.32,0.32,-3.));
#4645 = LINE('',#4646,#4647);
#4646 = CARTESIAN_POINT('',(5.32,-0.32,-3.));
#4647 = VECTOR('',#4648,1.);
#4648 = DIRECTION('',(0.,1.,0.));
#4649 = ORIENTED_EDGE('',*,*,#4650,.T.);
#4650 = EDGE_CURVE('',#4643,#3738,#4651,.T.);
#4651 = LINE('',#4652,#4653);
#4652 = CARTESIAN_POINT('',(5.32,0.32,-3.2));
#4653 = VECTOR('',#4654,1.);
#4654 = DIRECTION('',(0.,0.,1.));
#4655 = ORIENTED_EDGE('',*,*,#3745,.F.);
#4656 = ORIENTED_EDGE('',*,*,#4620,.T.);
#4657 = PLANE('',#4658);
#4658 = AXIS2_PLACEMENT_3D('',#4659,#4660,#4661);
#4659 = CARTESIAN_POINT('',(5.32,0.,0.95));
#4660 = DIRECTION('',(1.,0.,0.));
#4661 = DIRECTION('',(0.,0.,1.));
#4662 = ADVANCED_FACE('',(#4663),#4674,.F.);
#4663 = FACE_BOUND('',#4664,.F.);
#4664 = EDGE_LOOP('',(#4665,#4666,#4672,#4673));
#4665 = ORIENTED_EDGE('',*,*,#4597,.F.);
#4666 = ORIENTED_EDGE('',*,*,#4667,.T.);
#4667 = EDGE_CURVE('',#4590,#4643,#4668,.T.);
#4668 = LINE('',#4669,#4670);
#4669 = CARTESIAN_POINT('',(4.68,0.32,-3.));
#4670 = VECTOR('',#4671,1.);
#4671 = DIRECTION('',(1.,0.,0.));
#4672 = ORIENTED_EDGE('',*,*,#4650,.T.);
#4673 = ORIENTED_EDGE('',*,*,#3737,.F.);
#4674 = PLANE('',#4675);
#4675 = AXIS2_PLACEMENT_3D('',#4676,#4677,#4678);
#4676 = CARTESIAN_POINT('',(4.68,0.32,-3.2));
#4677 = DIRECTION('',(0.,-1.,0.));
#4678 = DIRECTION('',(0.,0.,1.));
#4679 = ADVANCED_FACE('',(#4680),#4737,.T.);
#4680 = FACE_BOUND('',#4681,.T.);
#4681 = EDGE_LOOP('',(#4682,#4692,#4700,#4708,#4714,#4715,#4723,#4731));
#4682 = ORIENTED_EDGE('',*,*,#4683,.T.);
#4683 = EDGE_CURVE('',#4684,#4686,#4688,.T.);
#4684 = VERTEX_POINT('',#4685);
#4685 = CARTESIAN_POINT('',(7.82,-0.351578947368,-3.));
#4686 = VERTEX_POINT('',#4687);
#4687 = CARTESIAN_POINT('',(7.82,0.288421052632,-3.));
#4688 = LINE('',#4689,#4690);
#4689 = CARTESIAN_POINT('',(7.82,-0.32,-3.));
#4690 = VECTOR('',#4691,1.);
#4691 = DIRECTION('',(0.,1.,0.));
#4692 = ORIENTED_EDGE('',*,*,#4693,.T.);
#4693 = EDGE_CURVE('',#4686,#4694,#4696,.T.);
#4694 = VERTEX_POINT('',#4695);
#4695 = CARTESIAN_POINT('',(7.82,2.E-02,-1.3));
#4696 = LINE('',#4697,#4698);
#4697 = CARTESIAN_POINT('',(7.82,0.32,-3.2));
#4698 = VECTOR('',#4699,1.);
#4699 = DIRECTION('',(0.,-0.155962573473,0.987762965329));
#4700 = ORIENTED_EDGE('',*,*,#4701,.T.);
#4701 = EDGE_CURVE('',#4694,#4702,#4704,.T.);
#4702 = VERTEX_POINT('',#4703);
#4703 = CARTESIAN_POINT('',(7.82,0.32,-0.7));
#4704 = LINE('',#4705,#4706);
#4705 = CARTESIAN_POINT('',(7.82,2.E-02,-1.3));
#4706 = VECTOR('',#4707,1.);
#4707 = DIRECTION('',(0.,0.4472135955,0.894427191));
#4708 = ORIENTED_EDGE('',*,*,#4709,.T.);
#4709 = EDGE_CURVE('',#4702,#3860,#4710,.T.);
#4710 = LINE('',#4711,#4712);
#4711 = CARTESIAN_POINT('',(7.82,0.32,-0.7));
#4712 = VECTOR('',#4713,1.);
#4713 = DIRECTION('',(0.,0.,1.));
#4714 = ORIENTED_EDGE('',*,*,#3857,.F.);
#4715 = ORIENTED_EDGE('',*,*,#4716,.T.);
#4716 = EDGE_CURVE('',#3858,#4717,#4719,.T.);
#4717 = VERTEX_POINT('',#4718);
#4718 = CARTESIAN_POINT('',(7.82,-0.32,-0.7));
#4719 = LINE('',#4720,#4721);
#4720 = CARTESIAN_POINT('',(7.82,-0.32,5.1));
#4721 = VECTOR('',#4722,1.);
#4722 = DIRECTION('',(0.,0.,-1.));
#4723 = ORIENTED_EDGE('',*,*,#4724,.T.);
#4724 = EDGE_CURVE('',#4717,#4725,#4727,.T.);
#4725 = VERTEX_POINT('',#4726);
#4726 = CARTESIAN_POINT('',(7.82,-0.62,-1.3));
#4727 = LINE('',#4728,#4729);
#4728 = CARTESIAN_POINT('',(7.82,-0.32,-0.7));
#4729 = VECTOR('',#4730,1.);
#4730 = DIRECTION('',(0.,-0.4472135955,-0.894427191));
#4731 = ORIENTED_EDGE('',*,*,#4732,.T.);
#4732 = EDGE_CURVE('',#4725,#4684,#4733,.T.);
#4733 = LINE('',#4734,#4735);
#4734 = CARTESIAN_POINT('',(7.82,-0.62,-1.3));
#4735 = VECTOR('',#4736,1.);
#4736 = DIRECTION('',(0.,0.155962573473,-0.987762965329));
#4737 = PLANE('',#4738);
#4738 = AXIS2_PLACEMENT_3D('',#4739,#4740,#4741);
#4739 = CARTESIAN_POINT('',(7.82,-4.307486879287E-02,0.926376556288));
#4740 = DIRECTION('',(1.,0.,0.));
#4741 = DIRECTION('',(0.,0.,1.));
#4742 = ADVANCED_FACE('',(#4743),#4761,.F.);
#4743 = FACE_BOUND('',#4744,.F.);
#4744 = EDGE_LOOP('',(#4745,#4753,#4759,#4760));
#4745 = ORIENTED_EDGE('',*,*,#4746,.F.);
#4746 = EDGE_CURVE('',#4747,#3876,#4749,.T.);
#4747 = VERTEX_POINT('',#4748);
#4748 = CARTESIAN_POINT('',(7.18,0.32,-0.7));
#4749 = LINE('',#4750,#4751);
#4750 = CARTESIAN_POINT('',(7.18,0.32,-0.7));
#4751 = VECTOR('',#4752,1.);
#4752 = DIRECTION('',(0.,0.,1.));
#4753 = ORIENTED_EDGE('',*,*,#4754,.T.);
#4754 = EDGE_CURVE('',#4747,#4702,#4755,.T.);
#4755 = LINE('',#4756,#4757);
#4756 = CARTESIAN_POINT('',(7.18,0.32,-0.7));
#4757 = VECTOR('',#4758,1.);
#4758 = DIRECTION('',(1.,0.,0.));
#4759 = ORIENTED_EDGE('',*,*,#4709,.T.);
#4760 = ORIENTED_EDGE('',*,*,#3883,.F.);
#4761 = PLANE('',#4762);
#4762 = AXIS2_PLACEMENT_3D('',#4763,#4764,#4765);
#4763 = CARTESIAN_POINT('',(7.18,0.32,-0.7));
#4764 = DIRECTION('',(0.,-1.,0.));
#4765 = DIRECTION('',(0.,0.,1.));
#4766 = ADVANCED_FACE('',(#4767),#4817,.F.);
#4767 = FACE_BOUND('',#4768,.F.);
#4768 = EDGE_LOOP('',(#4769,#4779,#4787,#4793,#4794,#4795,#4803,#4811));
#4769 = ORIENTED_EDGE('',*,*,#4770,.T.);
#4770 = EDGE_CURVE('',#4771,#4773,#4775,.T.);
#4771 = VERTEX_POINT('',#4772);
#4772 = CARTESIAN_POINT('',(7.18,-0.351578947368,-3.));
#4773 = VERTEX_POINT('',#4774);
#4774 = CARTESIAN_POINT('',(7.18,0.288421052632,-3.));
#4775 = LINE('',#4776,#4777);
#4776 = CARTESIAN_POINT('',(7.18,-0.32,-3.));
#4777 = VECTOR('',#4778,1.);
#4778 = DIRECTION('',(0.,1.,0.));
#4779 = ORIENTED_EDGE('',*,*,#4780,.T.);
#4780 = EDGE_CURVE('',#4773,#4781,#4783,.T.);
#4781 = VERTEX_POINT('',#4782);
#4782 = CARTESIAN_POINT('',(7.18,2.E-02,-1.3));
#4783 = LINE('',#4784,#4785);
#4784 = CARTESIAN_POINT('',(7.18,0.32,-3.2));
#4785 = VECTOR('',#4786,1.);
#4786 = DIRECTION('',(0.,-0.155962573473,0.987762965329));
#4787 = ORIENTED_EDGE('',*,*,#4788,.T.);
#4788 = EDGE_CURVE('',#4781,#4747,#4789,.T.);
#4789 = LINE('',#4790,#4791);
#4790 = CARTESIAN_POINT('',(7.18,2.E-02,-1.3));
#4791 = VECTOR('',#4792,1.);
#4792 = DIRECTION('',(0.,0.4472135955,0.894427191));
#4793 = ORIENTED_EDGE('',*,*,#4746,.T.);
#4794 = ORIENTED_EDGE('',*,*,#3875,.F.);
#4795 = ORIENTED_EDGE('',*,*,#4796,.T.);
#4796 = EDGE_CURVE('',#3868,#4797,#4799,.T.);
#4797 = VERTEX_POINT('',#4798);
#4798 = CARTESIAN_POINT('',(7.18,-0.32,-0.7));
#4799 = LINE('',#4800,#4801);
#4800 = CARTESIAN_POINT('',(7.18,-0.32,5.1));
#4801 = VECTOR('',#4802,1.);
#4802 = DIRECTION('',(0.,0.,-1.));
#4803 = ORIENTED_EDGE('',*,*,#4804,.T.);
#4804 = EDGE_CURVE('',#4797,#4805,#4807,.T.);
#4805 = VERTEX_POINT('',#4806);
#4806 = CARTESIAN_POINT('',(7.18,-0.62,-1.3));
#4807 = LINE('',#4808,#4809);
#4808 = CARTESIAN_POINT('',(7.18,-0.32,-0.7));
#4809 = VECTOR('',#4810,1.);
#4810 = DIRECTION('',(0.,-0.4472135955,-0.894427191));
#4811 = ORIENTED_EDGE('',*,*,#4812,.T.);
#4812 = EDGE_CURVE('',#4805,#4771,#4813,.T.);
#4813 = LINE('',#4814,#4815);
#4814 = CARTESIAN_POINT('',(7.18,-0.62,-1.3));
#4815 = VECTOR('',#4816,1.);
#4816 = DIRECTION('',(0.,0.155962573473,-0.987762965329));
#4817 = PLANE('',#4818);
#4818 = AXIS2_PLACEMENT_3D('',#4819,#4820,#4821);
#4819 = CARTESIAN_POINT('',(7.18,-4.307486879287E-02,0.926376556288));
#4820 = DIRECTION('',(1.,0.,0.));
#4821 = DIRECTION('',(0.,0.,1.));
#4822 = ADVANCED_FACE('',(#4823),#4834,.F.);
#4823 = FACE_BOUND('',#4824,.F.);
#4824 = EDGE_LOOP('',(#4825,#4826,#4827,#4828));
#4825 = ORIENTED_EDGE('',*,*,#4796,.F.);
#4826 = ORIENTED_EDGE('',*,*,#3867,.F.);
#4827 = ORIENTED_EDGE('',*,*,#4716,.T.);
#4828 = ORIENTED_EDGE('',*,*,#4829,.F.);
#4829 = EDGE_CURVE('',#4797,#4717,#4830,.T.);
#4830 = LINE('',#4831,#4832);
#4831 = CARTESIAN_POINT('',(7.18,-0.32,-0.7));
#4832 = VECTOR('',#4833,1.);
#4833 = DIRECTION('',(1.,0.,0.));
#4834 = PLANE('',#4835);
#4835 = AXIS2_PLACEMENT_3D('',#4836,#4837,#4838);
#4836 = CARTESIAN_POINT('',(7.18,-0.32,5.1));
#4837 = DIRECTION('',(0.,1.,0.));
#4838 = DIRECTION('',(0.,0.,-1.));
#4839 = ADVANCED_FACE('',(#4840),#4915,.T.);
#4840 = FACE_BOUND('',#4841,.T.);
#4841 = EDGE_LOOP('',(#4842,#4843,#4844,#4852,#4860,#4868,#4876,#4884,
    #4892,#4900,#4908,#4914));
#4842 = ORIENTED_EDGE('',*,*,#4300,.T.);
#4843 = ORIENTED_EDGE('',*,*,#4234,.T.);
#4844 = ORIENTED_EDGE('',*,*,#4845,.T.);
#4845 = EDGE_CURVE('',#4235,#4846,#4848,.T.);
#4846 = VERTEX_POINT('',#4847);
#4847 = CARTESIAN_POINT('',(-1.5,-0.2,6.));
#4848 = LINE('',#4849,#4850);
#4849 = CARTESIAN_POINT('',(-2.5,-0.2,6.));
#4850 = VECTOR('',#4851,1.);
#4851 = DIRECTION('',(1.,0.,0.));
#4852 = ORIENTED_EDGE('',*,*,#4853,.F.);
#4853 = EDGE_CURVE('',#4854,#4846,#4856,.T.);
#4854 = VERTEX_POINT('',#4855);
#4855 = CARTESIAN_POINT('',(-1.5,0.65,6.));
#4856 = LINE('',#4857,#4858);
#4857 = CARTESIAN_POINT('',(-1.5,0.65,6.));
#4858 = VECTOR('',#4859,1.);
#4859 = DIRECTION('',(0.,-1.,0.));
#4860 = ORIENTED_EDGE('',*,*,#4861,.F.);
#4861 = EDGE_CURVE('',#4862,#4854,#4864,.T.);
#4862 = VERTEX_POINT('',#4863);
#4863 = CARTESIAN_POINT('',(-2.05,0.65,6.));
#4864 = LINE('',#4865,#4866);
#4865 = CARTESIAN_POINT('',(-2.05,0.65,6.));
#4866 = VECTOR('',#4867,1.);
#4867 = DIRECTION('',(1.,0.,0.));
#4868 = ORIENTED_EDGE('',*,*,#4869,.F.);
#4869 = EDGE_CURVE('',#4870,#4862,#4872,.T.);
#4870 = VERTEX_POINT('',#4871);
#4871 = CARTESIAN_POINT('',(-2.05,1.15,6.));
#4872 = LINE('',#4873,#4874);
#4873 = CARTESIAN_POINT('',(-2.05,1.15,6.));
#4874 = VECTOR('',#4875,1.);
#4875 = DIRECTION('',(0.,-1.,0.));
#4876 = ORIENTED_EDGE('',*,*,#4877,.F.);
#4877 = EDGE_CURVE('',#4878,#4870,#4880,.T.);
#4878 = VERTEX_POINT('',#4879);
#4879 = CARTESIAN_POINT('',(9.55,1.15,6.));
#4880 = LINE('',#4881,#4882);
#4881 = CARTESIAN_POINT('',(9.55,1.15,6.));
#4882 = VECTOR('',#4883,1.);
#4883 = DIRECTION('',(-1.,0.,0.));
#4884 = ORIENTED_EDGE('',*,*,#4885,.F.);
#4885 = EDGE_CURVE('',#4886,#4878,#4888,.T.);
#4886 = VERTEX_POINT('',#4887);
#4887 = CARTESIAN_POINT('',(9.55,0.65,6.));
#4888 = LINE('',#4889,#4890);
#4889 = CARTESIAN_POINT('',(9.55,0.65,6.));
#4890 = VECTOR('',#4891,1.);
#4891 = DIRECTION('',(0.,1.,0.));
#4892 = ORIENTED_EDGE('',*,*,#4893,.F.);
#4893 = EDGE_CURVE('',#4894,#4886,#4896,.T.);
#4894 = VERTEX_POINT('',#4895);
#4895 = CARTESIAN_POINT('',(9.,0.65,6.));
#4896 = LINE('',#4897,#4898);
#4897 = CARTESIAN_POINT('',(9.,0.65,6.));
#4898 = VECTOR('',#4899,1.);
#4899 = DIRECTION('',(1.,0.,0.));
#4900 = ORIENTED_EDGE('',*,*,#4901,.F.);
#4901 = EDGE_CURVE('',#4902,#4894,#4904,.T.);
#4902 = VERTEX_POINT('',#4903);
#4903 = CARTESIAN_POINT('',(9.,-0.2,6.));
#4904 = LINE('',#4905,#4906);
#4905 = CARTESIAN_POINT('',(9.,-2.2,6.));
#4906 = VECTOR('',#4907,1.);
#4907 = DIRECTION('',(0.,1.,0.));
#4908 = ORIENTED_EDGE('',*,*,#4909,.T.);
#4909 = EDGE_CURVE('',#4902,#3996,#4910,.T.);
#4910 = LINE('',#4911,#4912);
#4911 = CARTESIAN_POINT('',(-2.5,-0.2,6.));
#4912 = VECTOR('',#4913,1.);
#4913 = DIRECTION('',(1.,0.,0.));
#4914 = ORIENTED_EDGE('',*,*,#4003,.T.);
#4915 = PLANE('',#4916);
#4916 = AXIS2_PLACEMENT_3D('',#4917,#4918,#4919);
#4917 = CARTESIAN_POINT('',(3.75,-0.3,6.));
#4918 = DIRECTION('',(0.,0.,1.));
#4919 = DIRECTION('',(1.,0.,-0.));
#4920 = ADVANCED_FACE('',(#4921),#4939,.F.);
#4921 = FACE_BOUND('',#4922,.F.);
#4922 = EDGE_LOOP('',(#4923,#4931,#4932,#4933));
#4923 = ORIENTED_EDGE('',*,*,#4924,.F.);
#4924 = EDGE_CURVE('',#4902,#4925,#4927,.T.);
#4925 = VERTEX_POINT('',#4926);
#4926 = CARTESIAN_POINT('',(9.,-0.2,1.5));
#4927 = LINE('',#4928,#4929);
#4928 = CARTESIAN_POINT('',(9.,-0.2,4.813884850592));
#4929 = VECTOR('',#4930,1.);
#4930 = DIRECTION('',(2.57515918794E-31,0.,-1.));
#4931 = ORIENTED_EDGE('',*,*,#4909,.T.);
#4932 = ORIENTED_EDGE('',*,*,#3995,.T.);
#4933 = ORIENTED_EDGE('',*,*,#4934,.F.);
#4934 = EDGE_CURVE('',#4925,#3988,#4935,.T.);
#4935 = LINE('',#4936,#4937);
#4936 = CARTESIAN_POINT('',(-2.5,-0.2,1.5));
#4937 = VECTOR('',#4938,1.);
#4938 = DIRECTION('',(1.,0.,0.));
#4939 = PLANE('',#4940);
#4940 = AXIS2_PLACEMENT_3D('',#4941,#4942,#4943);
#4941 = CARTESIAN_POINT('',(-2.5,-0.2,6.));
#4942 = DIRECTION('',(0.,1.,0.));
#4943 = DIRECTION('',(0.,0.,-1.));
#4944 = ADVANCED_FACE('',(#4945,#5032,#5066,#5100,#5134),#5168,.T.);
#4945 = FACE_BOUND('',#4946,.T.);
#4946 = EDGE_LOOP('',(#4947,#4953,#4954,#4955,#4963,#4971,#4979,#4987,
    #4995,#5003,#5011,#5017,#5018,#5024,#5025,#5031));
#4947 = ORIENTED_EDGE('',*,*,#4948,.T.);
#4948 = EDGE_CURVE('',#4076,#3980,#4949,.T.);
#4949 = LINE('',#4950,#4951);
#4950 = CARTESIAN_POINT('',(-2.5,-0.6,1.5));
#4951 = VECTOR('',#4952,1.);
#4952 = DIRECTION('',(1.,0.,0.));
#4953 = ORIENTED_EDGE('',*,*,#3987,.F.);
#4954 = ORIENTED_EDGE('',*,*,#4934,.F.);
#4955 = ORIENTED_EDGE('',*,*,#4956,.T.);
#4956 = EDGE_CURVE('',#4925,#4957,#4959,.T.);
#4957 = VERTEX_POINT('',#4958);
#4958 = CARTESIAN_POINT('',(9.,0.65,1.5));
#4959 = LINE('',#4960,#4961);
#4960 = CARTESIAN_POINT('',(9.,-2.2,1.5));
#4961 = VECTOR('',#4962,1.);
#4962 = DIRECTION('',(0.,1.,0.));
#4963 = ORIENTED_EDGE('',*,*,#4964,.T.);
#4964 = EDGE_CURVE('',#4957,#4965,#4967,.T.);
#4965 = VERTEX_POINT('',#4966);
#4966 = CARTESIAN_POINT('',(9.55,0.65,1.5));
#4967 = LINE('',#4968,#4969);
#4968 = CARTESIAN_POINT('',(9.,0.65,1.5));
#4969 = VECTOR('',#4970,1.);
#4970 = DIRECTION('',(1.,0.,0.));
#4971 = ORIENTED_EDGE('',*,*,#4972,.T.);
#4972 = EDGE_CURVE('',#4965,#4973,#4975,.T.);
#4973 = VERTEX_POINT('',#4974);
#4974 = CARTESIAN_POINT('',(9.55,1.15,1.5));
#4975 = LINE('',#4976,#4977);
#4976 = CARTESIAN_POINT('',(9.55,0.65,1.5));
#4977 = VECTOR('',#4978,1.);
#4978 = DIRECTION('',(0.,1.,0.));
#4979 = ORIENTED_EDGE('',*,*,#4980,.T.);
#4980 = EDGE_CURVE('',#4973,#4981,#4983,.T.);
#4981 = VERTEX_POINT('',#4982);
#4982 = CARTESIAN_POINT('',(-2.05,1.15,1.5));
#4983 = LINE('',#4984,#4985);
#4984 = CARTESIAN_POINT('',(9.55,1.15,1.5));
#4985 = VECTOR('',#4986,1.);
#4986 = DIRECTION('',(-1.,0.,0.));
#4987 = ORIENTED_EDGE('',*,*,#4988,.T.);
#4988 = EDGE_CURVE('',#4981,#4989,#4991,.T.);
#4989 = VERTEX_POINT('',#4990);
#4990 = CARTESIAN_POINT('',(-2.05,0.65,1.5));
#4991 = LINE('',#4992,#4993);
#4992 = CARTESIAN_POINT('',(-2.05,1.15,1.5));
#4993 = VECTOR('',#4994,1.);
#4994 = DIRECTION('',(0.,-1.,0.));
#4995 = ORIENTED_EDGE('',*,*,#4996,.T.);
#4996 = EDGE_CURVE('',#4989,#4997,#4999,.T.);
#4997 = VERTEX_POINT('',#4998);
#4998 = CARTESIAN_POINT('',(-1.5,0.65,1.5));
#4999 = LINE('',#5000,#5001);
#5000 = CARTESIAN_POINT('',(-2.05,0.65,1.5));
#5001 = VECTOR('',#5002,1.);
#5002 = DIRECTION('',(1.,0.,0.));
#5003 = ORIENTED_EDGE('',*,*,#5004,.T.);
#5004 = EDGE_CURVE('',#4997,#5005,#5007,.T.);
#5005 = VERTEX_POINT('',#5006);
#5006 = CARTESIAN_POINT('',(-1.5,-0.2,1.5));
#5007 = LINE('',#5008,#5009);
#5008 = CARTESIAN_POINT('',(-1.5,0.65,1.5));
#5009 = VECTOR('',#5010,1.);
#5010 = DIRECTION('',(0.,-1.,0.));
#5011 = ORIENTED_EDGE('',*,*,#5012,.F.);
#5012 = EDGE_CURVE('',#4243,#5005,#5013,.T.);
#5013 = LINE('',#5014,#5015);
#5014 = CARTESIAN_POINT('',(-2.5,-0.2,1.5));
#5015 = VECTOR('',#5016,1.);
#5016 = DIRECTION('',(1.,0.,0.));
#5017 = ORIENTED_EDGE('',*,*,#4250,.T.);
#5018 = ORIENTED_EDGE('',*,*,#5019,.T.);
#5019 = EDGE_CURVE('',#4251,#4148,#5020,.T.);
#5020 = LINE('',#5021,#5022);
#5021 = CARTESIAN_POINT('',(-2.5,-0.6,1.5));
#5022 = VECTOR('',#5023,1.);
#5023 = DIRECTION('',(1.,0.,0.));
#5024 = ORIENTED_EDGE('',*,*,#4147,.T.);
#5025 = ORIENTED_EDGE('',*,*,#5026,.T.);
#5026 = EDGE_CURVE('',#4140,#4084,#5027,.T.);
#5027 = LINE('',#5028,#5029);
#5028 = CARTESIAN_POINT('',(-1.5,-0.8,1.5));
#5029 = VECTOR('',#5030,1.);
#5030 = DIRECTION('',(1.,0.,0.));
#5031 = ORIENTED_EDGE('',*,*,#4083,.T.);
#5032 = FACE_BOUND('',#5033,.T.);
#5033 = EDGE_LOOP('',(#5034,#5044,#5052,#5060));
#5034 = ORIENTED_EDGE('',*,*,#5035,.T.);
#5035 = EDGE_CURVE('',#5036,#5038,#5040,.T.);
#5036 = VERTEX_POINT('',#5037);
#5037 = CARTESIAN_POINT('',(4.68,-0.32,1.5));
#5038 = VERTEX_POINT('',#5039);
#5039 = CARTESIAN_POINT('',(4.68,0.32,1.5));
#5040 = LINE('',#5041,#5042);
#5041 = CARTESIAN_POINT('',(4.68,7.616559485531E-02,1.5));
#5042 = VECTOR('',#5043,1.);
#5043 = DIRECTION('',(0.,1.,5.495365593664E-32));
#5044 = ORIENTED_EDGE('',*,*,#5045,.T.);
#5045 = EDGE_CURVE('',#5038,#5046,#5048,.T.);
#5046 = VERTEX_POINT('',#5047);
#5047 = CARTESIAN_POINT('',(5.32,0.32,1.5));
#5048 = LINE('',#5049,#5050);
#5049 = CARTESIAN_POINT('',(4.215,0.32,1.5));
#5050 = VECTOR('',#5051,1.);
#5051 = DIRECTION('',(1.,0.,1.659460769622E-33));
#5052 = ORIENTED_EDGE('',*,*,#5053,.F.);
#5053 = EDGE_CURVE('',#5054,#5046,#5056,.T.);
#5054 = VERTEX_POINT('',#5055);
#5055 = CARTESIAN_POINT('',(5.32,-0.32,1.5));
#5056 = LINE('',#5057,#5058);
#5057 = CARTESIAN_POINT('',(5.32,7.616559485531E-02,1.5));
#5058 = VECTOR('',#5059,1.);
#5059 = DIRECTION('',(0.,1.,5.495365593664E-32));
#5060 = ORIENTED_EDGE('',*,*,#5061,.T.);
#5061 = EDGE_CURVE('',#5054,#5036,#5062,.T.);
#5062 = LINE('',#5063,#5064);
#5063 = CARTESIAN_POINT('',(4.215,-0.32,1.5));
#5064 = VECTOR('',#5065,1.);
#5065 = DIRECTION('',(-1.,0.,-1.659460769622E-33));
#5066 = FACE_BOUND('',#5067,.T.);
#5067 = EDGE_LOOP('',(#5068,#5078,#5086,#5094));
#5068 = ORIENTED_EDGE('',*,*,#5069,.T.);
#5069 = EDGE_CURVE('',#5070,#5072,#5074,.T.);
#5070 = VERTEX_POINT('',#5071);
#5071 = CARTESIAN_POINT('',(2.18,-0.32,1.5));
#5072 = VERTEX_POINT('',#5073);
#5073 = CARTESIAN_POINT('',(2.18,0.32,1.5));
#5074 = LINE('',#5075,#5076);
#5075 = CARTESIAN_POINT('',(2.18,7.616559485531E-02,1.5));
#5076 = VECTOR('',#5077,1.);
#5077 = DIRECTION('',(0.,1.,5.495365593664E-32));
#5078 = ORIENTED_EDGE('',*,*,#5079,.T.);
#5079 = EDGE_CURVE('',#5072,#5080,#5082,.T.);
#5080 = VERTEX_POINT('',#5081);
#5081 = CARTESIAN_POINT('',(2.82,0.32,1.5));
#5082 = LINE('',#5083,#5084);
#5083 = CARTESIAN_POINT('',(2.965,0.32,1.5));
#5084 = VECTOR('',#5085,1.);
#5085 = DIRECTION('',(1.,0.,1.659460769622E-33));
#5086 = ORIENTED_EDGE('',*,*,#5087,.F.);
#5087 = EDGE_CURVE('',#5088,#5080,#5090,.T.);
#5088 = VERTEX_POINT('',#5089);
#5089 = CARTESIAN_POINT('',(2.82,-0.32,1.5));
#5090 = LINE('',#5091,#5092);
#5091 = CARTESIAN_POINT('',(2.82,7.616559485531E-02,1.5));
#5092 = VECTOR('',#5093,1.);
#5093 = DIRECTION('',(0.,1.,5.495365593664E-32));
#5094 = ORIENTED_EDGE('',*,*,#5095,.T.);
#5095 = EDGE_CURVE('',#5088,#5070,#5096,.T.);
#5096 = LINE('',#5097,#5098);
#5097 = CARTESIAN_POINT('',(2.965,-0.32,1.5));
#5098 = VECTOR('',#5099,1.);
#5099 = DIRECTION('',(-1.,0.,-1.659460769622E-33));
#5100 = FACE_BOUND('',#5101,.T.);
#5101 = EDGE_LOOP('',(#5102,#5112,#5120,#5128));
#5102 = ORIENTED_EDGE('',*,*,#5103,.T.);
#5103 = EDGE_CURVE('',#5104,#5106,#5108,.T.);
#5104 = VERTEX_POINT('',#5105);
#5105 = CARTESIAN_POINT('',(0.32,-0.32,1.5));
#5106 = VERTEX_POINT('',#5107);
#5107 = CARTESIAN_POINT('',(-0.32,-0.32,1.5));
#5108 = LINE('',#5109,#5110);
#5109 = CARTESIAN_POINT('',(1.715,-0.32,1.5));
#5110 = VECTOR('',#5111,1.);
#5111 = DIRECTION('',(-1.,0.,-1.659460769622E-33));
#5112 = ORIENTED_EDGE('',*,*,#5113,.T.);
#5113 = EDGE_CURVE('',#5106,#5114,#5116,.T.);
#5114 = VERTEX_POINT('',#5115);
#5115 = CARTESIAN_POINT('',(-0.32,0.32,1.5));
#5116 = LINE('',#5117,#5118);
#5117 = CARTESIAN_POINT('',(-0.32,5.462816045887E-02,1.5));
#5118 = VECTOR('',#5119,1.);
#5119 = DIRECTION('',(0.,1.,5.495365593664E-32));
#5120 = ORIENTED_EDGE('',*,*,#5121,.T.);
#5121 = EDGE_CURVE('',#5114,#5122,#5124,.T.);
#5122 = VERTEX_POINT('',#5123);
#5123 = CARTESIAN_POINT('',(0.32,0.32,1.5));
#5124 = LINE('',#5125,#5126);
#5125 = CARTESIAN_POINT('',(1.715,0.32,1.5));
#5126 = VECTOR('',#5127,1.);
#5127 = DIRECTION('',(1.,0.,1.659460769622E-33));
#5128 = ORIENTED_EDGE('',*,*,#5129,.F.);
#5129 = EDGE_CURVE('',#5104,#5122,#5130,.T.);
#5130 = LINE('',#5131,#5132);
#5131 = CARTESIAN_POINT('',(0.32,5.462816045887E-02,1.5));
#5132 = VECTOR('',#5133,1.);
#5133 = DIRECTION('',(0.,1.,5.495365593664E-32));
#5134 = FACE_BOUND('',#5135,.T.);
#5135 = EDGE_LOOP('',(#5136,#5146,#5154,#5162));
#5136 = ORIENTED_EDGE('',*,*,#5137,.F.);
#5137 = EDGE_CURVE('',#5138,#5140,#5142,.T.);
#5138 = VERTEX_POINT('',#5139);
#5139 = CARTESIAN_POINT('',(7.82,-0.32,1.5));
#5140 = VERTEX_POINT('',#5141);
#5141 = CARTESIAN_POINT('',(7.82,0.32,1.5));
#5142 = LINE('',#5143,#5144);
#5143 = CARTESIAN_POINT('',(7.82,5.462816045887E-02,1.5));
#5144 = VECTOR('',#5145,1.);
#5145 = DIRECTION('',(0.,1.,5.495365593664E-32));
#5146 = ORIENTED_EDGE('',*,*,#5147,.T.);
#5147 = EDGE_CURVE('',#5138,#5148,#5150,.T.);
#5148 = VERTEX_POINT('',#5149);
#5149 = CARTESIAN_POINT('',(7.18,-0.32,1.5));
#5150 = LINE('',#5151,#5152);
#5151 = CARTESIAN_POINT('',(5.465,-0.32,1.5));
#5152 = VECTOR('',#5153,1.);
#5153 = DIRECTION('',(-1.,0.,-1.659460769622E-33));
#5154 = ORIENTED_EDGE('',*,*,#5155,.T.);
#5155 = EDGE_CURVE('',#5148,#5156,#5158,.T.);
#5156 = VERTEX_POINT('',#5157);
#5157 = CARTESIAN_POINT('',(7.18,0.32,1.5));
#5158 = LINE('',#5159,#5160);
#5159 = CARTESIAN_POINT('',(7.18,5.462816045887E-02,1.5));
#5160 = VECTOR('',#5161,1.);
#5161 = DIRECTION('',(0.,1.,5.495365593664E-32));
#5162 = ORIENTED_EDGE('',*,*,#5163,.T.);
#5163 = EDGE_CURVE('',#5156,#5140,#5164,.T.);
#5164 = LINE('',#5165,#5166);
#5165 = CARTESIAN_POINT('',(5.465,0.32,1.5));
#5166 = VECTOR('',#5167,1.);
#5167 = DIRECTION('',(1.,0.,1.659460769622E-33));
#5168 = PLANE('',#5169);
#5169 = AXIS2_PLACEMENT_3D('',#5170,#5171,#5172);
#5170 = CARTESIAN_POINT('',(3.75,0.152331189711,1.5));
#5171 = DIRECTION('',(-1.659460769622E-33,-5.495365593664E-32,1.));
#5172 = DIRECTION('',(0.,1.,5.495365593664E-32));
#5173 = ADVANCED_FACE('',(#5174),#5185,.F.);
#5174 = FACE_BOUND('',#5175,.F.);
#5175 = EDGE_LOOP('',(#5176,#5177,#5178,#5179));
#5176 = ORIENTED_EDGE('',*,*,#4075,.F.);
#5177 = ORIENTED_EDGE('',*,*,#4948,.T.);
#5178 = ORIENTED_EDGE('',*,*,#3979,.T.);
#5179 = ORIENTED_EDGE('',*,*,#5180,.F.);
#5180 = EDGE_CURVE('',#4068,#3972,#5181,.T.);
#5181 = LINE('',#5182,#5183);
#5182 = CARTESIAN_POINT('',(-2.5,-0.9,4.1));
#5183 = VECTOR('',#5184,1.);
#5184 = DIRECTION('',(1.,0.,0.));
#5185 = PLANE('',#5186);
#5186 = AXIS2_PLACEMENT_3D('',#5187,#5188,#5189);
#5187 = CARTESIAN_POINT('',(-2.5,-0.6,1.5));
#5188 = DIRECTION('',(0.,-0.993408935871,-0.114624107985));
#5189 = DIRECTION('',(0.,-0.114624107985,0.993408935871));
#5190 = ADVANCED_FACE('',(#5191),#5202,.F.);
#5191 = FACE_BOUND('',#5192,.F.);
#5192 = EDGE_LOOP('',(#5193,#5194,#5195,#5196));
#5193 = ORIENTED_EDGE('',*,*,#4067,.F.);
#5194 = ORIENTED_EDGE('',*,*,#5180,.T.);
#5195 = ORIENTED_EDGE('',*,*,#3971,.T.);
#5196 = ORIENTED_EDGE('',*,*,#5197,.F.);
#5197 = EDGE_CURVE('',#4060,#3964,#5198,.T.);
#5198 = LINE('',#5199,#5200);
#5199 = CARTESIAN_POINT('',(-2.5,-0.6,4.3));
#5200 = VECTOR('',#5201,1.);
#5201 = DIRECTION('',(1.,0.,0.));
#5202 = PLANE('',#5203);
#5203 = AXIS2_PLACEMENT_3D('',#5204,#5205,#5206);
#5204 = CARTESIAN_POINT('',(-2.5,-0.9,4.1));
#5205 = DIRECTION('',(0.,-0.554700196225,0.832050294338));
#5206 = DIRECTION('',(0.,0.832050294338,0.554700196225));
#5207 = ADVANCED_FACE('',(#5208),#5219,.F.);
#5208 = FACE_BOUND('',#5209,.F.);
#5209 = EDGE_LOOP('',(#5210,#5211,#5212,#5213));
#5210 = ORIENTED_EDGE('',*,*,#4059,.F.);
#5211 = ORIENTED_EDGE('',*,*,#5197,.T.);
#5212 = ORIENTED_EDGE('',*,*,#3963,.T.);
#5213 = ORIENTED_EDGE('',*,*,#5214,.F.);
#5214 = EDGE_CURVE('',#4052,#3956,#5215,.T.);
#5215 = LINE('',#5216,#5217);
#5216 = CARTESIAN_POINT('',(-2.5,-0.6,4.5));
#5217 = VECTOR('',#5218,1.);
#5218 = DIRECTION('',(1.,0.,0.));
#5219 = PLANE('',#5220);
#5220 = AXIS2_PLACEMENT_3D('',#5221,#5222,#5223);
#5221 = CARTESIAN_POINT('',(-2.5,-0.6,4.3));
#5222 = DIRECTION('',(0.,-1.,0.));
#5223 = DIRECTION('',(0.,0.,1.));
#5224 = ADVANCED_FACE('',(#5225),#5231,.F.);
#5225 = FACE_BOUND('',#5226,.F.);
#5226 = EDGE_LOOP('',(#5227,#5228,#5229,#5230));
#5227 = ORIENTED_EDGE('',*,*,#4051,.F.);
#5228 = ORIENTED_EDGE('',*,*,#5214,.T.);
#5229 = ORIENTED_EDGE('',*,*,#3955,.T.);
#5230 = ORIENTED_EDGE('',*,*,#4033,.F.);
#5231 = PLANE('',#5232);
#5232 = AXIS2_PLACEMENT_3D('',#5233,#5234,#5235);
#5233 = CARTESIAN_POINT('',(-2.5,-0.6,4.5));
#5234 = DIRECTION('',(0.,-0.759256602365,-0.650791373456));
#5235 = DIRECTION('',(0.,-0.650791373456,0.759256602365));
#5236 = ADVANCED_FACE('',(#5237),#5243,.T.);
#5237 = FACE_BOUND('',#5238,.T.);
#5238 = EDGE_LOOP('',(#5239,#5240,#5241,#5242));
#5239 = ORIENTED_EDGE('',*,*,#4115,.T.);
#5240 = ORIENTED_EDGE('',*,*,#4091,.T.);
#5241 = ORIENTED_EDGE('',*,*,#5026,.F.);
#5242 = ORIENTED_EDGE('',*,*,#4139,.F.);
#5243 = PLANE('',#5244);
#5244 = AXIS2_PLACEMENT_3D('',#5245,#5246,#5247);
#5245 = CARTESIAN_POINT('',(-1.5,-1.2,1.1));
#5246 = DIRECTION('',(0.,-0.707106781187,0.707106781187));
#5247 = DIRECTION('',(0.,0.707106781187,0.707106781187));
#5248 = ADVANCED_FACE('',(#5249),#5260,.F.);
#5249 = FACE_BOUND('',#5250,.F.);
#5250 = EDGE_LOOP('',(#5251,#5252,#5258,#5259));
#5251 = ORIENTED_EDGE('',*,*,#4282,.F.);
#5252 = ORIENTED_EDGE('',*,*,#5253,.T.);
#5253 = EDGE_CURVE('',#4275,#4172,#5254,.T.);
#5254 = LINE('',#5255,#5256);
#5255 = CARTESIAN_POINT('',(-2.5,-0.6,4.5));
#5256 = VECTOR('',#5257,1.);
#5257 = DIRECTION('',(1.,0.,0.));
#5258 = ORIENTED_EDGE('',*,*,#4179,.F.);
#5259 = ORIENTED_EDGE('',*,*,#4209,.F.);
#5260 = PLANE('',#5261);
#5261 = AXIS2_PLACEMENT_3D('',#5262,#5263,#5264);
#5262 = CARTESIAN_POINT('',(-2.5,-0.6,4.5));
#5263 = DIRECTION('',(0.,-0.759256602365,-0.650791373456));
#5264 = DIRECTION('',(0.,-0.650791373456,0.759256602365));
#5265 = ADVANCED_FACE('',(#5266),#5277,.F.);
#5266 = FACE_BOUND('',#5267,.F.);
#5267 = EDGE_LOOP('',(#5268,#5269,#5275,#5276));
#5268 = ORIENTED_EDGE('',*,*,#4274,.F.);
#5269 = ORIENTED_EDGE('',*,*,#5270,.T.);
#5270 = EDGE_CURVE('',#4267,#4164,#5271,.T.);
#5271 = LINE('',#5272,#5273);
#5272 = CARTESIAN_POINT('',(-2.5,-0.6,4.3));
#5273 = VECTOR('',#5274,1.);
#5274 = DIRECTION('',(1.,0.,0.));
#5275 = ORIENTED_EDGE('',*,*,#4171,.F.);
#5276 = ORIENTED_EDGE('',*,*,#5253,.F.);
#5277 = PLANE('',#5278);
#5278 = AXIS2_PLACEMENT_3D('',#5279,#5280,#5281);
#5279 = CARTESIAN_POINT('',(-2.5,-0.6,4.3));
#5280 = DIRECTION('',(0.,-1.,0.));
#5281 = DIRECTION('',(0.,0.,1.));
#5282 = ADVANCED_FACE('',(#5283),#5294,.F.);
#5283 = FACE_BOUND('',#5284,.F.);
#5284 = EDGE_LOOP('',(#5285,#5286,#5292,#5293));
#5285 = ORIENTED_EDGE('',*,*,#4266,.F.);
#5286 = ORIENTED_EDGE('',*,*,#5287,.T.);
#5287 = EDGE_CURVE('',#4259,#4156,#5288,.T.);
#5288 = LINE('',#5289,#5290);
#5289 = CARTESIAN_POINT('',(-2.5,-0.9,4.1));
#5290 = VECTOR('',#5291,1.);
#5291 = DIRECTION('',(1.,0.,0.));
#5292 = ORIENTED_EDGE('',*,*,#4163,.F.);
#5293 = ORIENTED_EDGE('',*,*,#5270,.F.);
#5294 = PLANE('',#5295);
#5295 = AXIS2_PLACEMENT_3D('',#5296,#5297,#5298);
#5296 = CARTESIAN_POINT('',(-2.5,-0.9,4.1));
#5297 = DIRECTION('',(0.,-0.554700196225,0.832050294338));
#5298 = DIRECTION('',(0.,0.832050294338,0.554700196225));
#5299 = ADVANCED_FACE('',(#5300),#5306,.F.);
#5300 = FACE_BOUND('',#5301,.F.);
#5301 = EDGE_LOOP('',(#5302,#5303,#5304,#5305));
#5302 = ORIENTED_EDGE('',*,*,#4258,.F.);
#5303 = ORIENTED_EDGE('',*,*,#5019,.T.);
#5304 = ORIENTED_EDGE('',*,*,#4155,.F.);
#5305 = ORIENTED_EDGE('',*,*,#5287,.F.);
#5306 = PLANE('',#5307);
#5307 = AXIS2_PLACEMENT_3D('',#5308,#5309,#5310);
#5308 = CARTESIAN_POINT('',(-2.5,-0.6,1.5));
#5309 = DIRECTION('',(0.,-0.993408935871,-0.114624107985));
#5310 = DIRECTION('',(0.,-0.114624107985,0.993408935871));
#5311 = ADVANCED_FACE('',(#5312),#5323,.F.);
#5312 = FACE_BOUND('',#5313,.F.);
#5313 = EDGE_LOOP('',(#5314,#5315,#5316,#5322));
#5314 = ORIENTED_EDGE('',*,*,#4242,.F.);
#5315 = ORIENTED_EDGE('',*,*,#4845,.T.);
#5316 = ORIENTED_EDGE('',*,*,#5317,.F.);
#5317 = EDGE_CURVE('',#5005,#4846,#5318,.T.);
#5318 = LINE('',#5319,#5320);
#5319 = CARTESIAN_POINT('',(-1.5,-0.2,4.813884850592));
#5320 = VECTOR('',#5321,1.);
#5321 = DIRECTION('',(5.198667296554E-17,0.,1.));
#5322 = ORIENTED_EDGE('',*,*,#5012,.F.);
#5323 = PLANE('',#5324);
#5324 = AXIS2_PLACEMENT_3D('',#5325,#5326,#5327);
#5325 = CARTESIAN_POINT('',(-2.5,-0.2,6.));
#5326 = DIRECTION('',(0.,1.,0.));
#5327 = DIRECTION('',(0.,0.,-1.));
#5328 = ADVANCED_FACE('',(#5329),#5340,.F.);
#5329 = FACE_BOUND('',#5330,.F.);
#5330 = EDGE_LOOP('',(#5331,#5332,#5333,#5339));
#5331 = ORIENTED_EDGE('',*,*,#4348,.T.);
#5332 = ORIENTED_EDGE('',*,*,#4396,.T.);
#5333 = ORIENTED_EDGE('',*,*,#5334,.F.);
#5334 = EDGE_CURVE('',#4470,#4397,#5335,.T.);
#5335 = LINE('',#5336,#5337);
#5336 = CARTESIAN_POINT('',(-0.32,-0.62,-1.3));
#5337 = VECTOR('',#5338,1.);
#5338 = DIRECTION('',(1.,0.,0.));
#5339 = ORIENTED_EDGE('',*,*,#4469,.F.);
#5340 = PLANE('',#5341);
#5341 = AXIS2_PLACEMENT_3D('',#5342,#5343,#5344);
#5342 = CARTESIAN_POINT('',(-0.32,-0.32,-0.7));
#5343 = DIRECTION('',(0.,0.894427191,-0.4472135955));
#5344 = DIRECTION('',(0.,-0.4472135955,-0.894427191));
#5345 = ADVANCED_FACE('',(#5346),#5387,.F.);
#5346 = FACE_BOUND('',#5347,.T.);
#5347 = EDGE_LOOP('',(#5348,#5358,#5364,#5365,#5373,#5381));
#5348 = ORIENTED_EDGE('',*,*,#5349,.T.);
#5349 = EDGE_CURVE('',#5350,#5352,#5354,.T.);
#5350 = VERTEX_POINT('',#5351);
#5351 = CARTESIAN_POINT('',(0.12,0.12,-3.2));
#5352 = VERTEX_POINT('',#5353);
#5353 = CARTESIAN_POINT('',(0.317552593066,0.288807485305,
    -3.002447406934));
#5354 = LINE('',#5355,#5356);
#5355 = CARTESIAN_POINT('',(3.848855660758E-02,5.034896900541E-02,
    -3.281511443392));
#5356 = VECTOR('',#5357,1.);
#5357 = DIRECTION('',(0.605209817607,0.517148096144,0.605209817607));
#5358 = ORIENTED_EDGE('',*,*,#5359,.T.);
#5359 = EDGE_CURVE('',#5352,#4365,#5360,.T.);
#5360 = LINE('',#5361,#5362);
#5361 = CARTESIAN_POINT('',(8.569083447332E-02,0.325417236662,
    -3.234309165527));
#5362 = VECTOR('',#5363,1.);
#5363 = DIRECTION('',(0.702740385383,-0.110959008218,0.702740385383));
#5364 = ORIENTED_EDGE('',*,*,#4362,.F.);
#5365 = ORIENTED_EDGE('',*,*,#5366,.F.);
#5366 = EDGE_CURVE('',#5367,#4363,#5369,.T.);
#5367 = VERTEX_POINT('',#5368);
#5368 = CARTESIAN_POINT('',(0.317552593066,-0.351192514695,
    -3.002447406934));
#5369 = LINE('',#5370,#5371);
#5370 = CARTESIAN_POINT('',(0.541586867305,-0.386566347469,
    -2.778413132695));
#5371 = VECTOR('',#5372,1.);
#5372 = DIRECTION('',(0.702740385383,-0.110959008218,0.702740385383));
#5373 = ORIENTED_EDGE('',*,*,#5374,.F.);
#5374 = EDGE_CURVE('',#5375,#5367,#5377,.T.);
#5375 = VERTEX_POINT('',#5376);
#5376 = CARTESIAN_POINT('',(0.12,-0.12,-3.2));
#5377 = LINE('',#5378,#5379);
#5378 = CARTESIAN_POINT('',(0.153849098111,-0.159613036666,
    -3.166150901889));
#5379 = VECTOR('',#5380,1.);
#5380 = DIRECTION('',(0.544770019249,-0.63753529491,0.544770019249));
#5381 = ORIENTED_EDGE('',*,*,#5382,.T.);
#5382 = EDGE_CURVE('',#5375,#5350,#5383,.T.);
#5383 = LINE('',#5384,#5385);
#5384 = CARTESIAN_POINT('',(0.12,-0.32,-3.2));
#5385 = VECTOR('',#5386,1.);
#5386 = DIRECTION('',(0.,1.,0.));
#5387 = PLANE('',#5388);
#5388 = AXIS2_PLACEMENT_3D('',#5389,#5390,#5391);
#5389 = CARTESIAN_POINT('',(0.22,-0.32,-3.1));
#5390 = DIRECTION('',(-0.707106781187,1.735417226644E-18,0.707106781187)
  );
#5391 = DIRECTION('',(-1.227125289148E-18,-1.,1.227125289148E-18));
#5392 = ADVANCED_FACE('',(#5393),#5413,.F.);
#5393 = FACE_BOUND('',#5394,.F.);
#5394 = EDGE_LOOP('',(#5395,#5396,#5397,#5398,#5399,#5407));
#5395 = ORIENTED_EDGE('',*,*,#4477,.F.);
#5396 = ORIENTED_EDGE('',*,*,#5334,.T.);
#5397 = ORIENTED_EDGE('',*,*,#4404,.T.);
#5398 = ORIENTED_EDGE('',*,*,#5366,.F.);
#5399 = ORIENTED_EDGE('',*,*,#5400,.F.);
#5400 = EDGE_CURVE('',#5401,#5367,#5403,.T.);
#5401 = VERTEX_POINT('',#5402);
#5402 = CARTESIAN_POINT('',(-0.317552593066,-0.351192514695,
    -3.002447406934));
#5403 = LINE('',#5404,#5405);
#5404 = CARTESIAN_POINT('',(-0.32,-0.351192514695,-3.002447406934));
#5405 = VECTOR('',#5406,1.);
#5406 = DIRECTION('',(1.,0.,0.));
#5407 = ORIENTED_EDGE('',*,*,#5408,.T.);
#5408 = EDGE_CURVE('',#5401,#4443,#5409,.T.);
#5409 = LINE('',#5410,#5411);
#5410 = CARTESIAN_POINT('',(-0.699616963064,-0.411518467852,
    -2.620383036936));
#5411 = VECTOR('',#5412,1.);
#5412 = DIRECTION('',(-0.702740385383,-0.110959008218,0.702740385383));
#5413 = PLANE('',#5414);
#5414 = AXIS2_PLACEMENT_3D('',#5415,#5416,#5417);
#5415 = CARTESIAN_POINT('',(-0.32,-0.62,-1.3));
#5416 = DIRECTION('',(0.,0.987762965329,0.155962573473));
#5417 = DIRECTION('',(0.,0.155962573473,-0.987762965329));
#5418 = ADVANCED_FACE('',(#5419),#5430,.F.);
#5419 = FACE_BOUND('',#5420,.F.);
#5420 = EDGE_LOOP('',(#5421,#5427,#5428,#5429));
#5421 = ORIENTED_EDGE('',*,*,#5422,.T.);
#5422 = EDGE_CURVE('',#4453,#4373,#5423,.T.);
#5423 = LINE('',#5424,#5425);
#5424 = CARTESIAN_POINT('',(-0.32,2.E-02,-1.3));
#5425 = VECTOR('',#5426,1.);
#5426 = DIRECTION('',(1.,0.,0.));
#5427 = ORIENTED_EDGE('',*,*,#4380,.T.);
#5428 = ORIENTED_EDGE('',*,*,#4426,.F.);
#5429 = ORIENTED_EDGE('',*,*,#4460,.F.);
#5430 = PLANE('',#5431);
#5431 = AXIS2_PLACEMENT_3D('',#5432,#5433,#5434);
#5432 = CARTESIAN_POINT('',(-0.32,2.E-02,-1.3));
#5433 = DIRECTION('',(0.,-0.894427191,0.4472135955));
#5434 = DIRECTION('',(0.,0.4472135955,0.894427191));
#5435 = ADVANCED_FACE('',(#5436),#5456,.F.);
#5436 = FACE_BOUND('',#5437,.F.);
#5437 = EDGE_LOOP('',(#5438,#5439,#5447,#5453,#5454,#5455));
#5438 = ORIENTED_EDGE('',*,*,#4452,.F.);
#5439 = ORIENTED_EDGE('',*,*,#5440,.F.);
#5440 = EDGE_CURVE('',#5441,#4445,#5443,.T.);
#5441 = VERTEX_POINT('',#5442);
#5442 = CARTESIAN_POINT('',(-0.317552593066,0.288807485305,
    -3.002447406934));
#5443 = LINE('',#5444,#5445);
#5444 = CARTESIAN_POINT('',(-0.243720930233,0.300465116279,
    -3.076279069767));
#5445 = VECTOR('',#5446,1.);
#5446 = DIRECTION('',(-0.702740385383,-0.110959008218,0.702740385383));
#5447 = ORIENTED_EDGE('',*,*,#5448,.T.);
#5448 = EDGE_CURVE('',#5441,#5352,#5449,.T.);
#5449 = LINE('',#5450,#5451);
#5450 = CARTESIAN_POINT('',(-0.32,0.288807485305,-3.002447406934));
#5451 = VECTOR('',#5452,1.);
#5452 = DIRECTION('',(1.,0.,0.));
#5453 = ORIENTED_EDGE('',*,*,#5359,.T.);
#5454 = ORIENTED_EDGE('',*,*,#4372,.T.);
#5455 = ORIENTED_EDGE('',*,*,#5422,.F.);
#5456 = PLANE('',#5457);
#5457 = AXIS2_PLACEMENT_3D('',#5458,#5459,#5460);
#5458 = CARTESIAN_POINT('',(-0.32,0.32,-3.2));
#5459 = DIRECTION('',(0.,-0.987762965329,-0.155962573473));
#5460 = DIRECTION('',(0.,-0.155962573473,0.987762965329));
#5461 = ADVANCED_FACE('',(#5462),#5489,.T.);
#5462 = FACE_BOUND('',#5463,.F.);
#5463 = EDGE_LOOP('',(#5464,#5472,#5473,#5474,#5475,#5483));
#5464 = ORIENTED_EDGE('',*,*,#5465,.T.);
#5465 = EDGE_CURVE('',#5466,#5441,#5468,.T.);
#5466 = VERTEX_POINT('',#5467);
#5467 = CARTESIAN_POINT('',(-0.12,0.12,-3.2));
#5468 = LINE('',#5469,#5470);
#5469 = CARTESIAN_POINT('',(-0.155697812072,0.150503562587,
    -3.164302187928));
#5470 = VECTOR('',#5471,1.);
#5471 = DIRECTION('',(-0.605209817607,0.517148096144,0.605209817607));
#5472 = ORIENTED_EDGE('',*,*,#5440,.T.);
#5473 = ORIENTED_EDGE('',*,*,#4442,.F.);
#5474 = ORIENTED_EDGE('',*,*,#5408,.F.);
#5475 = ORIENTED_EDGE('',*,*,#5476,.F.);
#5476 = EDGE_CURVE('',#5477,#5401,#5479,.T.);
#5477 = VERTEX_POINT('',#5478);
#5478 = CARTESIAN_POINT('',(-0.12,-0.12,-3.2));
#5479 = LINE('',#5480,#5481);
#5480 = CARTESIAN_POINT('',(-0.24881689775,-0.270752273427,
    -3.07118310225));
#5481 = VECTOR('',#5482,1.);
#5482 = DIRECTION('',(-0.544770019249,-0.63753529491,0.544770019249));
#5483 = ORIENTED_EDGE('',*,*,#5484,.T.);
#5484 = EDGE_CURVE('',#5477,#5466,#5485,.T.);
#5485 = LINE('',#5486,#5487);
#5486 = CARTESIAN_POINT('',(-0.12,-0.32,-3.2));
#5487 = VECTOR('',#5488,1.);
#5488 = DIRECTION('',(0.,1.,0.));
#5489 = PLANE('',#5490);
#5490 = AXIS2_PLACEMENT_3D('',#5491,#5492,#5493);
#5491 = CARTESIAN_POINT('',(-0.22,-0.32,-3.1));
#5492 = DIRECTION('',(-0.707106781187,-1.735417226644E-18,
    -0.707106781187));
#5493 = DIRECTION('',(1.227125289148E-18,-1.,1.227125289148E-18));
#5494 = ADVANCED_FACE('',(#5495),#5520,.T.);
#5495 = FACE_BOUND('',#5496,.F.);
#5496 = EDGE_LOOP('',(#5497,#5505,#5513,#5519));
#5497 = ORIENTED_EDGE('',*,*,#5498,.F.);
#5498 = EDGE_CURVE('',#5499,#4492,#5501,.T.);
#5499 = VERTEX_POINT('',#5500);
#5500 = CARTESIAN_POINT('',(2.38,-0.12,-3.2));
#5501 = LINE('',#5502,#5503);
#5502 = CARTESIAN_POINT('',(2.246666666667,-0.253333333333,
    -3.066666666667));
#5503 = VECTOR('',#5504,1.);
#5504 = DIRECTION('',(-0.57735026919,-0.57735026919,0.57735026919));
#5505 = ORIENTED_EDGE('',*,*,#5506,.T.);
#5506 = EDGE_CURVE('',#5499,#5507,#5509,.T.);
#5507 = VERTEX_POINT('',#5508);
#5508 = CARTESIAN_POINT('',(2.38,0.12,-3.2));
#5509 = LINE('',#5510,#5511);
#5510 = CARTESIAN_POINT('',(2.38,-0.32,-3.2));
#5511 = VECTOR('',#5512,1.);
#5512 = DIRECTION('',(0.,1.,0.));
#5513 = ORIENTED_EDGE('',*,*,#5514,.T.);
#5514 = EDGE_CURVE('',#5507,#4494,#5515,.T.);
#5515 = LINE('',#5516,#5517);
#5516 = CARTESIAN_POINT('',(2.353333333333,0.146666666667,
    -3.173333333333));
#5517 = VECTOR('',#5518,1.);
#5518 = DIRECTION('',(-0.57735026919,0.57735026919,0.57735026919));
#5519 = ORIENTED_EDGE('',*,*,#4491,.F.);
#5520 = PLANE('',#5521);
#5521 = AXIS2_PLACEMENT_3D('',#5522,#5523,#5524);
#5522 = CARTESIAN_POINT('',(2.28,-0.32,-3.1));
#5523 = DIRECTION('',(-0.707106781187,-1.735417226644E-18,
    -0.707106781187));
#5524 = DIRECTION('',(1.227125289148E-18,-1.,1.227125289148E-18));
#5525 = ADVANCED_FACE('',(#5526),#5544,.T.);
#5526 = FACE_BOUND('',#5527,.T.);
#5527 = EDGE_LOOP('',(#5528,#5529,#5537,#5543));
#5528 = ORIENTED_EDGE('',*,*,#5498,.F.);
#5529 = ORIENTED_EDGE('',*,*,#5530,.T.);
#5530 = EDGE_CURVE('',#5499,#5531,#5533,.T.);
#5531 = VERTEX_POINT('',#5532);
#5532 = CARTESIAN_POINT('',(2.62,-0.12,-3.2));
#5533 = LINE('',#5534,#5535);
#5534 = CARTESIAN_POINT('',(2.18,-0.12,-3.2));
#5535 = VECTOR('',#5536,1.);
#5536 = DIRECTION('',(1.,0.,0.));
#5537 = ORIENTED_EDGE('',*,*,#5538,.T.);
#5538 = EDGE_CURVE('',#5531,#4525,#5539,.T.);
#5539 = LINE('',#5540,#5541);
#5540 = CARTESIAN_POINT('',(2.646666666667,-0.146666666667,
    -3.173333333333));
#5541 = VECTOR('',#5542,1.);
#5542 = DIRECTION('',(0.57735026919,-0.57735026919,0.57735026919));
#5543 = ORIENTED_EDGE('',*,*,#4532,.F.);
#5544 = PLANE('',#5545);
#5545 = AXIS2_PLACEMENT_3D('',#5546,#5547,#5548);
#5546 = CARTESIAN_POINT('',(2.18,-0.22,-3.1));
#5547 = DIRECTION('',(1.735417226644E-18,-0.707106781187,-0.707106781187
    ));
#5548 = DIRECTION('',(1.,1.227125289148E-18,1.227125289148E-18));
#5549 = ADVANCED_FACE('',(#5550),#5568,.F.);
#5550 = FACE_BOUND('',#5551,.T.);
#5551 = EDGE_LOOP('',(#5552,#5553,#5561,#5567));
#5552 = ORIENTED_EDGE('',*,*,#5538,.F.);
#5553 = ORIENTED_EDGE('',*,*,#5554,.T.);
#5554 = EDGE_CURVE('',#5531,#5555,#5557,.T.);
#5555 = VERTEX_POINT('',#5556);
#5556 = CARTESIAN_POINT('',(2.62,0.12,-3.2));
#5557 = LINE('',#5558,#5559);
#5558 = CARTESIAN_POINT('',(2.62,-0.32,-3.2));
#5559 = VECTOR('',#5560,1.);
#5560 = DIRECTION('',(0.,1.,0.));
#5561 = ORIENTED_EDGE('',*,*,#5562,.T.);
#5562 = EDGE_CURVE('',#5555,#4547,#5563,.T.);
#5563 = LINE('',#5564,#5565);
#5564 = CARTESIAN_POINT('',(2.54,4.E-02,-3.28));
#5565 = VECTOR('',#5566,1.);
#5566 = DIRECTION('',(0.57735026919,0.57735026919,0.57735026919));
#5567 = ORIENTED_EDGE('',*,*,#4546,.F.);
#5568 = PLANE('',#5569);
#5569 = AXIS2_PLACEMENT_3D('',#5570,#5571,#5572);
#5570 = CARTESIAN_POINT('',(2.72,-0.32,-3.1));
#5571 = DIRECTION('',(-0.707106781187,1.735417226644E-18,0.707106781187)
  );
#5572 = DIRECTION('',(-1.227125289148E-18,-1.,1.227125289148E-18));
#5573 = ADVANCED_FACE('',(#5574),#5585,.T.);
#5574 = FACE_BOUND('',#5575,.F.);
#5575 = EDGE_LOOP('',(#5576,#5577,#5583,#5584));
#5576 = ORIENTED_EDGE('',*,*,#5514,.F.);
#5577 = ORIENTED_EDGE('',*,*,#5578,.T.);
#5578 = EDGE_CURVE('',#5507,#5555,#5579,.T.);
#5579 = LINE('',#5580,#5581);
#5580 = CARTESIAN_POINT('',(2.18,0.12,-3.2));
#5581 = VECTOR('',#5582,1.);
#5582 = DIRECTION('',(1.,0.,0.));
#5583 = ORIENTED_EDGE('',*,*,#5562,.T.);
#5584 = ORIENTED_EDGE('',*,*,#4571,.F.);
#5585 = PLANE('',#5586);
#5586 = AXIS2_PLACEMENT_3D('',#5587,#5588,#5589);
#5587 = CARTESIAN_POINT('',(2.18,0.22,-3.1));
#5588 = DIRECTION('',(-1.735417226644E-18,0.707106781187,-0.707106781187
    ));
#5589 = DIRECTION('',(-1.,-1.227125289148E-18,1.227125289148E-18));
#5590 = ADVANCED_FACE('',(#5591),#5616,.T.);
#5591 = FACE_BOUND('',#5592,.F.);
#5592 = EDGE_LOOP('',(#5593,#5601,#5609,#5615));
#5593 = ORIENTED_EDGE('',*,*,#5594,.F.);
#5594 = EDGE_CURVE('',#5595,#4588,#5597,.T.);
#5595 = VERTEX_POINT('',#5596);
#5596 = CARTESIAN_POINT('',(4.88,-0.12,-3.2));
#5597 = LINE('',#5598,#5599);
#5598 = CARTESIAN_POINT('',(4.746666666667,-0.253333333333,
    -3.066666666667));
#5599 = VECTOR('',#5600,1.);
#5600 = DIRECTION('',(-0.57735026919,-0.57735026919,0.57735026919));
#5601 = ORIENTED_EDGE('',*,*,#5602,.T.);
#5602 = EDGE_CURVE('',#5595,#5603,#5605,.T.);
#5603 = VERTEX_POINT('',#5604);
#5604 = CARTESIAN_POINT('',(4.88,0.12,-3.2));
#5605 = LINE('',#5606,#5607);
#5606 = CARTESIAN_POINT('',(4.88,-0.32,-3.2));
#5607 = VECTOR('',#5608,1.);
#5608 = DIRECTION('',(0.,1.,0.));
#5609 = ORIENTED_EDGE('',*,*,#5610,.T.);
#5610 = EDGE_CURVE('',#5603,#4590,#5611,.T.);
#5611 = LINE('',#5612,#5613);
#5612 = CARTESIAN_POINT('',(4.853333333333,0.146666666667,
    -3.173333333333));
#5613 = VECTOR('',#5614,1.);
#5614 = DIRECTION('',(-0.57735026919,0.57735026919,0.57735026919));
#5615 = ORIENTED_EDGE('',*,*,#4587,.F.);
#5616 = PLANE('',#5617);
#5617 = AXIS2_PLACEMENT_3D('',#5618,#5619,#5620);
#5618 = CARTESIAN_POINT('',(4.78,-0.32,-3.1));
#5619 = DIRECTION('',(-0.707106781187,-1.735417226644E-18,
    -0.707106781187));
#5620 = DIRECTION('',(1.227125289148E-18,-1.,1.227125289148E-18));
#5621 = ADVANCED_FACE('',(#5622),#5640,.T.);
#5622 = FACE_BOUND('',#5623,.T.);
#5623 = EDGE_LOOP('',(#5624,#5625,#5633,#5639));
#5624 = ORIENTED_EDGE('',*,*,#5594,.F.);
#5625 = ORIENTED_EDGE('',*,*,#5626,.T.);
#5626 = EDGE_CURVE('',#5595,#5627,#5629,.T.);
#5627 = VERTEX_POINT('',#5628);
#5628 = CARTESIAN_POINT('',(5.12,-0.12,-3.2));
#5629 = LINE('',#5630,#5631);
#5630 = CARTESIAN_POINT('',(4.68,-0.12,-3.2));
#5631 = VECTOR('',#5632,1.);
#5632 = DIRECTION('',(1.,0.,0.));
#5633 = ORIENTED_EDGE('',*,*,#5634,.T.);
#5634 = EDGE_CURVE('',#5627,#4621,#5635,.T.);
#5635 = LINE('',#5636,#5637);
#5636 = CARTESIAN_POINT('',(5.146666666667,-0.146666666667,
    -3.173333333333));
#5637 = VECTOR('',#5638,1.);
#5638 = DIRECTION('',(0.57735026919,-0.57735026919,0.57735026919));
#5639 = ORIENTED_EDGE('',*,*,#4628,.F.);
#5640 = PLANE('',#5641);
#5641 = AXIS2_PLACEMENT_3D('',#5642,#5643,#5644);
#5642 = CARTESIAN_POINT('',(4.68,-0.22,-3.1));
#5643 = DIRECTION('',(1.735417226644E-18,-0.707106781187,-0.707106781187
    ));
#5644 = DIRECTION('',(1.,1.227125289148E-18,1.227125289148E-18));
#5645 = ADVANCED_FACE('',(#5646),#5664,.F.);
#5646 = FACE_BOUND('',#5647,.T.);
#5647 = EDGE_LOOP('',(#5648,#5649,#5657,#5663));
#5648 = ORIENTED_EDGE('',*,*,#5634,.F.);
#5649 = ORIENTED_EDGE('',*,*,#5650,.T.);
#5650 = EDGE_CURVE('',#5627,#5651,#5653,.T.);
#5651 = VERTEX_POINT('',#5652);
#5652 = CARTESIAN_POINT('',(5.12,0.12,-3.2));
#5653 = LINE('',#5654,#5655);
#5654 = CARTESIAN_POINT('',(5.12,-0.32,-3.2));
#5655 = VECTOR('',#5656,1.);
#5656 = DIRECTION('',(0.,1.,0.));
#5657 = ORIENTED_EDGE('',*,*,#5658,.T.);
#5658 = EDGE_CURVE('',#5651,#4643,#5659,.T.);
#5659 = LINE('',#5660,#5661);
#5660 = CARTESIAN_POINT('',(5.04,4.E-02,-3.28));
#5661 = VECTOR('',#5662,1.);
#5662 = DIRECTION('',(0.57735026919,0.57735026919,0.57735026919));
#5663 = ORIENTED_EDGE('',*,*,#4642,.F.);
#5664 = PLANE('',#5665);
#5665 = AXIS2_PLACEMENT_3D('',#5666,#5667,#5668);
#5666 = CARTESIAN_POINT('',(5.22,-0.32,-3.1));
#5667 = DIRECTION('',(-0.707106781187,1.735417226644E-18,0.707106781187)
  );
#5668 = DIRECTION('',(-1.227125289148E-18,-1.,1.227125289148E-18));
#5669 = ADVANCED_FACE('',(#5670),#5681,.T.);
#5670 = FACE_BOUND('',#5671,.F.);
#5671 = EDGE_LOOP('',(#5672,#5673,#5679,#5680));
#5672 = ORIENTED_EDGE('',*,*,#5610,.F.);
#5673 = ORIENTED_EDGE('',*,*,#5674,.T.);
#5674 = EDGE_CURVE('',#5603,#5651,#5675,.T.);
#5675 = LINE('',#5676,#5677);
#5676 = CARTESIAN_POINT('',(4.68,0.12,-3.2));
#5677 = VECTOR('',#5678,1.);
#5678 = DIRECTION('',(1.,0.,0.));
#5679 = ORIENTED_EDGE('',*,*,#5658,.T.);
#5680 = ORIENTED_EDGE('',*,*,#4667,.F.);
#5681 = PLANE('',#5682);
#5682 = AXIS2_PLACEMENT_3D('',#5683,#5684,#5685);
#5683 = CARTESIAN_POINT('',(4.68,0.22,-3.1));
#5684 = DIRECTION('',(-1.735417226644E-18,0.707106781187,-0.707106781187
    ));
#5685 = DIRECTION('',(-1.,-1.227125289148E-18,1.227125289148E-18));
#5686 = ADVANCED_FACE('',(#5687),#5728,.F.);
#5687 = FACE_BOUND('',#5688,.T.);
#5688 = EDGE_LOOP('',(#5689,#5699,#5705,#5706,#5714,#5722));
#5689 = ORIENTED_EDGE('',*,*,#5690,.T.);
#5690 = EDGE_CURVE('',#5691,#5693,#5695,.T.);
#5691 = VERTEX_POINT('',#5692);
#5692 = CARTESIAN_POINT('',(7.62,0.12,-3.2));
#5693 = VERTEX_POINT('',#5694);
#5694 = CARTESIAN_POINT('',(7.817552593066,0.288807485305,
    -3.002447406934));
#5695 = LINE('',#5696,#5697);
#5696 = CARTESIAN_POINT('',(7.538488556608,5.034896900541E-02,
    -3.281511443392));
#5697 = VECTOR('',#5698,1.);
#5698 = DIRECTION('',(0.605209817607,0.517148096144,0.605209817607));
#5699 = ORIENTED_EDGE('',*,*,#5700,.T.);
#5700 = EDGE_CURVE('',#5693,#4686,#5701,.T.);
#5701 = LINE('',#5702,#5703);
#5702 = CARTESIAN_POINT('',(7.585690834473,0.325417236662,
    -3.234309165527));
#5703 = VECTOR('',#5704,1.);
#5704 = DIRECTION('',(0.702740385383,-0.110959008218,0.702740385383));
#5705 = ORIENTED_EDGE('',*,*,#4683,.F.);
#5706 = ORIENTED_EDGE('',*,*,#5707,.F.);
#5707 = EDGE_CURVE('',#5708,#4684,#5710,.T.);
#5708 = VERTEX_POINT('',#5709);
#5709 = CARTESIAN_POINT('',(7.817552593066,-0.351192514695,
    -3.002447406934));
#5710 = LINE('',#5711,#5712);
#5711 = CARTESIAN_POINT('',(8.041586867305,-0.386566347469,
    -2.778413132695));
#5712 = VECTOR('',#5713,1.);
#5713 = DIRECTION('',(0.702740385383,-0.110959008218,0.702740385383));
#5714 = ORIENTED_EDGE('',*,*,#5715,.F.);
#5715 = EDGE_CURVE('',#5716,#5708,#5718,.T.);
#5716 = VERTEX_POINT('',#5717);
#5717 = CARTESIAN_POINT('',(7.62,-0.12,-3.2));
#5718 = LINE('',#5719,#5720);
#5719 = CARTESIAN_POINT('',(7.653849098111,-0.159613036666,
    -3.166150901889));
#5720 = VECTOR('',#5721,1.);
#5721 = DIRECTION('',(0.544770019249,-0.63753529491,0.544770019249));
#5722 = ORIENTED_EDGE('',*,*,#5723,.T.);
#5723 = EDGE_CURVE('',#5716,#5691,#5724,.T.);
#5724 = LINE('',#5725,#5726);
#5725 = CARTESIAN_POINT('',(7.62,-0.32,-3.2));
#5726 = VECTOR('',#5727,1.);
#5727 = DIRECTION('',(0.,1.,0.));
#5728 = PLANE('',#5729);
#5729 = AXIS2_PLACEMENT_3D('',#5730,#5731,#5732);
#5730 = CARTESIAN_POINT('',(7.72,-0.32,-3.1));
#5731 = DIRECTION('',(-0.707106781187,1.735417226644E-18,0.707106781187)
  );
#5732 = DIRECTION('',(-1.227125289148E-18,-1.,1.227125289148E-18));
#5733 = ADVANCED_FACE('',(#5734),#5759,.F.);
#5734 = FACE_BOUND('',#5735,.F.);
#5735 = EDGE_LOOP('',(#5736,#5737,#5743,#5744,#5745,#5753));
#5736 = ORIENTED_EDGE('',*,*,#4812,.F.);
#5737 = ORIENTED_EDGE('',*,*,#5738,.T.);
#5738 = EDGE_CURVE('',#4805,#4725,#5739,.T.);
#5739 = LINE('',#5740,#5741);
#5740 = CARTESIAN_POINT('',(7.18,-0.62,-1.3));
#5741 = VECTOR('',#5742,1.);
#5742 = DIRECTION('',(1.,0.,0.));
#5743 = ORIENTED_EDGE('',*,*,#4732,.T.);
#5744 = ORIENTED_EDGE('',*,*,#5707,.F.);
#5745 = ORIENTED_EDGE('',*,*,#5746,.F.);
#5746 = EDGE_CURVE('',#5747,#5708,#5749,.T.);
#5747 = VERTEX_POINT('',#5748);
#5748 = CARTESIAN_POINT('',(7.182447406934,-0.351192514695,
    -3.002447406934));
#5749 = LINE('',#5750,#5751);
#5750 = CARTESIAN_POINT('',(7.18,-0.351192514695,-3.002447406934));
#5751 = VECTOR('',#5752,1.);
#5752 = DIRECTION('',(1.,0.,0.));
#5753 = ORIENTED_EDGE('',*,*,#5754,.T.);
#5754 = EDGE_CURVE('',#5747,#4771,#5755,.T.);
#5755 = LINE('',#5756,#5757);
#5756 = CARTESIAN_POINT('',(6.800383036936,-0.411518467852,
    -2.620383036936));
#5757 = VECTOR('',#5758,1.);
#5758 = DIRECTION('',(-0.702740385383,-0.110959008218,0.702740385383));
#5759 = PLANE('',#5760);
#5760 = AXIS2_PLACEMENT_3D('',#5761,#5762,#5763);
#5761 = CARTESIAN_POINT('',(7.18,-0.62,-1.3));
#5762 = DIRECTION('',(0.,0.987762965329,0.155962573473));
#5763 = DIRECTION('',(0.,0.155962573473,-0.987762965329));
#5764 = ADVANCED_FACE('',(#5765),#5771,.F.);
#5765 = FACE_BOUND('',#5766,.F.);
#5766 = EDGE_LOOP('',(#5767,#5768,#5769,#5770));
#5767 = ORIENTED_EDGE('',*,*,#4829,.T.);
#5768 = ORIENTED_EDGE('',*,*,#4724,.T.);
#5769 = ORIENTED_EDGE('',*,*,#5738,.F.);
#5770 = ORIENTED_EDGE('',*,*,#4804,.F.);
#5771 = PLANE('',#5772);
#5772 = AXIS2_PLACEMENT_3D('',#5773,#5774,#5775);
#5773 = CARTESIAN_POINT('',(7.18,-0.32,-0.7));
#5774 = DIRECTION('',(0.,0.894427191,-0.4472135955));
#5775 = DIRECTION('',(0.,-0.4472135955,-0.894427191));
#5776 = ADVANCED_FACE('',(#5777),#5788,.F.);
#5777 = FACE_BOUND('',#5778,.F.);
#5778 = EDGE_LOOP('',(#5779,#5785,#5786,#5787));
#5779 = ORIENTED_EDGE('',*,*,#5780,.T.);
#5780 = EDGE_CURVE('',#4781,#4694,#5781,.T.);
#5781 = LINE('',#5782,#5783);
#5782 = CARTESIAN_POINT('',(7.18,2.E-02,-1.3));
#5783 = VECTOR('',#5784,1.);
#5784 = DIRECTION('',(1.,0.,0.));
#5785 = ORIENTED_EDGE('',*,*,#4701,.T.);
#5786 = ORIENTED_EDGE('',*,*,#4754,.F.);
#5787 = ORIENTED_EDGE('',*,*,#4788,.F.);
#5788 = PLANE('',#5789);
#5789 = AXIS2_PLACEMENT_3D('',#5790,#5791,#5792);
#5790 = CARTESIAN_POINT('',(7.18,2.E-02,-1.3));
#5791 = DIRECTION('',(0.,-0.894427191,0.4472135955));
#5792 = DIRECTION('',(0.,0.4472135955,0.894427191));
#5793 = ADVANCED_FACE('',(#5794),#5814,.F.);
#5794 = FACE_BOUND('',#5795,.F.);
#5795 = EDGE_LOOP('',(#5796,#5797,#5805,#5811,#5812,#5813));
#5796 = ORIENTED_EDGE('',*,*,#4780,.F.);
#5797 = ORIENTED_EDGE('',*,*,#5798,.F.);
#5798 = EDGE_CURVE('',#5799,#4773,#5801,.T.);
#5799 = VERTEX_POINT('',#5800);
#5800 = CARTESIAN_POINT('',(7.182447406934,0.288807485305,
    -3.002447406934));
#5801 = LINE('',#5802,#5803);
#5802 = CARTESIAN_POINT('',(7.256279069767,0.300465116279,
    -3.076279069767));
#5803 = VECTOR('',#5804,1.);
#5804 = DIRECTION('',(-0.702740385383,-0.110959008218,0.702740385383));
#5805 = ORIENTED_EDGE('',*,*,#5806,.T.);
#5806 = EDGE_CURVE('',#5799,#5693,#5807,.T.);
#5807 = LINE('',#5808,#5809);
#5808 = CARTESIAN_POINT('',(7.18,0.288807485305,-3.002447406934));
#5809 = VECTOR('',#5810,1.);
#5810 = DIRECTION('',(1.,0.,0.));
#5811 = ORIENTED_EDGE('',*,*,#5700,.T.);
#5812 = ORIENTED_EDGE('',*,*,#4693,.T.);
#5813 = ORIENTED_EDGE('',*,*,#5780,.F.);
#5814 = PLANE('',#5815);
#5815 = AXIS2_PLACEMENT_3D('',#5816,#5817,#5818);
#5816 = CARTESIAN_POINT('',(7.18,0.32,-3.2));
#5817 = DIRECTION('',(0.,-0.987762965329,-0.155962573473));
#5818 = DIRECTION('',(0.,-0.155962573473,0.987762965329));
#5819 = ADVANCED_FACE('',(#5820),#5847,.T.);
#5820 = FACE_BOUND('',#5821,.F.);
#5821 = EDGE_LOOP('',(#5822,#5830,#5831,#5832,#5833,#5841));
#5822 = ORIENTED_EDGE('',*,*,#5823,.T.);
#5823 = EDGE_CURVE('',#5824,#5799,#5826,.T.);
#5824 = VERTEX_POINT('',#5825);
#5825 = CARTESIAN_POINT('',(7.38,0.12,-3.2));
#5826 = LINE('',#5827,#5828);
#5827 = CARTESIAN_POINT('',(7.344302187928,0.150503562587,
    -3.164302187928));
#5828 = VECTOR('',#5829,1.);
#5829 = DIRECTION('',(-0.605209817607,0.517148096144,0.605209817607));
#5830 = ORIENTED_EDGE('',*,*,#5798,.T.);
#5831 = ORIENTED_EDGE('',*,*,#4770,.F.);
#5832 = ORIENTED_EDGE('',*,*,#5754,.F.);
#5833 = ORIENTED_EDGE('',*,*,#5834,.F.);
#5834 = EDGE_CURVE('',#5835,#5747,#5837,.T.);
#5835 = VERTEX_POINT('',#5836);
#5836 = CARTESIAN_POINT('',(7.38,-0.12,-3.2));
#5837 = LINE('',#5838,#5839);
#5838 = CARTESIAN_POINT('',(7.25118310225,-0.270752273427,-3.07118310225
    ));
#5839 = VECTOR('',#5840,1.);
#5840 = DIRECTION('',(-0.544770019249,-0.63753529491,0.544770019249));
#5841 = ORIENTED_EDGE('',*,*,#5842,.T.);
#5842 = EDGE_CURVE('',#5835,#5824,#5843,.T.);
#5843 = LINE('',#5844,#5845);
#5844 = CARTESIAN_POINT('',(7.38,-0.32,-3.2));
#5845 = VECTOR('',#5846,1.);
#5846 = DIRECTION('',(0.,1.,0.));
#5847 = PLANE('',#5848);
#5848 = AXIS2_PLACEMENT_3D('',#5849,#5850,#5851);
#5849 = CARTESIAN_POINT('',(7.28,-0.32,-3.1));
#5850 = DIRECTION('',(-0.707106781187,-1.735417226644E-18,
    -0.707106781187));
#5851 = DIRECTION('',(1.227125289148E-18,-1.,1.227125289148E-18));
#5852 = ADVANCED_FACE('',(#5853),#5864,.T.);
#5853 = FACE_BOUND('',#5854,.T.);
#5854 = EDGE_LOOP('',(#5855,#5856,#5857,#5863));
#5855 = ORIENTED_EDGE('',*,*,#4924,.F.);
#5856 = ORIENTED_EDGE('',*,*,#4901,.T.);
#5857 = ORIENTED_EDGE('',*,*,#5858,.T.);
#5858 = EDGE_CURVE('',#4894,#4957,#5859,.T.);
#5859 = LINE('',#5860,#5861);
#5860 = CARTESIAN_POINT('',(9.,0.65,6.));
#5861 = VECTOR('',#5862,1.);
#5862 = DIRECTION('',(-0.,-0.,-1.));
#5863 = ORIENTED_EDGE('',*,*,#4956,.F.);
#5864 = PLANE('',#5865);
#5865 = AXIS2_PLACEMENT_3D('',#5866,#5867,#5868);
#5866 = CARTESIAN_POINT('',(9.,-0.814780671729,3.627769701184));
#5867 = DIRECTION('',(-1.,-2.327342726209E-32,-2.57515918794E-31));
#5868 = DIRECTION('',(2.57515918794E-31,0.,-1.));
#5869 = ADVANCED_FACE('',(#5870),#5881,.F.);
#5870 = FACE_BOUND('',#5871,.F.);
#5871 = EDGE_LOOP('',(#5872,#5873,#5874,#5880));
#5872 = ORIENTED_EDGE('',*,*,#5858,.T.);
#5873 = ORIENTED_EDGE('',*,*,#4964,.T.);
#5874 = ORIENTED_EDGE('',*,*,#5875,.F.);
#5875 = EDGE_CURVE('',#4886,#4965,#5876,.T.);
#5876 = LINE('',#5877,#5878);
#5877 = CARTESIAN_POINT('',(9.55,0.65,6.));
#5878 = VECTOR('',#5879,1.);
#5879 = DIRECTION('',(-0.,-0.,-1.));
#5880 = ORIENTED_EDGE('',*,*,#4893,.F.);
#5881 = PLANE('',#5882);
#5882 = AXIS2_PLACEMENT_3D('',#5883,#5884,#5885);
#5883 = CARTESIAN_POINT('',(9.,0.65,6.));
#5884 = DIRECTION('',(0.,-1.,0.));
#5885 = DIRECTION('',(1.,0.,0.));
#5886 = ADVANCED_FACE('',(#5887),#5898,.F.);
#5887 = FACE_BOUND('',#5888,.F.);
#5888 = EDGE_LOOP('',(#5889,#5890,#5891,#5897));
#5889 = ORIENTED_EDGE('',*,*,#5875,.T.);
#5890 = ORIENTED_EDGE('',*,*,#4972,.T.);
#5891 = ORIENTED_EDGE('',*,*,#5892,.F.);
#5892 = EDGE_CURVE('',#4878,#4973,#5893,.T.);
#5893 = LINE('',#5894,#5895);
#5894 = CARTESIAN_POINT('',(9.55,1.15,6.));
#5895 = VECTOR('',#5896,1.);
#5896 = DIRECTION('',(-0.,-0.,-1.));
#5897 = ORIENTED_EDGE('',*,*,#4885,.F.);
#5898 = PLANE('',#5899);
#5899 = AXIS2_PLACEMENT_3D('',#5900,#5901,#5902);
#5900 = CARTESIAN_POINT('',(9.55,0.65,6.));
#5901 = DIRECTION('',(1.,0.,0.));
#5902 = DIRECTION('',(-0.,1.,0.));
#5903 = ADVANCED_FACE('',(#5904),#5915,.F.);
#5904 = FACE_BOUND('',#5905,.F.);
#5905 = EDGE_LOOP('',(#5906,#5907,#5908,#5914));
#5906 = ORIENTED_EDGE('',*,*,#5892,.T.);
#5907 = ORIENTED_EDGE('',*,*,#4980,.T.);
#5908 = ORIENTED_EDGE('',*,*,#5909,.F.);
#5909 = EDGE_CURVE('',#4870,#4981,#5910,.T.);
#5910 = LINE('',#5911,#5912);
#5911 = CARTESIAN_POINT('',(-2.05,1.15,6.));
#5912 = VECTOR('',#5913,1.);
#5913 = DIRECTION('',(-0.,-0.,-1.));
#5914 = ORIENTED_EDGE('',*,*,#4877,.F.);
#5915 = PLANE('',#5916);
#5916 = AXIS2_PLACEMENT_3D('',#5917,#5918,#5919);
#5917 = CARTESIAN_POINT('',(9.55,1.15,6.));
#5918 = DIRECTION('',(0.,1.,0.));
#5919 = DIRECTION('',(-1.,0.,0.));
#5920 = ADVANCED_FACE('',(#5921),#5932,.F.);
#5921 = FACE_BOUND('',#5922,.F.);
#5922 = EDGE_LOOP('',(#5923,#5924,#5925,#5931));
#5923 = ORIENTED_EDGE('',*,*,#5909,.T.);
#5924 = ORIENTED_EDGE('',*,*,#4988,.T.);
#5925 = ORIENTED_EDGE('',*,*,#5926,.F.);
#5926 = EDGE_CURVE('',#4862,#4989,#5927,.T.);
#5927 = LINE('',#5928,#5929);
#5928 = CARTESIAN_POINT('',(-2.05,0.65,6.));
#5929 = VECTOR('',#5930,1.);
#5930 = DIRECTION('',(-0.,-0.,-1.));
#5931 = ORIENTED_EDGE('',*,*,#4869,.F.);
#5932 = PLANE('',#5933);
#5933 = AXIS2_PLACEMENT_3D('',#5934,#5935,#5936);
#5934 = CARTESIAN_POINT('',(-2.05,1.15,6.));
#5935 = DIRECTION('',(-1.,0.,0.));
#5936 = DIRECTION('',(0.,-1.,0.));
#5937 = ADVANCED_FACE('',(#5938),#5949,.F.);
#5938 = FACE_BOUND('',#5939,.F.);
#5939 = EDGE_LOOP('',(#5940,#5941,#5942,#5948));
#5940 = ORIENTED_EDGE('',*,*,#5926,.T.);
#5941 = ORIENTED_EDGE('',*,*,#4996,.T.);
#5942 = ORIENTED_EDGE('',*,*,#5943,.F.);
#5943 = EDGE_CURVE('',#4854,#4997,#5944,.T.);
#5944 = LINE('',#5945,#5946);
#5945 = CARTESIAN_POINT('',(-1.5,0.65,6.));
#5946 = VECTOR('',#5947,1.);
#5947 = DIRECTION('',(-0.,-0.,-1.));
#5948 = ORIENTED_EDGE('',*,*,#4861,.F.);
#5949 = PLANE('',#5950);
#5950 = AXIS2_PLACEMENT_3D('',#5951,#5952,#5953);
#5951 = CARTESIAN_POINT('',(-2.05,0.65,6.));
#5952 = DIRECTION('',(0.,-1.,0.));
#5953 = DIRECTION('',(1.,0.,0.));
#5954 = ADVANCED_FACE('',(#5955),#5961,.T.);
#5955 = FACE_BOUND('',#5956,.T.);
#5956 = EDGE_LOOP('',(#5957,#5958,#5959,#5960));
#5957 = ORIENTED_EDGE('',*,*,#4853,.T.);
#5958 = ORIENTED_EDGE('',*,*,#5317,.F.);
#5959 = ORIENTED_EDGE('',*,*,#5004,.F.);
#5960 = ORIENTED_EDGE('',*,*,#5943,.F.);
#5961 = PLANE('',#5962);
#5962 = AXIS2_PLACEMENT_3D('',#5963,#5964,#5965);
#5963 = CARTESIAN_POINT('',(-1.5,-0.814780671729,3.627769701184));
#5964 = DIRECTION('',(1.,-4.645414842272E-17,-5.198667296554E-17));
#5965 = DIRECTION('',(5.198667296554E-17,0.,1.));
#5966 = ADVANCED_FACE('',(#5967),#5992,.F.);
#5967 = FACE_BOUND('',#5968,.F.);
#5968 = EDGE_LOOP('',(#5969,#5970,#5978,#5986));
#5969 = ORIENTED_EDGE('',*,*,#5035,.T.);
#5970 = ORIENTED_EDGE('',*,*,#5971,.T.);
#5971 = EDGE_CURVE('',#5038,#5972,#5974,.T.);
#5972 = VERTEX_POINT('',#5973);
#5973 = CARTESIAN_POINT('',(4.68,0.32,4.9));
#5974 = LINE('',#5975,#5976);
#5975 = CARTESIAN_POINT('',(4.68,0.32,-3.2));
#5976 = VECTOR('',#5977,1.);
#5977 = DIRECTION('',(0.,0.,1.));
#5978 = ORIENTED_EDGE('',*,*,#5979,.T.);
#5979 = EDGE_CURVE('',#5972,#5980,#5982,.T.);
#5980 = VERTEX_POINT('',#5981);
#5981 = CARTESIAN_POINT('',(4.68,-0.32,4.9));
#5982 = LINE('',#5983,#5984);
#5983 = CARTESIAN_POINT('',(4.68,0.32,4.9));
#5984 = VECTOR('',#5985,1.);
#5985 = DIRECTION('',(0.,-1.,0.));
#5986 = ORIENTED_EDGE('',*,*,#5987,.T.);
#5987 = EDGE_CURVE('',#5980,#5036,#5988,.T.);
#5988 = LINE('',#5989,#5990);
#5989 = CARTESIAN_POINT('',(4.68,-0.32,5.1));
#5990 = VECTOR('',#5991,1.);
#5991 = DIRECTION('',(0.,0.,-1.));
#5992 = PLANE('',#5993);
#5993 = AXIS2_PLACEMENT_3D('',#5994,#5995,#5996);
#5994 = CARTESIAN_POINT('',(4.68,0.,0.95));
#5995 = DIRECTION('',(1.,0.,0.));
#5996 = DIRECTION('',(0.,0.,1.));
#5997 = ADVANCED_FACE('',(#5998),#6016,.F.);
#5998 = FACE_BOUND('',#5999,.F.);
#5999 = EDGE_LOOP('',(#6000,#6001,#6009,#6015));
#6000 = ORIENTED_EDGE('',*,*,#5987,.F.);
#6001 = ORIENTED_EDGE('',*,*,#6002,.T.);
#6002 = EDGE_CURVE('',#5980,#6003,#6005,.T.);
#6003 = VERTEX_POINT('',#6004);
#6004 = CARTESIAN_POINT('',(5.32,-0.32,4.9));
#6005 = LINE('',#6006,#6007);
#6006 = CARTESIAN_POINT('',(4.68,-0.32,4.9));
#6007 = VECTOR('',#6008,1.);
#6008 = DIRECTION('',(1.,0.,0.));
#6009 = ORIENTED_EDGE('',*,*,#6010,.T.);
#6010 = EDGE_CURVE('',#6003,#5054,#6011,.T.);
#6011 = LINE('',#6012,#6013);
#6012 = CARTESIAN_POINT('',(5.32,-0.32,5.1));
#6013 = VECTOR('',#6014,1.);
#6014 = DIRECTION('',(0.,0.,-1.));
#6015 = ORIENTED_EDGE('',*,*,#5061,.T.);
#6016 = PLANE('',#6017);
#6017 = AXIS2_PLACEMENT_3D('',#6018,#6019,#6020);
#6018 = CARTESIAN_POINT('',(4.68,-0.32,5.1));
#6019 = DIRECTION('',(0.,1.,0.));
#6020 = DIRECTION('',(0.,0.,-1.));
#6021 = ADVANCED_FACE('',(#6022),#6040,.T.);
#6022 = FACE_BOUND('',#6023,.T.);
#6023 = EDGE_LOOP('',(#6024,#6025,#6033,#6039));
#6024 = ORIENTED_EDGE('',*,*,#5053,.T.);
#6025 = ORIENTED_EDGE('',*,*,#6026,.T.);
#6026 = EDGE_CURVE('',#5046,#6027,#6029,.T.);
#6027 = VERTEX_POINT('',#6028);
#6028 = CARTESIAN_POINT('',(5.32,0.32,4.9));
#6029 = LINE('',#6030,#6031);
#6030 = CARTESIAN_POINT('',(5.32,0.32,-3.2));
#6031 = VECTOR('',#6032,1.);
#6032 = DIRECTION('',(0.,0.,1.));
#6033 = ORIENTED_EDGE('',*,*,#6034,.T.);
#6034 = EDGE_CURVE('',#6027,#6003,#6035,.T.);
#6035 = LINE('',#6036,#6037);
#6036 = CARTESIAN_POINT('',(5.32,0.32,4.9));
#6037 = VECTOR('',#6038,1.);
#6038 = DIRECTION('',(0.,-1.,0.));
#6039 = ORIENTED_EDGE('',*,*,#6010,.T.);
#6040 = PLANE('',#6041);
#6041 = AXIS2_PLACEMENT_3D('',#6042,#6043,#6044);
#6042 = CARTESIAN_POINT('',(5.32,0.,0.95));
#6043 = DIRECTION('',(1.,0.,0.));
#6044 = DIRECTION('',(0.,0.,1.));
#6045 = ADVANCED_FACE('',(#6046),#6057,.F.);
#6046 = FACE_BOUND('',#6047,.F.);
#6047 = EDGE_LOOP('',(#6048,#6049,#6050,#6051));
#6048 = ORIENTED_EDGE('',*,*,#5971,.F.);
#6049 = ORIENTED_EDGE('',*,*,#5045,.T.);
#6050 = ORIENTED_EDGE('',*,*,#6026,.T.);
#6051 = ORIENTED_EDGE('',*,*,#6052,.F.);
#6052 = EDGE_CURVE('',#5972,#6027,#6053,.T.);
#6053 = LINE('',#6054,#6055);
#6054 = CARTESIAN_POINT('',(4.68,0.32,4.9));
#6055 = VECTOR('',#6056,1.);
#6056 = DIRECTION('',(1.,0.,0.));
#6057 = PLANE('',#6058);
#6058 = AXIS2_PLACEMENT_3D('',#6059,#6060,#6061);
#6059 = CARTESIAN_POINT('',(4.68,0.32,-3.2));
#6060 = DIRECTION('',(0.,-1.,0.));
#6061 = DIRECTION('',(0.,0.,1.));
#6062 = ADVANCED_FACE('',(#6063),#6088,.F.);
#6063 = FACE_BOUND('',#6064,.F.);
#6064 = EDGE_LOOP('',(#6065,#6066,#6074,#6082));
#6065 = ORIENTED_EDGE('',*,*,#5069,.T.);
#6066 = ORIENTED_EDGE('',*,*,#6067,.T.);
#6067 = EDGE_CURVE('',#5072,#6068,#6070,.T.);
#6068 = VERTEX_POINT('',#6069);
#6069 = CARTESIAN_POINT('',(2.18,0.32,4.9));
#6070 = LINE('',#6071,#6072);
#6071 = CARTESIAN_POINT('',(2.18,0.32,-3.2));
#6072 = VECTOR('',#6073,1.);
#6073 = DIRECTION('',(0.,0.,1.));
#6074 = ORIENTED_EDGE('',*,*,#6075,.T.);
#6075 = EDGE_CURVE('',#6068,#6076,#6078,.T.);
#6076 = VERTEX_POINT('',#6077);
#6077 = CARTESIAN_POINT('',(2.18,-0.32,4.9));
#6078 = LINE('',#6079,#6080);
#6079 = CARTESIAN_POINT('',(2.18,0.32,4.9));
#6080 = VECTOR('',#6081,1.);
#6081 = DIRECTION('',(0.,-1.,0.));
#6082 = ORIENTED_EDGE('',*,*,#6083,.T.);
#6083 = EDGE_CURVE('',#6076,#5070,#6084,.T.);
#6084 = LINE('',#6085,#6086);
#6085 = CARTESIAN_POINT('',(2.18,-0.32,5.1));
#6086 = VECTOR('',#6087,1.);
#6087 = DIRECTION('',(0.,0.,-1.));
#6088 = PLANE('',#6089);
#6089 = AXIS2_PLACEMENT_3D('',#6090,#6091,#6092);
#6090 = CARTESIAN_POINT('',(2.18,0.,0.95));
#6091 = DIRECTION('',(1.,0.,0.));
#6092 = DIRECTION('',(0.,0.,1.));
#6093 = ADVANCED_FACE('',(#6094),#6112,.F.);
#6094 = FACE_BOUND('',#6095,.F.);
#6095 = EDGE_LOOP('',(#6096,#6097,#6105,#6111));
#6096 = ORIENTED_EDGE('',*,*,#6083,.F.);
#6097 = ORIENTED_EDGE('',*,*,#6098,.T.);
#6098 = EDGE_CURVE('',#6076,#6099,#6101,.T.);
#6099 = VERTEX_POINT('',#6100);
#6100 = CARTESIAN_POINT('',(2.82,-0.32,4.9));
#6101 = LINE('',#6102,#6103);
#6102 = CARTESIAN_POINT('',(2.18,-0.32,4.9));
#6103 = VECTOR('',#6104,1.);
#6104 = DIRECTION('',(1.,0.,0.));
#6105 = ORIENTED_EDGE('',*,*,#6106,.T.);
#6106 = EDGE_CURVE('',#6099,#5088,#6107,.T.);
#6107 = LINE('',#6108,#6109);
#6108 = CARTESIAN_POINT('',(2.82,-0.32,5.1));
#6109 = VECTOR('',#6110,1.);
#6110 = DIRECTION('',(0.,0.,-1.));
#6111 = ORIENTED_EDGE('',*,*,#5095,.T.);
#6112 = PLANE('',#6113);
#6113 = AXIS2_PLACEMENT_3D('',#6114,#6115,#6116);
#6114 = CARTESIAN_POINT('',(2.18,-0.32,5.1));
#6115 = DIRECTION('',(0.,1.,0.));
#6116 = DIRECTION('',(0.,0.,-1.));
#6117 = ADVANCED_FACE('',(#6118),#6136,.T.);
#6118 = FACE_BOUND('',#6119,.T.);
#6119 = EDGE_LOOP('',(#6120,#6121,#6129,#6135));
#6120 = ORIENTED_EDGE('',*,*,#5087,.T.);
#6121 = ORIENTED_EDGE('',*,*,#6122,.T.);
#6122 = EDGE_CURVE('',#5080,#6123,#6125,.T.);
#6123 = VERTEX_POINT('',#6124);
#6124 = CARTESIAN_POINT('',(2.82,0.32,4.9));
#6125 = LINE('',#6126,#6127);
#6126 = CARTESIAN_POINT('',(2.82,0.32,-3.2));
#6127 = VECTOR('',#6128,1.);
#6128 = DIRECTION('',(0.,0.,1.));
#6129 = ORIENTED_EDGE('',*,*,#6130,.T.);
#6130 = EDGE_CURVE('',#6123,#6099,#6131,.T.);
#6131 = LINE('',#6132,#6133);
#6132 = CARTESIAN_POINT('',(2.82,0.32,4.9));
#6133 = VECTOR('',#6134,1.);
#6134 = DIRECTION('',(0.,-1.,0.));
#6135 = ORIENTED_EDGE('',*,*,#6106,.T.);
#6136 = PLANE('',#6137);
#6137 = AXIS2_PLACEMENT_3D('',#6138,#6139,#6140);
#6138 = CARTESIAN_POINT('',(2.82,0.,0.95));
#6139 = DIRECTION('',(1.,0.,0.));
#6140 = DIRECTION('',(0.,0.,1.));
#6141 = ADVANCED_FACE('',(#6142),#6153,.F.);
#6142 = FACE_BOUND('',#6143,.F.);
#6143 = EDGE_LOOP('',(#6144,#6145,#6146,#6147));
#6144 = ORIENTED_EDGE('',*,*,#6067,.F.);
#6145 = ORIENTED_EDGE('',*,*,#5079,.T.);
#6146 = ORIENTED_EDGE('',*,*,#6122,.T.);
#6147 = ORIENTED_EDGE('',*,*,#6148,.F.);
#6148 = EDGE_CURVE('',#6068,#6123,#6149,.T.);
#6149 = LINE('',#6150,#6151);
#6150 = CARTESIAN_POINT('',(2.18,0.32,4.9));
#6151 = VECTOR('',#6152,1.);
#6152 = DIRECTION('',(1.,0.,0.));
#6153 = PLANE('',#6154);
#6154 = AXIS2_PLACEMENT_3D('',#6155,#6156,#6157);
#6155 = CARTESIAN_POINT('',(2.18,0.32,-3.2));
#6156 = DIRECTION('',(0.,-1.,0.));
#6157 = DIRECTION('',(0.,0.,1.));
#6158 = ADVANCED_FACE('',(#6159),#6184,.F.);
#6159 = FACE_BOUND('',#6160,.F.);
#6160 = EDGE_LOOP('',(#6161,#6169,#6177,#6183));
#6161 = ORIENTED_EDGE('',*,*,#6162,.F.);
#6162 = EDGE_CURVE('',#6163,#5106,#6165,.T.);
#6163 = VERTEX_POINT('',#6164);
#6164 = CARTESIAN_POINT('',(-0.32,-0.32,4.9));
#6165 = LINE('',#6166,#6167);
#6166 = CARTESIAN_POINT('',(-0.32,-0.32,5.1));
#6167 = VECTOR('',#6168,1.);
#6168 = DIRECTION('',(0.,0.,-1.));
#6169 = ORIENTED_EDGE('',*,*,#6170,.T.);
#6170 = EDGE_CURVE('',#6163,#6171,#6173,.T.);
#6171 = VERTEX_POINT('',#6172);
#6172 = CARTESIAN_POINT('',(0.32,-0.32,4.9));
#6173 = LINE('',#6174,#6175);
#6174 = CARTESIAN_POINT('',(-0.32,-0.32,4.9));
#6175 = VECTOR('',#6176,1.);
#6176 = DIRECTION('',(1.,0.,0.));
#6177 = ORIENTED_EDGE('',*,*,#6178,.T.);
#6178 = EDGE_CURVE('',#6171,#5104,#6179,.T.);
#6179 = LINE('',#6180,#6181);
#6180 = CARTESIAN_POINT('',(0.32,-0.32,5.1));
#6181 = VECTOR('',#6182,1.);
#6182 = DIRECTION('',(0.,0.,-1.));
#6183 = ORIENTED_EDGE('',*,*,#5103,.T.);
#6184 = PLANE('',#6185);
#6185 = AXIS2_PLACEMENT_3D('',#6186,#6187,#6188);
#6186 = CARTESIAN_POINT('',(-0.32,-0.32,5.1));
#6187 = DIRECTION('',(0.,1.,0.));
#6188 = DIRECTION('',(0.,0.,-1.));
#6189 = ADVANCED_FACE('',(#6190),#6208,.T.);
#6190 = FACE_BOUND('',#6191,.T.);
#6191 = EDGE_LOOP('',(#6192,#6193,#6201,#6207));
#6192 = ORIENTED_EDGE('',*,*,#5129,.T.);
#6193 = ORIENTED_EDGE('',*,*,#6194,.T.);
#6194 = EDGE_CURVE('',#5122,#6195,#6197,.T.);
#6195 = VERTEX_POINT('',#6196);
#6196 = CARTESIAN_POINT('',(0.32,0.32,4.9));
#6197 = LINE('',#6198,#6199);
#6198 = CARTESIAN_POINT('',(0.32,0.32,-0.7));
#6199 = VECTOR('',#6200,1.);
#6200 = DIRECTION('',(0.,0.,1.));
#6201 = ORIENTED_EDGE('',*,*,#6202,.T.);
#6202 = EDGE_CURVE('',#6195,#6171,#6203,.T.);
#6203 = LINE('',#6204,#6205);
#6204 = CARTESIAN_POINT('',(0.32,0.32,4.9));
#6205 = VECTOR('',#6206,1.);
#6206 = DIRECTION('',(0.,-1.,0.));
#6207 = ORIENTED_EDGE('',*,*,#6178,.T.);
#6208 = PLANE('',#6209);
#6209 = AXIS2_PLACEMENT_3D('',#6210,#6211,#6212);
#6210 = CARTESIAN_POINT('',(0.32,-4.307486879287E-02,0.926376556288));
#6211 = DIRECTION('',(1.,0.,0.));
#6212 = DIRECTION('',(0.,0.,1.));
#6213 = ADVANCED_FACE('',(#6214),#6232,.F.);
#6214 = FACE_BOUND('',#6215,.F.);
#6215 = EDGE_LOOP('',(#6216,#6224,#6225,#6226));
#6216 = ORIENTED_EDGE('',*,*,#6217,.F.);
#6217 = EDGE_CURVE('',#5114,#6218,#6220,.T.);
#6218 = VERTEX_POINT('',#6219);
#6219 = CARTESIAN_POINT('',(-0.32,0.32,4.9));
#6220 = LINE('',#6221,#6222);
#6221 = CARTESIAN_POINT('',(-0.32,0.32,-0.7));
#6222 = VECTOR('',#6223,1.);
#6223 = DIRECTION('',(0.,0.,1.));
#6224 = ORIENTED_EDGE('',*,*,#5121,.T.);
#6225 = ORIENTED_EDGE('',*,*,#6194,.T.);
#6226 = ORIENTED_EDGE('',*,*,#6227,.F.);
#6227 = EDGE_CURVE('',#6218,#6195,#6228,.T.);
#6228 = LINE('',#6229,#6230);
#6229 = CARTESIAN_POINT('',(-0.32,0.32,4.9));
#6230 = VECTOR('',#6231,1.);
#6231 = DIRECTION('',(1.,0.,0.));
#6232 = PLANE('',#6233);
#6233 = AXIS2_PLACEMENT_3D('',#6234,#6235,#6236);
#6234 = CARTESIAN_POINT('',(-0.32,0.32,-0.7));
#6235 = DIRECTION('',(0.,-1.,0.));
#6236 = DIRECTION('',(0.,0.,1.));
#6237 = ADVANCED_FACE('',(#6238),#6249,.F.);
#6238 = FACE_BOUND('',#6239,.F.);
#6239 = EDGE_LOOP('',(#6240,#6241,#6242,#6248));
#6240 = ORIENTED_EDGE('',*,*,#5113,.T.);
#6241 = ORIENTED_EDGE('',*,*,#6217,.T.);
#6242 = ORIENTED_EDGE('',*,*,#6243,.T.);
#6243 = EDGE_CURVE('',#6218,#6163,#6244,.T.);
#6244 = LINE('',#6245,#6246);
#6245 = CARTESIAN_POINT('',(-0.32,0.32,4.9));
#6246 = VECTOR('',#6247,1.);
#6247 = DIRECTION('',(0.,-1.,0.));
#6248 = ORIENTED_EDGE('',*,*,#6162,.T.);
#6249 = PLANE('',#6250);
#6250 = AXIS2_PLACEMENT_3D('',#6251,#6252,#6253);
#6251 = CARTESIAN_POINT('',(-0.32,-4.307486879287E-02,0.926376556288));
#6252 = DIRECTION('',(1.,0.,0.));
#6253 = DIRECTION('',(0.,0.,1.));
#6254 = ADVANCED_FACE('',(#6255),#6280,.T.);
#6255 = FACE_BOUND('',#6256,.T.);
#6256 = EDGE_LOOP('',(#6257,#6258,#6266,#6274));
#6257 = ORIENTED_EDGE('',*,*,#5137,.T.);
#6258 = ORIENTED_EDGE('',*,*,#6259,.T.);
#6259 = EDGE_CURVE('',#5140,#6260,#6262,.T.);
#6260 = VERTEX_POINT('',#6261);
#6261 = CARTESIAN_POINT('',(7.82,0.32,4.9));
#6262 = LINE('',#6263,#6264);
#6263 = CARTESIAN_POINT('',(7.82,0.32,-0.7));
#6264 = VECTOR('',#6265,1.);
#6265 = DIRECTION('',(0.,0.,1.));
#6266 = ORIENTED_EDGE('',*,*,#6267,.T.);
#6267 = EDGE_CURVE('',#6260,#6268,#6270,.T.);
#6268 = VERTEX_POINT('',#6269);
#6269 = CARTESIAN_POINT('',(7.82,-0.32,4.9));
#6270 = LINE('',#6271,#6272);
#6271 = CARTESIAN_POINT('',(7.82,0.32,4.9));
#6272 = VECTOR('',#6273,1.);
#6273 = DIRECTION('',(0.,-1.,0.));
#6274 = ORIENTED_EDGE('',*,*,#6275,.T.);
#6275 = EDGE_CURVE('',#6268,#5138,#6276,.T.);
#6276 = LINE('',#6277,#6278);
#6277 = CARTESIAN_POINT('',(7.82,-0.32,5.1));
#6278 = VECTOR('',#6279,1.);
#6279 = DIRECTION('',(0.,0.,-1.));
#6280 = PLANE('',#6281);
#6281 = AXIS2_PLACEMENT_3D('',#6282,#6283,#6284);
#6282 = CARTESIAN_POINT('',(7.82,-4.307486879287E-02,0.926376556288));
#6283 = DIRECTION('',(1.,0.,0.));
#6284 = DIRECTION('',(0.,0.,1.));
#6285 = ADVANCED_FACE('',(#6286),#6304,.F.);
#6286 = FACE_BOUND('',#6287,.F.);
#6287 = EDGE_LOOP('',(#6288,#6296,#6297,#6298));
#6288 = ORIENTED_EDGE('',*,*,#6289,.F.);
#6289 = EDGE_CURVE('',#5156,#6290,#6292,.T.);
#6290 = VERTEX_POINT('',#6291);
#6291 = CARTESIAN_POINT('',(7.18,0.32,4.9));
#6292 = LINE('',#6293,#6294);
#6293 = CARTESIAN_POINT('',(7.18,0.32,-0.7));
#6294 = VECTOR('',#6295,1.);
#6295 = DIRECTION('',(0.,0.,1.));
#6296 = ORIENTED_EDGE('',*,*,#5163,.T.);
#6297 = ORIENTED_EDGE('',*,*,#6259,.T.);
#6298 = ORIENTED_EDGE('',*,*,#6299,.F.);
#6299 = EDGE_CURVE('',#6290,#6260,#6300,.T.);
#6300 = LINE('',#6301,#6302);
#6301 = CARTESIAN_POINT('',(7.18,0.32,4.9));
#6302 = VECTOR('',#6303,1.);
#6303 = DIRECTION('',(1.,0.,0.));
#6304 = PLANE('',#6305);
#6305 = AXIS2_PLACEMENT_3D('',#6306,#6307,#6308);
#6306 = CARTESIAN_POINT('',(7.18,0.32,-0.7));
#6307 = DIRECTION('',(0.,-1.,0.));
#6308 = DIRECTION('',(0.,0.,1.));
#6309 = ADVANCED_FACE('',(#6310),#6328,.F.);
#6310 = FACE_BOUND('',#6311,.F.);
#6311 = EDGE_LOOP('',(#6312,#6313,#6314,#6322));
#6312 = ORIENTED_EDGE('',*,*,#5155,.T.);
#6313 = ORIENTED_EDGE('',*,*,#6289,.T.);
#6314 = ORIENTED_EDGE('',*,*,#6315,.T.);
#6315 = EDGE_CURVE('',#6290,#6316,#6318,.T.);
#6316 = VERTEX_POINT('',#6317);
#6317 = CARTESIAN_POINT('',(7.18,-0.32,4.9));
#6318 = LINE('',#6319,#6320);
#6319 = CARTESIAN_POINT('',(7.18,0.32,4.9));
#6320 = VECTOR('',#6321,1.);
#6321 = DIRECTION('',(0.,-1.,0.));
#6322 = ORIENTED_EDGE('',*,*,#6323,.T.);
#6323 = EDGE_CURVE('',#6316,#5148,#6324,.T.);
#6324 = LINE('',#6325,#6326);
#6325 = CARTESIAN_POINT('',(7.18,-0.32,5.1));
#6326 = VECTOR('',#6327,1.);
#6327 = DIRECTION('',(0.,0.,-1.));
#6328 = PLANE('',#6329);
#6329 = AXIS2_PLACEMENT_3D('',#6330,#6331,#6332);
#6330 = CARTESIAN_POINT('',(7.18,-4.307486879287E-02,0.926376556288));
#6331 = DIRECTION('',(1.,0.,0.));
#6332 = DIRECTION('',(0.,0.,1.));
#6333 = ADVANCED_FACE('',(#6334),#6345,.F.);
#6334 = FACE_BOUND('',#6335,.F.);
#6335 = EDGE_LOOP('',(#6336,#6337,#6343,#6344));
#6336 = ORIENTED_EDGE('',*,*,#6323,.F.);
#6337 = ORIENTED_EDGE('',*,*,#6338,.T.);
#6338 = EDGE_CURVE('',#6316,#6268,#6339,.T.);
#6339 = LINE('',#6340,#6341);
#6340 = CARTESIAN_POINT('',(7.18,-0.32,4.9));
#6341 = VECTOR('',#6342,1.);
#6342 = DIRECTION('',(1.,0.,0.));
#6343 = ORIENTED_EDGE('',*,*,#6275,.T.);
#6344 = ORIENTED_EDGE('',*,*,#5147,.T.);
#6345 = PLANE('',#6346);
#6346 = AXIS2_PLACEMENT_3D('',#6347,#6348,#6349);
#6347 = CARTESIAN_POINT('',(7.18,-0.32,5.1));
#6348 = DIRECTION('',(0.,1.,0.));
#6349 = DIRECTION('',(0.,0.,-1.));
#6350 = ADVANCED_FACE('',(#6351),#6362,.T.);
#6351 = FACE_BOUND('',#6352,.F.);
#6352 = EDGE_LOOP('',(#6353,#6354,#6360,#6361));
#6353 = ORIENTED_EDGE('',*,*,#5465,.F.);
#6354 = ORIENTED_EDGE('',*,*,#6355,.T.);
#6355 = EDGE_CURVE('',#5466,#5350,#6356,.T.);
#6356 = LINE('',#6357,#6358);
#6357 = CARTESIAN_POINT('',(-0.32,0.12,-3.2));
#6358 = VECTOR('',#6359,1.);
#6359 = DIRECTION('',(1.,0.,0.));
#6360 = ORIENTED_EDGE('',*,*,#5349,.T.);
#6361 = ORIENTED_EDGE('',*,*,#5448,.F.);
#6362 = PLANE('',#6363);
#6363 = AXIS2_PLACEMENT_3D('',#6364,#6365,#6366);
#6364 = CARTESIAN_POINT('',(-0.32,0.204403742653,-3.101223703467));
#6365 = DIRECTION('',(0.,0.760250805153,-0.64962967394));
#6366 = DIRECTION('',(-1.,0.,-0.));
#6367 = ADVANCED_FACE('',(#6368),#6379,.F.);
#6368 = FACE_BOUND('',#6369,.F.);
#6369 = EDGE_LOOP('',(#6370,#6371,#6372,#6378));
#6370 = ORIENTED_EDGE('',*,*,#6355,.F.);
#6371 = ORIENTED_EDGE('',*,*,#5484,.F.);
#6372 = ORIENTED_EDGE('',*,*,#6373,.T.);
#6373 = EDGE_CURVE('',#5477,#5375,#6374,.T.);
#6374 = LINE('',#6375,#6376);
#6375 = CARTESIAN_POINT('',(-0.32,-0.12,-3.2));
#6376 = VECTOR('',#6377,1.);
#6377 = DIRECTION('',(1.,0.,0.));
#6378 = ORIENTED_EDGE('',*,*,#5382,.T.);
#6379 = PLANE('',#6380);
#6380 = AXIS2_PLACEMENT_3D('',#6381,#6382,#6383);
#6381 = CARTESIAN_POINT('',(-0.32,-0.32,-3.2));
#6382 = DIRECTION('',(0.,0.,1.));
#6383 = DIRECTION('',(0.,1.,0.));
#6384 = ADVANCED_FACE('',(#6385),#6391,.T.);
#6385 = FACE_BOUND('',#6386,.T.);
#6386 = EDGE_LOOP('',(#6387,#6388,#6389,#6390));
#6387 = ORIENTED_EDGE('',*,*,#5476,.F.);
#6388 = ORIENTED_EDGE('',*,*,#6373,.T.);
#6389 = ORIENTED_EDGE('',*,*,#5374,.T.);
#6390 = ORIENTED_EDGE('',*,*,#5400,.F.);
#6391 = PLANE('',#6392);
#6392 = AXIS2_PLACEMENT_3D('',#6393,#6394,#6395);
#6393 = CARTESIAN_POINT('',(-0.32,-0.235596257347,-3.101223703467));
#6394 = DIRECTION('',(-3.471050801573E-18,-0.64962967394,-0.760250805153
    ));
#6395 = DIRECTION('',(1.,-2.254897600456E-18,-2.638869166625E-18));
#6396 = ADVANCED_FACE('',(#6397),#6403,.F.);
#6397 = FACE_BOUND('',#6398,.F.);
#6398 = EDGE_LOOP('',(#6399,#6400,#6401,#6402));
#6399 = ORIENTED_EDGE('',*,*,#5506,.F.);
#6400 = ORIENTED_EDGE('',*,*,#5530,.T.);
#6401 = ORIENTED_EDGE('',*,*,#5554,.T.);
#6402 = ORIENTED_EDGE('',*,*,#5578,.F.);
#6403 = PLANE('',#6404);
#6404 = AXIS2_PLACEMENT_3D('',#6405,#6406,#6407);
#6405 = CARTESIAN_POINT('',(2.18,-0.32,-3.2));
#6406 = DIRECTION('',(0.,0.,1.));
#6407 = DIRECTION('',(0.,1.,0.));
#6408 = ADVANCED_FACE('',(#6409),#6415,.F.);
#6409 = FACE_BOUND('',#6410,.F.);
#6410 = EDGE_LOOP('',(#6411,#6412,#6413,#6414));
#6411 = ORIENTED_EDGE('',*,*,#5602,.F.);
#6412 = ORIENTED_EDGE('',*,*,#5626,.T.);
#6413 = ORIENTED_EDGE('',*,*,#5650,.T.);
#6414 = ORIENTED_EDGE('',*,*,#5674,.F.);
#6415 = PLANE('',#6416);
#6416 = AXIS2_PLACEMENT_3D('',#6417,#6418,#6419);
#6417 = CARTESIAN_POINT('',(4.68,-0.32,-3.2));
#6418 = DIRECTION('',(0.,0.,1.));
#6419 = DIRECTION('',(0.,1.,0.));
#6420 = ADVANCED_FACE('',(#6421),#6432,.T.);
#6421 = FACE_BOUND('',#6422,.F.);
#6422 = EDGE_LOOP('',(#6423,#6424,#6430,#6431));
#6423 = ORIENTED_EDGE('',*,*,#5823,.F.);
#6424 = ORIENTED_EDGE('',*,*,#6425,.T.);
#6425 = EDGE_CURVE('',#5824,#5691,#6426,.T.);
#6426 = LINE('',#6427,#6428);
#6427 = CARTESIAN_POINT('',(7.18,0.12,-3.2));
#6428 = VECTOR('',#6429,1.);
#6429 = DIRECTION('',(1.,0.,0.));
#6430 = ORIENTED_EDGE('',*,*,#5690,.T.);
#6431 = ORIENTED_EDGE('',*,*,#5806,.F.);
#6432 = PLANE('',#6433);
#6433 = AXIS2_PLACEMENT_3D('',#6434,#6435,#6436);
#6434 = CARTESIAN_POINT('',(7.18,0.204403742653,-3.101223703467));
#6435 = DIRECTION('',(0.,0.760250805153,-0.64962967394));
#6436 = DIRECTION('',(-1.,0.,-0.));
#6437 = ADVANCED_FACE('',(#6438),#6449,.F.);
#6438 = FACE_BOUND('',#6439,.F.);
#6439 = EDGE_LOOP('',(#6440,#6441,#6442,#6448));
#6440 = ORIENTED_EDGE('',*,*,#6425,.F.);
#6441 = ORIENTED_EDGE('',*,*,#5842,.F.);
#6442 = ORIENTED_EDGE('',*,*,#6443,.T.);
#6443 = EDGE_CURVE('',#5835,#5716,#6444,.T.);
#6444 = LINE('',#6445,#6446);
#6445 = CARTESIAN_POINT('',(7.18,-0.12,-3.2));
#6446 = VECTOR('',#6447,1.);
#6447 = DIRECTION('',(1.,0.,0.));
#6448 = ORIENTED_EDGE('',*,*,#5723,.T.);
#6449 = PLANE('',#6450);
#6450 = AXIS2_PLACEMENT_3D('',#6451,#6452,#6453);
#6451 = CARTESIAN_POINT('',(7.18,-0.32,-3.2));
#6452 = DIRECTION('',(0.,0.,1.));
#6453 = DIRECTION('',(0.,1.,0.));
#6454 = ADVANCED_FACE('',(#6455),#6461,.T.);
#6455 = FACE_BOUND('',#6456,.T.);
#6456 = EDGE_LOOP('',(#6457,#6458,#6459,#6460));
#6457 = ORIENTED_EDGE('',*,*,#5834,.F.);
#6458 = ORIENTED_EDGE('',*,*,#6443,.T.);
#6459 = ORIENTED_EDGE('',*,*,#5715,.T.);
#6460 = ORIENTED_EDGE('',*,*,#5746,.F.);
#6461 = PLANE('',#6462);
#6462 = AXIS2_PLACEMENT_3D('',#6463,#6464,#6465);
#6463 = CARTESIAN_POINT('',(7.18,-0.235596257347,-3.101223703467));
#6464 = DIRECTION('',(-3.471050801573E-18,-0.64962967394,-0.760250805153
    ));
#6465 = DIRECTION('',(1.,-2.254897600456E-18,-2.638869166625E-18));
#6466 = ADVANCED_FACE('',(#6467),#6492,.T.);
#6467 = FACE_BOUND('',#6468,.F.);
#6468 = EDGE_LOOP('',(#6469,#6477,#6485,#6491));
#6469 = ORIENTED_EDGE('',*,*,#6470,.T.);
#6470 = EDGE_CURVE('',#5972,#6471,#6473,.T.);
#6471 = VERTEX_POINT('',#6472);
#6472 = CARTESIAN_POINT('',(4.88,0.12,5.1));
#6473 = LINE('',#6474,#6475);
#6474 = CARTESIAN_POINT('',(4.746666666667,0.253333333333,4.966666666667
    ));
#6475 = VECTOR('',#6476,1.);
#6476 = DIRECTION('',(0.57735026919,-0.57735026919,0.57735026919));
#6477 = ORIENTED_EDGE('',*,*,#6478,.T.);
#6478 = EDGE_CURVE('',#6471,#6479,#6481,.T.);
#6479 = VERTEX_POINT('',#6480);
#6480 = CARTESIAN_POINT('',(4.88,-0.12,5.1));
#6481 = LINE('',#6482,#6483);
#6482 = CARTESIAN_POINT('',(4.88,0.32,5.1));
#6483 = VECTOR('',#6484,1.);
#6484 = DIRECTION('',(0.,-1.,0.));
#6485 = ORIENTED_EDGE('',*,*,#6486,.T.);
#6486 = EDGE_CURVE('',#6479,#5980,#6487,.T.);
#6487 = LINE('',#6488,#6489);
#6488 = CARTESIAN_POINT('',(4.853333333333,-0.146666666667,
    5.073333333333));
#6489 = VECTOR('',#6490,1.);
#6490 = DIRECTION('',(-0.57735026919,-0.57735026919,-0.57735026919));
#6491 = ORIENTED_EDGE('',*,*,#5979,.F.);
#6492 = PLANE('',#6493);
#6493 = AXIS2_PLACEMENT_3D('',#6494,#6495,#6496);
#6494 = CARTESIAN_POINT('',(4.78,0.32,5.));
#6495 = DIRECTION('',(-0.707106781187,1.735417226644E-18,0.707106781187)
  );
#6496 = DIRECTION('',(1.227125289148E-18,1.,-1.227125289148E-18));
#6497 = ADVANCED_FACE('',(#6498),#6516,.T.);
#6498 = FACE_BOUND('',#6499,.F.);
#6499 = EDGE_LOOP('',(#6500,#6501,#6509,#6515));
#6500 = ORIENTED_EDGE('',*,*,#6486,.F.);
#6501 = ORIENTED_EDGE('',*,*,#6502,.T.);
#6502 = EDGE_CURVE('',#6479,#6503,#6505,.T.);
#6503 = VERTEX_POINT('',#6504);
#6504 = CARTESIAN_POINT('',(5.12,-0.12,5.1));
#6505 = LINE('',#6506,#6507);
#6506 = CARTESIAN_POINT('',(4.68,-0.12,5.1));
#6507 = VECTOR('',#6508,1.);
#6508 = DIRECTION('',(1.,0.,0.));
#6509 = ORIENTED_EDGE('',*,*,#6510,.T.);
#6510 = EDGE_CURVE('',#6503,#6003,#6511,.T.);
#6511 = LINE('',#6512,#6513);
#6512 = CARTESIAN_POINT('',(5.04,-4.E-02,5.18));
#6513 = VECTOR('',#6514,1.);
#6514 = DIRECTION('',(0.57735026919,-0.57735026919,-0.57735026919));
#6515 = ORIENTED_EDGE('',*,*,#6002,.F.);
#6516 = PLANE('',#6517);
#6517 = AXIS2_PLACEMENT_3D('',#6518,#6519,#6520);
#6518 = CARTESIAN_POINT('',(4.68,-0.22,5.));
#6519 = DIRECTION('',(-1.735417226644E-18,-0.707106781187,0.707106781187
    ));
#6520 = DIRECTION('',(-1.,1.227125289148E-18,-1.227125289148E-18));
#6521 = ADVANCED_FACE('',(#6522),#6540,.F.);
#6522 = FACE_BOUND('',#6523,.T.);
#6523 = EDGE_LOOP('',(#6524,#6532,#6538,#6539));
#6524 = ORIENTED_EDGE('',*,*,#6525,.F.);
#6525 = EDGE_CURVE('',#6526,#6027,#6528,.T.);
#6526 = VERTEX_POINT('',#6527);
#6527 = CARTESIAN_POINT('',(5.12,0.12,5.1));
#6528 = LINE('',#6529,#6530);
#6529 = CARTESIAN_POINT('',(5.146666666667,0.146666666667,5.073333333333
    ));
#6530 = VECTOR('',#6531,1.);
#6531 = DIRECTION('',(0.57735026919,0.57735026919,-0.57735026919));
#6532 = ORIENTED_EDGE('',*,*,#6533,.T.);
#6533 = EDGE_CURVE('',#6526,#6503,#6534,.T.);
#6534 = LINE('',#6535,#6536);
#6535 = CARTESIAN_POINT('',(5.12,0.32,5.1));
#6536 = VECTOR('',#6537,1.);
#6537 = DIRECTION('',(0.,-1.,0.));
#6538 = ORIENTED_EDGE('',*,*,#6510,.T.);
#6539 = ORIENTED_EDGE('',*,*,#6034,.F.);
#6540 = PLANE('',#6541);
#6541 = AXIS2_PLACEMENT_3D('',#6542,#6543,#6544);
#6542 = CARTESIAN_POINT('',(5.22,0.32,5.));
#6543 = DIRECTION('',(-0.707106781187,-1.735417226644E-18,
    -0.707106781187));
#6544 = DIRECTION('',(-1.227125289148E-18,1.,-1.227125289148E-18));
#6545 = ADVANCED_FACE('',(#6546),#6557,.T.);
#6546 = FACE_BOUND('',#6547,.F.);
#6547 = EDGE_LOOP('',(#6548,#6549,#6550,#6551));
#6548 = ORIENTED_EDGE('',*,*,#6470,.F.);
#6549 = ORIENTED_EDGE('',*,*,#6052,.T.);
#6550 = ORIENTED_EDGE('',*,*,#6525,.F.);
#6551 = ORIENTED_EDGE('',*,*,#6552,.F.);
#6552 = EDGE_CURVE('',#6471,#6526,#6553,.T.);
#6553 = LINE('',#6554,#6555);
#6554 = CARTESIAN_POINT('',(4.68,0.12,5.1));
#6555 = VECTOR('',#6556,1.);
#6556 = DIRECTION('',(1.,0.,0.));
#6557 = PLANE('',#6558);
#6558 = AXIS2_PLACEMENT_3D('',#6559,#6560,#6561);
#6559 = CARTESIAN_POINT('',(4.68,0.22,5.));
#6560 = DIRECTION('',(1.735417226644E-18,0.707106781187,0.707106781187)
  );
#6561 = DIRECTION('',(-1.,1.227125289148E-18,1.227125289148E-18));
#6562 = ADVANCED_FACE('',(#6563),#6588,.T.);
#6563 = FACE_BOUND('',#6564,.F.);
#6564 = EDGE_LOOP('',(#6565,#6573,#6581,#6587));
#6565 = ORIENTED_EDGE('',*,*,#6566,.T.);
#6566 = EDGE_CURVE('',#6068,#6567,#6569,.T.);
#6567 = VERTEX_POINT('',#6568);
#6568 = CARTESIAN_POINT('',(2.38,0.12,5.1));
#6569 = LINE('',#6570,#6571);
#6570 = CARTESIAN_POINT('',(2.246666666667,0.253333333333,4.966666666667
    ));
#6571 = VECTOR('',#6572,1.);
#6572 = DIRECTION('',(0.57735026919,-0.57735026919,0.57735026919));
#6573 = ORIENTED_EDGE('',*,*,#6574,.T.);
#6574 = EDGE_CURVE('',#6567,#6575,#6577,.T.);
#6575 = VERTEX_POINT('',#6576);
#6576 = CARTESIAN_POINT('',(2.38,-0.12,5.1));
#6577 = LINE('',#6578,#6579);
#6578 = CARTESIAN_POINT('',(2.38,0.32,5.1));
#6579 = VECTOR('',#6580,1.);
#6580 = DIRECTION('',(0.,-1.,0.));
#6581 = ORIENTED_EDGE('',*,*,#6582,.T.);
#6582 = EDGE_CURVE('',#6575,#6076,#6583,.T.);
#6583 = LINE('',#6584,#6585);
#6584 = CARTESIAN_POINT('',(2.353333333333,-0.146666666667,
    5.073333333333));
#6585 = VECTOR('',#6586,1.);
#6586 = DIRECTION('',(-0.57735026919,-0.57735026919,-0.57735026919));
#6587 = ORIENTED_EDGE('',*,*,#6075,.F.);
#6588 = PLANE('',#6589);
#6589 = AXIS2_PLACEMENT_3D('',#6590,#6591,#6592);
#6590 = CARTESIAN_POINT('',(2.28,0.32,5.));
#6591 = DIRECTION('',(-0.707106781187,1.735417226644E-18,0.707106781187)
  );
#6592 = DIRECTION('',(1.227125289148E-18,1.,-1.227125289148E-18));
#6593 = ADVANCED_FACE('',(#6594),#6612,.T.);
#6594 = FACE_BOUND('',#6595,.F.);
#6595 = EDGE_LOOP('',(#6596,#6597,#6605,#6611));
#6596 = ORIENTED_EDGE('',*,*,#6582,.F.);
#6597 = ORIENTED_EDGE('',*,*,#6598,.T.);
#6598 = EDGE_CURVE('',#6575,#6599,#6601,.T.);
#6599 = VERTEX_POINT('',#6600);
#6600 = CARTESIAN_POINT('',(2.62,-0.12,5.1));
#6601 = LINE('',#6602,#6603);
#6602 = CARTESIAN_POINT('',(2.18,-0.12,5.1));
#6603 = VECTOR('',#6604,1.);
#6604 = DIRECTION('',(1.,0.,0.));
#6605 = ORIENTED_EDGE('',*,*,#6606,.T.);
#6606 = EDGE_CURVE('',#6599,#6099,#6607,.T.);
#6607 = LINE('',#6608,#6609);
#6608 = CARTESIAN_POINT('',(2.54,-4.E-02,5.18));
#6609 = VECTOR('',#6610,1.);
#6610 = DIRECTION('',(0.57735026919,-0.57735026919,-0.57735026919));
#6611 = ORIENTED_EDGE('',*,*,#6098,.F.);
#6612 = PLANE('',#6613);
#6613 = AXIS2_PLACEMENT_3D('',#6614,#6615,#6616);
#6614 = CARTESIAN_POINT('',(2.18,-0.22,5.));
#6615 = DIRECTION('',(-1.735417226644E-18,-0.707106781187,0.707106781187
    ));
#6616 = DIRECTION('',(-1.,1.227125289148E-18,-1.227125289148E-18));
#6617 = ADVANCED_FACE('',(#6618),#6636,.F.);
#6618 = FACE_BOUND('',#6619,.T.);
#6619 = EDGE_LOOP('',(#6620,#6628,#6634,#6635));
#6620 = ORIENTED_EDGE('',*,*,#6621,.F.);
#6621 = EDGE_CURVE('',#6622,#6123,#6624,.T.);
#6622 = VERTEX_POINT('',#6623);
#6623 = CARTESIAN_POINT('',(2.62,0.12,5.1));
#6624 = LINE('',#6625,#6626);
#6625 = CARTESIAN_POINT('',(2.646666666667,0.146666666667,5.073333333333
    ));
#6626 = VECTOR('',#6627,1.);
#6627 = DIRECTION('',(0.57735026919,0.57735026919,-0.57735026919));
#6628 = ORIENTED_EDGE('',*,*,#6629,.T.);
#6629 = EDGE_CURVE('',#6622,#6599,#6630,.T.);
#6630 = LINE('',#6631,#6632);
#6631 = CARTESIAN_POINT('',(2.62,0.32,5.1));
#6632 = VECTOR('',#6633,1.);
#6633 = DIRECTION('',(0.,-1.,0.));
#6634 = ORIENTED_EDGE('',*,*,#6606,.T.);
#6635 = ORIENTED_EDGE('',*,*,#6130,.F.);
#6636 = PLANE('',#6637);
#6637 = AXIS2_PLACEMENT_3D('',#6638,#6639,#6640);
#6638 = CARTESIAN_POINT('',(2.72,0.32,5.));
#6639 = DIRECTION('',(-0.707106781187,-1.735417226644E-18,
    -0.707106781187));
#6640 = DIRECTION('',(-1.227125289148E-18,1.,-1.227125289148E-18));
#6641 = ADVANCED_FACE('',(#6642),#6653,.T.);
#6642 = FACE_BOUND('',#6643,.F.);
#6643 = EDGE_LOOP('',(#6644,#6645,#6646,#6647));
#6644 = ORIENTED_EDGE('',*,*,#6566,.F.);
#6645 = ORIENTED_EDGE('',*,*,#6148,.T.);
#6646 = ORIENTED_EDGE('',*,*,#6621,.F.);
#6647 = ORIENTED_EDGE('',*,*,#6648,.F.);
#6648 = EDGE_CURVE('',#6567,#6622,#6649,.T.);
#6649 = LINE('',#6650,#6651);
#6650 = CARTESIAN_POINT('',(2.18,0.12,5.1));
#6651 = VECTOR('',#6652,1.);
#6652 = DIRECTION('',(1.,0.,0.));
#6653 = PLANE('',#6654);
#6654 = AXIS2_PLACEMENT_3D('',#6655,#6656,#6657);
#6655 = CARTESIAN_POINT('',(2.18,0.22,5.));
#6656 = DIRECTION('',(1.735417226644E-18,0.707106781187,0.707106781187)
  );
#6657 = DIRECTION('',(-1.,1.227125289148E-18,1.227125289148E-18));
#6658 = ADVANCED_FACE('',(#6659),#6684,.T.);
#6659 = FACE_BOUND('',#6660,.F.);
#6660 = EDGE_LOOP('',(#6661,#6669,#6677,#6683));
#6661 = ORIENTED_EDGE('',*,*,#6662,.F.);
#6662 = EDGE_CURVE('',#6663,#6163,#6665,.T.);
#6663 = VERTEX_POINT('',#6664);
#6664 = CARTESIAN_POINT('',(-0.12,-0.12,5.1));
#6665 = LINE('',#6666,#6667);
#6666 = CARTESIAN_POINT('',(-0.146666666667,-0.146666666667,
    5.073333333333));
#6667 = VECTOR('',#6668,1.);
#6668 = DIRECTION('',(-0.57735026919,-0.57735026919,-0.57735026919));
#6669 = ORIENTED_EDGE('',*,*,#6670,.T.);
#6670 = EDGE_CURVE('',#6663,#6671,#6673,.T.);
#6671 = VERTEX_POINT('',#6672);
#6672 = CARTESIAN_POINT('',(0.12,-0.12,5.1));
#6673 = LINE('',#6674,#6675);
#6674 = CARTESIAN_POINT('',(-0.32,-0.12,5.1));
#6675 = VECTOR('',#6676,1.);
#6676 = DIRECTION('',(1.,0.,0.));
#6677 = ORIENTED_EDGE('',*,*,#6678,.T.);
#6678 = EDGE_CURVE('',#6671,#6171,#6679,.T.);
#6679 = LINE('',#6680,#6681);
#6680 = CARTESIAN_POINT('',(4.E-02,-4.E-02,5.18));
#6681 = VECTOR('',#6682,1.);
#6682 = DIRECTION('',(0.57735026919,-0.57735026919,-0.57735026919));
#6683 = ORIENTED_EDGE('',*,*,#6170,.F.);
#6684 = PLANE('',#6685);
#6685 = AXIS2_PLACEMENT_3D('',#6686,#6687,#6688);
#6686 = CARTESIAN_POINT('',(-0.32,-0.22,5.));
#6687 = DIRECTION('',(-1.735417226644E-18,-0.707106781187,0.707106781187
    ));
#6688 = DIRECTION('',(-1.,1.227125289148E-18,-1.227125289148E-18));
#6689 = ADVANCED_FACE('',(#6690),#6708,.F.);
#6690 = FACE_BOUND('',#6691,.T.);
#6691 = EDGE_LOOP('',(#6692,#6700,#6706,#6707));
#6692 = ORIENTED_EDGE('',*,*,#6693,.F.);
#6693 = EDGE_CURVE('',#6694,#6195,#6696,.T.);
#6694 = VERTEX_POINT('',#6695);
#6695 = CARTESIAN_POINT('',(0.12,0.12,5.1));
#6696 = LINE('',#6697,#6698);
#6697 = CARTESIAN_POINT('',(0.146666666667,0.146666666667,5.073333333333
    ));
#6698 = VECTOR('',#6699,1.);
#6699 = DIRECTION('',(0.57735026919,0.57735026919,-0.57735026919));
#6700 = ORIENTED_EDGE('',*,*,#6701,.T.);
#6701 = EDGE_CURVE('',#6694,#6671,#6702,.T.);
#6702 = LINE('',#6703,#6704);
#6703 = CARTESIAN_POINT('',(0.12,0.32,5.1));
#6704 = VECTOR('',#6705,1.);
#6705 = DIRECTION('',(0.,-1.,0.));
#6706 = ORIENTED_EDGE('',*,*,#6678,.T.);
#6707 = ORIENTED_EDGE('',*,*,#6202,.F.);
#6708 = PLANE('',#6709);
#6709 = AXIS2_PLACEMENT_3D('',#6710,#6711,#6712);
#6710 = CARTESIAN_POINT('',(0.22,0.32,5.));
#6711 = DIRECTION('',(-0.707106781187,-1.735417226644E-18,
    -0.707106781187));
#6712 = DIRECTION('',(-1.227125289148E-18,1.,-1.227125289148E-18));
#6713 = ADVANCED_FACE('',(#6714),#6732,.T.);
#6714 = FACE_BOUND('',#6715,.F.);
#6715 = EDGE_LOOP('',(#6716,#6724,#6725,#6726));
#6716 = ORIENTED_EDGE('',*,*,#6717,.T.);
#6717 = EDGE_CURVE('',#6718,#6218,#6720,.T.);
#6718 = VERTEX_POINT('',#6719);
#6719 = CARTESIAN_POINT('',(-0.12,0.12,5.1));
#6720 = LINE('',#6721,#6722);
#6721 = CARTESIAN_POINT('',(-0.253333333333,0.253333333333,
    4.966666666667));
#6722 = VECTOR('',#6723,1.);
#6723 = DIRECTION('',(-0.57735026919,0.57735026919,-0.57735026919));
#6724 = ORIENTED_EDGE('',*,*,#6227,.T.);
#6725 = ORIENTED_EDGE('',*,*,#6693,.F.);
#6726 = ORIENTED_EDGE('',*,*,#6727,.F.);
#6727 = EDGE_CURVE('',#6718,#6694,#6728,.T.);
#6728 = LINE('',#6729,#6730);
#6729 = CARTESIAN_POINT('',(-0.32,0.12,5.1));
#6730 = VECTOR('',#6731,1.);
#6731 = DIRECTION('',(1.,0.,0.));
#6732 = PLANE('',#6733);
#6733 = AXIS2_PLACEMENT_3D('',#6734,#6735,#6736);
#6734 = CARTESIAN_POINT('',(-0.32,0.22,5.));
#6735 = DIRECTION('',(1.735417226644E-18,0.707106781187,0.707106781187)
  );
#6736 = DIRECTION('',(-1.,1.227125289148E-18,1.227125289148E-18));
#6737 = ADVANCED_FACE('',(#6738),#6749,.T.);
#6738 = FACE_BOUND('',#6739,.F.);
#6739 = EDGE_LOOP('',(#6740,#6741,#6747,#6748));
#6740 = ORIENTED_EDGE('',*,*,#6717,.F.);
#6741 = ORIENTED_EDGE('',*,*,#6742,.T.);
#6742 = EDGE_CURVE('',#6718,#6663,#6743,.T.);
#6743 = LINE('',#6744,#6745);
#6744 = CARTESIAN_POINT('',(-0.12,0.32,5.1));
#6745 = VECTOR('',#6746,1.);
#6746 = DIRECTION('',(0.,-1.,0.));
#6747 = ORIENTED_EDGE('',*,*,#6662,.T.);
#6748 = ORIENTED_EDGE('',*,*,#6243,.F.);
#6749 = PLANE('',#6750);
#6750 = AXIS2_PLACEMENT_3D('',#6751,#6752,#6753);
#6751 = CARTESIAN_POINT('',(-0.22,0.32,5.));
#6752 = DIRECTION('',(-0.707106781187,1.735417226644E-18,0.707106781187)
  );
#6753 = DIRECTION('',(1.227125289148E-18,1.,-1.227125289148E-18));
#6754 = ADVANCED_FACE('',(#6755),#6780,.F.);
#6755 = FACE_BOUND('',#6756,.T.);
#6756 = EDGE_LOOP('',(#6757,#6765,#6773,#6779));
#6757 = ORIENTED_EDGE('',*,*,#6758,.F.);
#6758 = EDGE_CURVE('',#6759,#6260,#6761,.T.);
#6759 = VERTEX_POINT('',#6760);
#6760 = CARTESIAN_POINT('',(7.62,0.12,5.1));
#6761 = LINE('',#6762,#6763);
#6762 = CARTESIAN_POINT('',(7.646666666667,0.146666666667,5.073333333333
    ));
#6763 = VECTOR('',#6764,1.);
#6764 = DIRECTION('',(0.57735026919,0.57735026919,-0.57735026919));
#6765 = ORIENTED_EDGE('',*,*,#6766,.T.);
#6766 = EDGE_CURVE('',#6759,#6767,#6769,.T.);
#6767 = VERTEX_POINT('',#6768);
#6768 = CARTESIAN_POINT('',(7.62,-0.12,5.1));
#6769 = LINE('',#6770,#6771);
#6770 = CARTESIAN_POINT('',(7.62,0.32,5.1));
#6771 = VECTOR('',#6772,1.);
#6772 = DIRECTION('',(0.,-1.,0.));
#6773 = ORIENTED_EDGE('',*,*,#6774,.T.);
#6774 = EDGE_CURVE('',#6767,#6268,#6775,.T.);
#6775 = LINE('',#6776,#6777);
#6776 = CARTESIAN_POINT('',(7.54,-4.E-02,5.18));
#6777 = VECTOR('',#6778,1.);
#6778 = DIRECTION('',(0.57735026919,-0.57735026919,-0.57735026919));
#6779 = ORIENTED_EDGE('',*,*,#6267,.F.);
#6780 = PLANE('',#6781);
#6781 = AXIS2_PLACEMENT_3D('',#6782,#6783,#6784);
#6782 = CARTESIAN_POINT('',(7.72,0.32,5.));
#6783 = DIRECTION('',(-0.707106781187,-1.735417226644E-18,
    -0.707106781187));
#6784 = DIRECTION('',(-1.227125289148E-18,1.,-1.227125289148E-18));
#6785 = ADVANCED_FACE('',(#6786),#6804,.T.);
#6786 = FACE_BOUND('',#6787,.F.);
#6787 = EDGE_LOOP('',(#6788,#6796,#6797,#6798));
#6788 = ORIENTED_EDGE('',*,*,#6789,.T.);
#6789 = EDGE_CURVE('',#6790,#6290,#6792,.T.);
#6790 = VERTEX_POINT('',#6791);
#6791 = CARTESIAN_POINT('',(7.38,0.12,5.1));
#6792 = LINE('',#6793,#6794);
#6793 = CARTESIAN_POINT('',(7.246666666667,0.253333333333,4.966666666667
    ));
#6794 = VECTOR('',#6795,1.);
#6795 = DIRECTION('',(-0.57735026919,0.57735026919,-0.57735026919));
#6796 = ORIENTED_EDGE('',*,*,#6299,.T.);
#6797 = ORIENTED_EDGE('',*,*,#6758,.F.);
#6798 = ORIENTED_EDGE('',*,*,#6799,.F.);
#6799 = EDGE_CURVE('',#6790,#6759,#6800,.T.);
#6800 = LINE('',#6801,#6802);
#6801 = CARTESIAN_POINT('',(7.18,0.12,5.1));
#6802 = VECTOR('',#6803,1.);
#6803 = DIRECTION('',(1.,0.,0.));
#6804 = PLANE('',#6805);
#6805 = AXIS2_PLACEMENT_3D('',#6806,#6807,#6808);
#6806 = CARTESIAN_POINT('',(7.18,0.22,5.));
#6807 = DIRECTION('',(1.735417226644E-18,0.707106781187,0.707106781187)
  );
#6808 = DIRECTION('',(-1.,1.227125289148E-18,1.227125289148E-18));
#6809 = ADVANCED_FACE('',(#6810),#6828,.T.);
#6810 = FACE_BOUND('',#6811,.F.);
#6811 = EDGE_LOOP('',(#6812,#6813,#6821,#6827));
#6812 = ORIENTED_EDGE('',*,*,#6789,.F.);
#6813 = ORIENTED_EDGE('',*,*,#6814,.T.);
#6814 = EDGE_CURVE('',#6790,#6815,#6817,.T.);
#6815 = VERTEX_POINT('',#6816);
#6816 = CARTESIAN_POINT('',(7.38,-0.12,5.1));
#6817 = LINE('',#6818,#6819);
#6818 = CARTESIAN_POINT('',(7.38,0.32,5.1));
#6819 = VECTOR('',#6820,1.);
#6820 = DIRECTION('',(0.,-1.,0.));
#6821 = ORIENTED_EDGE('',*,*,#6822,.T.);
#6822 = EDGE_CURVE('',#6815,#6316,#6823,.T.);
#6823 = LINE('',#6824,#6825);
#6824 = CARTESIAN_POINT('',(7.353333333333,-0.146666666667,
    5.073333333333));
#6825 = VECTOR('',#6826,1.);
#6826 = DIRECTION('',(-0.57735026919,-0.57735026919,-0.57735026919));
#6827 = ORIENTED_EDGE('',*,*,#6315,.F.);
#6828 = PLANE('',#6829);
#6829 = AXIS2_PLACEMENT_3D('',#6830,#6831,#6832);
#6830 = CARTESIAN_POINT('',(7.28,0.32,5.));
#6831 = DIRECTION('',(-0.707106781187,1.735417226644E-18,0.707106781187)
  );
#6832 = DIRECTION('',(1.227125289148E-18,1.,-1.227125289148E-18));
#6833 = ADVANCED_FACE('',(#6834),#6845,.T.);
#6834 = FACE_BOUND('',#6835,.F.);
#6835 = EDGE_LOOP('',(#6836,#6837,#6843,#6844));
#6836 = ORIENTED_EDGE('',*,*,#6822,.F.);
#6837 = ORIENTED_EDGE('',*,*,#6838,.T.);
#6838 = EDGE_CURVE('',#6815,#6767,#6839,.T.);
#6839 = LINE('',#6840,#6841);
#6840 = CARTESIAN_POINT('',(7.18,-0.12,5.1));
#6841 = VECTOR('',#6842,1.);
#6842 = DIRECTION('',(1.,0.,0.));
#6843 = ORIENTED_EDGE('',*,*,#6774,.T.);
#6844 = ORIENTED_EDGE('',*,*,#6338,.F.);
#6845 = PLANE('',#6846);
#6846 = AXIS2_PLACEMENT_3D('',#6847,#6848,#6849);
#6847 = CARTESIAN_POINT('',(7.18,-0.22,5.));
#6848 = DIRECTION('',(-1.735417226644E-18,-0.707106781187,0.707106781187
    ));
#6849 = DIRECTION('',(-1.,1.227125289148E-18,-1.227125289148E-18));
#6850 = ADVANCED_FACE('',(#6851),#6857,.F.);
#6851 = FACE_BOUND('',#6852,.F.);
#6852 = EDGE_LOOP('',(#6853,#6854,#6855,#6856));
#6853 = ORIENTED_EDGE('',*,*,#6533,.T.);
#6854 = ORIENTED_EDGE('',*,*,#6502,.F.);
#6855 = ORIENTED_EDGE('',*,*,#6478,.F.);
#6856 = ORIENTED_EDGE('',*,*,#6552,.T.);
#6857 = PLANE('',#6858);
#6858 = AXIS2_PLACEMENT_3D('',#6859,#6860,#6861);
#6859 = CARTESIAN_POINT('',(4.68,0.32,5.1));
#6860 = DIRECTION('',(0.,0.,-1.));
#6861 = DIRECTION('',(0.,-1.,0.));
#6862 = ADVANCED_FACE('',(#6863),#6869,.F.);
#6863 = FACE_BOUND('',#6864,.F.);
#6864 = EDGE_LOOP('',(#6865,#6866,#6867,#6868));
#6865 = ORIENTED_EDGE('',*,*,#6629,.T.);
#6866 = ORIENTED_EDGE('',*,*,#6598,.F.);
#6867 = ORIENTED_EDGE('',*,*,#6574,.F.);
#6868 = ORIENTED_EDGE('',*,*,#6648,.T.);
#6869 = PLANE('',#6870);
#6870 = AXIS2_PLACEMENT_3D('',#6871,#6872,#6873);
#6871 = CARTESIAN_POINT('',(2.18,0.32,5.1));
#6872 = DIRECTION('',(0.,0.,-1.));
#6873 = DIRECTION('',(0.,-1.,0.));
#6874 = ADVANCED_FACE('',(#6875),#6881,.F.);
#6875 = FACE_BOUND('',#6876,.F.);
#6876 = EDGE_LOOP('',(#6877,#6878,#6879,#6880));
#6877 = ORIENTED_EDGE('',*,*,#6670,.F.);
#6878 = ORIENTED_EDGE('',*,*,#6742,.F.);
#6879 = ORIENTED_EDGE('',*,*,#6727,.T.);
#6880 = ORIENTED_EDGE('',*,*,#6701,.T.);
#6881 = PLANE('',#6882);
#6882 = AXIS2_PLACEMENT_3D('',#6883,#6884,#6885);
#6883 = CARTESIAN_POINT('',(-0.32,0.32,5.1));
#6884 = DIRECTION('',(0.,0.,-1.));
#6885 = DIRECTION('',(0.,-1.,0.));
#6886 = ADVANCED_FACE('',(#6887),#6893,.F.);
#6887 = FACE_BOUND('',#6888,.F.);
#6888 = EDGE_LOOP('',(#6889,#6890,#6891,#6892));
#6889 = ORIENTED_EDGE('',*,*,#6838,.F.);
#6890 = ORIENTED_EDGE('',*,*,#6814,.F.);
#6891 = ORIENTED_EDGE('',*,*,#6799,.T.);
#6892 = ORIENTED_EDGE('',*,*,#6766,.T.);
#6893 = PLANE('',#6894);
#6894 = AXIS2_PLACEMENT_3D('',#6895,#6896,#6897);
#6895 = CARTESIAN_POINT('',(7.18,0.32,5.1));
#6896 = DIRECTION('',(0.,0.,-1.));
#6897 = DIRECTION('',(0.,-1.,0.));
#6898 = ( GEOMETRIC_REPRESENTATION_CONTEXT(3) 
GLOBAL_UNCERTAINTY_ASSIGNED_CONTEXT((#6902)) 
GLOBAL_UNIT_ASSIGNED_CONTEXT((#6899,#6900,#6901)) REPRESENTATION_CONTEXT
('Context #1','3D Context with UNIT and UNCERTAINTY') );
#6899 = ( LENGTH_UNIT() NAMED_UNIT(*) SI_UNIT(.MILLI.,.METRE.) );
#6900 = ( NAMED_UNIT(*) PLANE_ANGLE_UNIT() SI_UNIT($,.RADIAN.) );
#6901 = ( NAMED_UNIT(*) SI_UNIT($,.STERADIAN.) SOLID_ANGLE_UNIT() );
#6902 = UNCERTAINTY_MEASURE_WITH_UNIT(LENGTH_MEASURE(1.E-07),#6899,
  'distance_accuracy_value','confusion accuracy');
#6903 = CONTEXT_DEPENDENT_SHAPE_REPRESENTATION(#6904,#6906);
#6904 = ( REPRESENTATION_RELATIONSHIP('','',#3187,#10) 
REPRESENTATION_RELATIONSHIP_WITH_TRANSFORMATION(#6905) 
SHAPE_REPRESENTATION_RELATIONSHIP() );
#6905 = ITEM_DEFINED_TRANSFORMATION('','',#11,#39);
#6906 = PRODUCT_DEFINITION_SHAPE('Placement','Placement of an item',
  #6907);
#6907 = NEXT_ASSEMBLY_USAGE_OCCURRENCE('7','J3','',#5,#3182,$);
#6908 = PRODUCT_RELATED_PRODUCT_CATEGORY('part',$,(#3184));
#6909 = SHAPE_DEFINITION_REPRESENTATION(#6910,#6916);
#6910 = PRODUCT_DEFINITION_SHAPE('','',#6911);
#6911 = PRODUCT_DEFINITION('design','',#6912,#6915);
#6912 = PRODUCT_DEFINITION_FORMATION('','',#6913);
#6913 = PRODUCT('gps drone module_PCB','gps drone module_PCB','',(#6914)
  );
#6914 = PRODUCT_CONTEXT('',#2,'mechanical');
#6915 = PRODUCT_DEFINITION_CONTEXT('part definition',#2,'design');
#6916 = ADVANCED_BREP_SHAPE_REPRESENTATION('',(#11,#6917),#7262);
#6917 = MANIFOLD_SOLID_BREP('',#6918);
#6918 = CLOSED_SHELL('',(#6919,#6959,#6990,#7021,#7093,#7165,#7177,#7194
    ,#7211,#7228,#7245));
#6919 = ADVANCED_FACE('',(#6920),#6954,.T.);
#6920 = FACE_BOUND('',#6921,.T.);
#6921 = EDGE_LOOP('',(#6922,#6932,#6940,#6948));
#6922 = ORIENTED_EDGE('',*,*,#6923,.T.);
#6923 = EDGE_CURVE('',#6924,#6926,#6928,.T.);
#6924 = VERTEX_POINT('',#6925);
#6925 = CARTESIAN_POINT('',(96.5,-75.5,0.));
#6926 = VERTEX_POINT('',#6927);
#6927 = CARTESIAN_POINT('',(96.5,-75.5,1.51));
#6928 = LINE('',#6929,#6930);
#6929 = CARTESIAN_POINT('',(96.5,-75.5,0.));
#6930 = VECTOR('',#6931,1.);
#6931 = DIRECTION('',(0.,0.,1.));
#6932 = ORIENTED_EDGE('',*,*,#6933,.T.);
#6933 = EDGE_CURVE('',#6926,#6934,#6936,.T.);
#6934 = VERTEX_POINT('',#6935);
#6935 = CARTESIAN_POINT('',(73.5,-75.5,1.51));
#6936 = LINE('',#6937,#6938);
#6937 = CARTESIAN_POINT('',(96.5,-75.5,1.51));
#6938 = VECTOR('',#6939,1.);
#6939 = DIRECTION('',(-1.,0.,0.));
#6940 = ORIENTED_EDGE('',*,*,#6941,.F.);
#6941 = EDGE_CURVE('',#6942,#6934,#6944,.T.);
#6942 = VERTEX_POINT('',#6943);
#6943 = CARTESIAN_POINT('',(73.5,-75.5,0.));
#6944 = LINE('',#6945,#6946);
#6945 = CARTESIAN_POINT('',(73.5,-75.5,0.));
#6946 = VECTOR('',#6947,1.);
#6947 = DIRECTION('',(0.,0.,1.));
#6948 = ORIENTED_EDGE('',*,*,#6949,.F.);
#6949 = EDGE_CURVE('',#6924,#6942,#6950,.T.);
#6950 = LINE('',#6951,#6952);
#6951 = CARTESIAN_POINT('',(96.5,-75.5,0.));
#6952 = VECTOR('',#6953,1.);
#6953 = DIRECTION('',(-1.,0.,0.));
#6954 = PLANE('',#6955);
#6955 = AXIS2_PLACEMENT_3D('',#6956,#6957,#6958);
#6956 = CARTESIAN_POINT('',(96.5,-75.5,0.));
#6957 = DIRECTION('',(0.,-1.,0.));
#6958 = DIRECTION('',(-1.,0.,0.));
#6959 = ADVANCED_FACE('',(#6960),#6985,.T.);
#6960 = FACE_BOUND('',#6961,.T.);
#6961 = EDGE_LOOP('',(#6962,#6972,#6978,#6979));
#6962 = ORIENTED_EDGE('',*,*,#6963,.T.);
#6963 = EDGE_CURVE('',#6964,#6966,#6968,.T.);
#6964 = VERTEX_POINT('',#6965);
#6965 = CARTESIAN_POINT('',(96.5,-50.5,0.));
#6966 = VERTEX_POINT('',#6967);
#6967 = CARTESIAN_POINT('',(96.5,-50.5,1.51));
#6968 = LINE('',#6969,#6970);
#6969 = CARTESIAN_POINT('',(96.5,-50.5,0.));
#6970 = VECTOR('',#6971,1.);
#6971 = DIRECTION('',(0.,0.,1.));
#6972 = ORIENTED_EDGE('',*,*,#6973,.T.);
#6973 = EDGE_CURVE('',#6966,#6926,#6974,.T.);
#6974 = LINE('',#6975,#6976);
#6975 = CARTESIAN_POINT('',(96.5,-50.5,1.51));
#6976 = VECTOR('',#6977,1.);
#6977 = DIRECTION('',(0.,-1.,0.));
#6978 = ORIENTED_EDGE('',*,*,#6923,.F.);
#6979 = ORIENTED_EDGE('',*,*,#6980,.F.);
#6980 = EDGE_CURVE('',#6964,#6924,#6981,.T.);
#6981 = LINE('',#6982,#6983);
#6982 = CARTESIAN_POINT('',(96.5,-50.5,0.));
#6983 = VECTOR('',#6984,1.);
#6984 = DIRECTION('',(0.,-1.,0.));
#6985 = PLANE('',#6986);
#6986 = AXIS2_PLACEMENT_3D('',#6987,#6988,#6989);
#6987 = CARTESIAN_POINT('',(96.5,-50.5,0.));
#6988 = DIRECTION('',(1.,0.,-0.));
#6989 = DIRECTION('',(0.,-1.,0.));
#6990 = ADVANCED_FACE('',(#6991),#7016,.T.);
#6991 = FACE_BOUND('',#6992,.T.);
#6992 = EDGE_LOOP('',(#6993,#6994,#7002,#7010));
#6993 = ORIENTED_EDGE('',*,*,#6941,.T.);
#6994 = ORIENTED_EDGE('',*,*,#6995,.T.);
#6995 = EDGE_CURVE('',#6934,#6996,#6998,.T.);
#6996 = VERTEX_POINT('',#6997);
#6997 = CARTESIAN_POINT('',(73.5,-50.5,1.51));
#6998 = LINE('',#6999,#7000);
#6999 = CARTESIAN_POINT('',(73.5,-75.5,1.51));
#7000 = VECTOR('',#7001,1.);
#7001 = DIRECTION('',(0.,1.,0.));
#7002 = ORIENTED_EDGE('',*,*,#7003,.F.);
#7003 = EDGE_CURVE('',#7004,#6996,#7006,.T.);
#7004 = VERTEX_POINT('',#7005);
#7005 = CARTESIAN_POINT('',(73.5,-50.5,0.));
#7006 = LINE('',#7007,#7008);
#7007 = CARTESIAN_POINT('',(73.5,-50.5,0.));
#7008 = VECTOR('',#7009,1.);
#7009 = DIRECTION('',(0.,0.,1.));
#7010 = ORIENTED_EDGE('',*,*,#7011,.F.);
#7011 = EDGE_CURVE('',#6942,#7004,#7012,.T.);
#7012 = LINE('',#7013,#7014);
#7013 = CARTESIAN_POINT('',(73.5,-75.5,0.));
#7014 = VECTOR('',#7015,1.);
#7015 = DIRECTION('',(0.,1.,0.));
#7016 = PLANE('',#7017);
#7017 = AXIS2_PLACEMENT_3D('',#7018,#7019,#7020);
#7018 = CARTESIAN_POINT('',(73.5,-75.5,0.));
#7019 = DIRECTION('',(-1.,0.,0.));
#7020 = DIRECTION('',(0.,1.,0.));
#7021 = ADVANCED_FACE('',(#7022,#7033,#7044,#7055,#7066,#7077),#7088,.F.
  );
#7022 = FACE_BOUND('',#7023,.F.);
#7023 = EDGE_LOOP('',(#7024,#7025,#7026,#7032));
#7024 = ORIENTED_EDGE('',*,*,#6949,.F.);
#7025 = ORIENTED_EDGE('',*,*,#6980,.F.);
#7026 = ORIENTED_EDGE('',*,*,#7027,.F.);
#7027 = EDGE_CURVE('',#7004,#6964,#7028,.T.);
#7028 = LINE('',#7029,#7030);
#7029 = CARTESIAN_POINT('',(73.5,-50.5,0.));
#7030 = VECTOR('',#7031,1.);
#7031 = DIRECTION('',(1.,0.,0.));
#7032 = ORIENTED_EDGE('',*,*,#7011,.F.);
#7033 = FACE_BOUND('',#7034,.F.);
#7034 = EDGE_LOOP('',(#7035));
#7035 = ORIENTED_EDGE('',*,*,#7036,.T.);
#7036 = EDGE_CURVE('',#7037,#7037,#7039,.T.);
#7037 = VERTEX_POINT('',#7038);
#7038 = CARTESIAN_POINT('',(80.,-73.275,0.));
#7039 = CIRCLE('',#7040,0.475);
#7040 = AXIS2_PLACEMENT_3D('',#7041,#7042,#7043);
#7041 = CARTESIAN_POINT('',(80.,-72.8,0.));
#7042 = DIRECTION('',(-0.,0.,-1.));
#7043 = DIRECTION('',(-0.,-1.,0.));
#7044 = FACE_BOUND('',#7045,.F.);
#7045 = EDGE_LOOP('',(#7046));
#7046 = ORIENTED_EDGE('',*,*,#7047,.T.);
#7047 = EDGE_CURVE('',#7048,#7048,#7050,.T.);
#7048 = VERTEX_POINT('',#7049);
#7049 = CARTESIAN_POINT('',(82.5,-73.275,0.));
#7050 = CIRCLE('',#7051,0.475);
#7051 = AXIS2_PLACEMENT_3D('',#7052,#7053,#7054);
#7052 = CARTESIAN_POINT('',(82.5,-72.8,0.));
#7053 = DIRECTION('',(-0.,0.,-1.));
#7054 = DIRECTION('',(-0.,-1.,0.));
#7055 = FACE_BOUND('',#7056,.F.);
#7056 = EDGE_LOOP('',(#7057));
#7057 = ORIENTED_EDGE('',*,*,#7058,.T.);
#7058 = EDGE_CURVE('',#7059,#7059,#7061,.T.);
#7059 = VERTEX_POINT('',#7060);
#7060 = CARTESIAN_POINT('',(85.,-73.275,0.));
#7061 = CIRCLE('',#7062,0.475);
#7062 = AXIS2_PLACEMENT_3D('',#7063,#7064,#7065);
#7063 = CARTESIAN_POINT('',(85.,-72.8,0.));
#7064 = DIRECTION('',(-0.,0.,-1.));
#7065 = DIRECTION('',(-0.,-1.,0.));
#7066 = FACE_BOUND('',#7067,.F.);
#7067 = EDGE_LOOP('',(#7068));
#7068 = ORIENTED_EDGE('',*,*,#7069,.T.);
#7069 = EDGE_CURVE('',#7070,#7070,#7072,.T.);
#7070 = VERTEX_POINT('',#7071);
#7071 = CARTESIAN_POINT('',(87.5,-73.275,0.));
#7072 = CIRCLE('',#7073,0.475);
#7073 = AXIS2_PLACEMENT_3D('',#7074,#7075,#7076);
#7074 = CARTESIAN_POINT('',(87.5,-72.8,0.));
#7075 = DIRECTION('',(-0.,0.,-1.));
#7076 = DIRECTION('',(-0.,-1.,0.));
#7077 = FACE_BOUND('',#7078,.F.);
#7078 = EDGE_LOOP('',(#7079));
#7079 = ORIENTED_EDGE('',*,*,#7080,.T.);
#7080 = EDGE_CURVE('',#7081,#7081,#7083,.T.);
#7081 = VERTEX_POINT('',#7082);
#7082 = CARTESIAN_POINT('',(76.,-70.75,0.));
#7083 = CIRCLE('',#7084,0.25);
#7084 = AXIS2_PLACEMENT_3D('',#7085,#7086,#7087);
#7085 = CARTESIAN_POINT('',(76.,-70.5,0.));
#7086 = DIRECTION('',(-0.,0.,-1.));
#7087 = DIRECTION('',(-0.,-1.,0.));
#7088 = PLANE('',#7089);
#7089 = AXIS2_PLACEMENT_3D('',#7090,#7091,#7092);
#7090 = CARTESIAN_POINT('',(0.,0.,0.));
#7091 = DIRECTION('',(0.,0.,1.));
#7092 = DIRECTION('',(1.,0.,-0.));
#7093 = ADVANCED_FACE('',(#7094,#7105,#7116,#7127,#7138,#7149),#7160,.T.
  );
#7094 = FACE_BOUND('',#7095,.T.);
#7095 = EDGE_LOOP('',(#7096,#7097,#7098,#7104));
#7096 = ORIENTED_EDGE('',*,*,#6933,.F.);
#7097 = ORIENTED_EDGE('',*,*,#6973,.F.);
#7098 = ORIENTED_EDGE('',*,*,#7099,.F.);
#7099 = EDGE_CURVE('',#6996,#6966,#7100,.T.);
#7100 = LINE('',#7101,#7102);
#7101 = CARTESIAN_POINT('',(73.5,-50.5,1.51));
#7102 = VECTOR('',#7103,1.);
#7103 = DIRECTION('',(1.,0.,0.));
#7104 = ORIENTED_EDGE('',*,*,#6995,.F.);
#7105 = FACE_BOUND('',#7106,.T.);
#7106 = EDGE_LOOP('',(#7107));
#7107 = ORIENTED_EDGE('',*,*,#7108,.T.);
#7108 = EDGE_CURVE('',#7109,#7109,#7111,.T.);
#7109 = VERTEX_POINT('',#7110);
#7110 = CARTESIAN_POINT('',(80.,-73.275,1.51));
#7111 = CIRCLE('',#7112,0.475);
#7112 = AXIS2_PLACEMENT_3D('',#7113,#7114,#7115);
#7113 = CARTESIAN_POINT('',(80.,-72.8,1.51));
#7114 = DIRECTION('',(-0.,0.,-1.));
#7115 = DIRECTION('',(-0.,-1.,0.));
#7116 = FACE_BOUND('',#7117,.T.);
#7117 = EDGE_LOOP('',(#7118));
#7118 = ORIENTED_EDGE('',*,*,#7119,.T.);
#7119 = EDGE_CURVE('',#7120,#7120,#7122,.T.);
#7120 = VERTEX_POINT('',#7121);
#7121 = CARTESIAN_POINT('',(82.5,-73.275,1.51));
#7122 = CIRCLE('',#7123,0.475);
#7123 = AXIS2_PLACEMENT_3D('',#7124,#7125,#7126);
#7124 = CARTESIAN_POINT('',(82.5,-72.8,1.51));
#7125 = DIRECTION('',(-0.,0.,-1.));
#7126 = DIRECTION('',(-0.,-1.,0.));
#7127 = FACE_BOUND('',#7128,.T.);
#7128 = EDGE_LOOP('',(#7129));
#7129 = ORIENTED_EDGE('',*,*,#7130,.T.);
#7130 = EDGE_CURVE('',#7131,#7131,#7133,.T.);
#7131 = VERTEX_POINT('',#7132);
#7132 = CARTESIAN_POINT('',(85.,-73.275,1.51));
#7133 = CIRCLE('',#7134,0.475);
#7134 = AXIS2_PLACEMENT_3D('',#7135,#7136,#7137);
#7135 = CARTESIAN_POINT('',(85.,-72.8,1.51));
#7136 = DIRECTION('',(-0.,0.,-1.));
#7137 = DIRECTION('',(-0.,-1.,0.));
#7138 = FACE_BOUND('',#7139,.T.);
#7139 = EDGE_LOOP('',(#7140));
#7140 = ORIENTED_EDGE('',*,*,#7141,.T.);
#7141 = EDGE_CURVE('',#7142,#7142,#7144,.T.);
#7142 = VERTEX_POINT('',#7143);
#7143 = CARTESIAN_POINT('',(87.5,-73.275,1.51));
#7144 = CIRCLE('',#7145,0.475);
#7145 = AXIS2_PLACEMENT_3D('',#7146,#7147,#7148);
#7146 = CARTESIAN_POINT('',(87.5,-72.8,1.51));
#7147 = DIRECTION('',(-0.,0.,-1.));
#7148 = DIRECTION('',(-0.,-1.,0.));
#7149 = FACE_BOUND('',#7150,.T.);
#7150 = EDGE_LOOP('',(#7151));
#7151 = ORIENTED_EDGE('',*,*,#7152,.T.);
#7152 = EDGE_CURVE('',#7153,#7153,#7155,.T.);
#7153 = VERTEX_POINT('',#7154);
#7154 = CARTESIAN_POINT('',(76.,-70.75,1.51));
#7155 = CIRCLE('',#7156,0.25);
#7156 = AXIS2_PLACEMENT_3D('',#7157,#7158,#7159);
#7157 = CARTESIAN_POINT('',(76.,-70.5,1.51));
#7158 = DIRECTION('',(-0.,0.,-1.));
#7159 = DIRECTION('',(-0.,-1.,0.));
#7160 = PLANE('',#7161);
#7161 = AXIS2_PLACEMENT_3D('',#7162,#7163,#7164);
#7162 = CARTESIAN_POINT('',(0.,0.,1.51));
#7163 = DIRECTION('',(0.,0.,1.));
#7164 = DIRECTION('',(1.,0.,-0.));
#7165 = ADVANCED_FACE('',(#7166),#7172,.T.);
#7166 = FACE_BOUND('',#7167,.T.);
#7167 = EDGE_LOOP('',(#7168,#7169,#7170,#7171));
#7168 = ORIENTED_EDGE('',*,*,#7003,.T.);
#7169 = ORIENTED_EDGE('',*,*,#7099,.T.);
#7170 = ORIENTED_EDGE('',*,*,#6963,.F.);
#7171 = ORIENTED_EDGE('',*,*,#7027,.F.);
#7172 = PLANE('',#7173);
#7173 = AXIS2_PLACEMENT_3D('',#7174,#7175,#7176);
#7174 = CARTESIAN_POINT('',(73.5,-50.5,0.));
#7175 = DIRECTION('',(0.,1.,0.));
#7176 = DIRECTION('',(1.,0.,0.));
#7177 = ADVANCED_FACE('',(#7178),#7189,.F.);
#7178 = FACE_BOUND('',#7179,.T.);
#7179 = EDGE_LOOP('',(#7180,#7181,#7187,#7188));
#7180 = ORIENTED_EDGE('',*,*,#7036,.T.);
#7181 = ORIENTED_EDGE('',*,*,#7182,.T.);
#7182 = EDGE_CURVE('',#7037,#7109,#7183,.T.);
#7183 = LINE('',#7184,#7185);
#7184 = CARTESIAN_POINT('',(80.,-73.275,-4.6E-02));
#7185 = VECTOR('',#7186,1.);
#7186 = DIRECTION('',(0.,0.,1.));
#7187 = ORIENTED_EDGE('',*,*,#7108,.F.);
#7188 = ORIENTED_EDGE('',*,*,#7182,.F.);
#7189 = CYLINDRICAL_SURFACE('',#7190,0.475);
#7190 = AXIS2_PLACEMENT_3D('',#7191,#7192,#7193);
#7191 = CARTESIAN_POINT('',(80.,-72.8,-4.6E-02));
#7192 = DIRECTION('',(-0.,-0.,-1.));
#7193 = DIRECTION('',(-0.,-1.,0.));
#7194 = ADVANCED_FACE('',(#7195),#7206,.F.);
#7195 = FACE_BOUND('',#7196,.T.);
#7196 = EDGE_LOOP('',(#7197,#7198,#7204,#7205));
#7197 = ORIENTED_EDGE('',*,*,#7047,.T.);
#7198 = ORIENTED_EDGE('',*,*,#7199,.T.);
#7199 = EDGE_CURVE('',#7048,#7120,#7200,.T.);
#7200 = LINE('',#7201,#7202);
#7201 = CARTESIAN_POINT('',(82.5,-73.275,-4.6E-02));
#7202 = VECTOR('',#7203,1.);
#7203 = DIRECTION('',(0.,0.,1.));
#7204 = ORIENTED_EDGE('',*,*,#7119,.F.);
#7205 = ORIENTED_EDGE('',*,*,#7199,.F.);
#7206 = CYLINDRICAL_SURFACE('',#7207,0.475);
#7207 = AXIS2_PLACEMENT_3D('',#7208,#7209,#7210);
#7208 = CARTESIAN_POINT('',(82.5,-72.8,-4.6E-02));
#7209 = DIRECTION('',(-0.,-0.,-1.));
#7210 = DIRECTION('',(-0.,-1.,0.));
#7211 = ADVANCED_FACE('',(#7212),#7223,.F.);
#7212 = FACE_BOUND('',#7213,.T.);
#7213 = EDGE_LOOP('',(#7214,#7215,#7221,#7222));
#7214 = ORIENTED_EDGE('',*,*,#7058,.T.);
#7215 = ORIENTED_EDGE('',*,*,#7216,.T.);
#7216 = EDGE_CURVE('',#7059,#7131,#7217,.T.);
#7217 = LINE('',#7218,#7219);
#7218 = CARTESIAN_POINT('',(85.,-73.275,-4.6E-02));
#7219 = VECTOR('',#7220,1.);
#7220 = DIRECTION('',(0.,0.,1.));
#7221 = ORIENTED_EDGE('',*,*,#7130,.F.);
#7222 = ORIENTED_EDGE('',*,*,#7216,.F.);
#7223 = CYLINDRICAL_SURFACE('',#7224,0.475);
#7224 = AXIS2_PLACEMENT_3D('',#7225,#7226,#7227);
#7225 = CARTESIAN_POINT('',(85.,-72.8,-4.6E-02));
#7226 = DIRECTION('',(-0.,-0.,-1.));
#7227 = DIRECTION('',(-0.,-1.,0.));
#7228 = ADVANCED_FACE('',(#7229),#7240,.F.);
#7229 = FACE_BOUND('',#7230,.T.);
#7230 = EDGE_LOOP('',(#7231,#7232,#7238,#7239));
#7231 = ORIENTED_EDGE('',*,*,#7069,.T.);
#7232 = ORIENTED_EDGE('',*,*,#7233,.T.);
#7233 = EDGE_CURVE('',#7070,#7142,#7234,.T.);
#7234 = LINE('',#7235,#7236);
#7235 = CARTESIAN_POINT('',(87.5,-73.275,-4.6E-02));
#7236 = VECTOR('',#7237,1.);
#7237 = DIRECTION('',(0.,0.,1.));
#7238 = ORIENTED_EDGE('',*,*,#7141,.F.);
#7239 = ORIENTED_EDGE('',*,*,#7233,.F.);
#7240 = CYLINDRICAL_SURFACE('',#7241,0.475);
#7241 = AXIS2_PLACEMENT_3D('',#7242,#7243,#7244);
#7242 = CARTESIAN_POINT('',(87.5,-72.8,-4.6E-02));
#7243 = DIRECTION('',(-0.,-0.,-1.));
#7244 = DIRECTION('',(-0.,-1.,0.));
#7245 = ADVANCED_FACE('',(#7246),#7257,.F.);
#7246 = FACE_BOUND('',#7247,.T.);
#7247 = EDGE_LOOP('',(#7248,#7249,#7255,#7256));
#7248 = ORIENTED_EDGE('',*,*,#7080,.T.);
#7249 = ORIENTED_EDGE('',*,*,#7250,.T.);
#7250 = EDGE_CURVE('',#7081,#7153,#7251,.T.);
#7251 = LINE('',#7252,#7253);
#7252 = CARTESIAN_POINT('',(76.,-70.75,-4.6E-02));
#7253 = VECTOR('',#7254,1.);
#7254 = DIRECTION('',(0.,0.,1.));
#7255 = ORIENTED_EDGE('',*,*,#7152,.F.);
#7256 = ORIENTED_EDGE('',*,*,#7250,.F.);
#7257 = CYLINDRICAL_SURFACE('',#7258,0.25);
#7258 = AXIS2_PLACEMENT_3D('',#7259,#7260,#7261);
#7259 = CARTESIAN_POINT('',(76.,-70.5,-4.6E-02));
#7260 = DIRECTION('',(-0.,-0.,-1.));
#7261 = DIRECTION('',(-0.,-1.,0.));
#7262 = ( GEOMETRIC_REPRESENTATION_CONTEXT(3) 
GLOBAL_UNCERTAINTY_ASSIGNED_CONTEXT((#7266)) 
GLOBAL_UNIT_ASSIGNED_CONTEXT((#7263,#7264,#7265)) REPRESENTATION_CONTEXT
('Context #1','3D Context with UNIT and UNCERTAINTY') );
#7263 = ( LENGTH_UNIT() NAMED_UNIT(*) SI_UNIT(.MILLI.,.METRE.) );
#7264 = ( NAMED_UNIT(*) PLANE_ANGLE_UNIT() SI_UNIT($,.RADIAN.) );
#7265 = ( NAMED_UNIT(*) SI_UNIT($,.STERADIAN.) SOLID_ANGLE_UNIT() );
#7266 = UNCERTAINTY_MEASURE_WITH_UNIT(LENGTH_MEASURE(1.E-07),#7263,
  'distance_accuracy_value','confusion accuracy');
#7267 = CONTEXT_DEPENDENT_SHAPE_REPRESENTATION(#7268,#7270);
#7268 = ( REPRESENTATION_RELATIONSHIP('','',#6916,#10) 
REPRESENTATION_RELATIONSHIP_WITH_TRANSFORMATION(#7269) 
SHAPE_REPRESENTATION_RELATIONSHIP() );
#7269 = ITEM_DEFINED_TRANSFORMATION('','',#11,#43);
#7270 = PRODUCT_DEFINITION_SHAPE('Placement','Placement of an item',
  #7271);
#7271 = NEXT_ASSEMBLY_USAGE_OCCURRENCE('8','=>[0:1:1:7]','',#5,#6911,$);
#7272 = PRODUCT_RELATED_PRODUCT_CATEGORY('part',$,(#6913));
#7273 = MECHANICAL_DESIGN_GEOMETRIC_PRESENTATION_REPRESENTATION('',(
    #7274),#7262);
#7274 = STYLED_ITEM('color',(#7275),#6917);
#7275 = PRESENTATION_STYLE_ASSIGNMENT((#7276));
#7276 = SURFACE_STYLE_USAGE(.BOTH.,#7277);
#7277 = SURFACE_SIDE_STYLE('',(#7278));
#7278 = SURFACE_STYLE_FILL_AREA(#7279);
#7279 = FILL_AREA_STYLE('',(#7280));
#7280 = FILL_AREA_STYLE_COLOUR('',#7281);
#7281 = COLOUR_RGB('',0.313304153717,0.484529207832,0.410020903123);
#7282 = MECHANICAL_DESIGN_GEOMETRIC_PRESENTATION_REPRESENTATION('',(
    #7283,#7291,#7298,#7305,#7312,#7319,#7326,#7333,#7340,#7347,#7354,
    #7362,#7369,#7376,#7383,#7390,#7397,#7404,#7411,#7418,#7425,#7432,
    #7439,#7446,#7453,#7460,#7467,#7474),#1692);
#7283 = STYLED_ITEM('color',(#7284),#840);
#7284 = PRESENTATION_STYLE_ASSIGNMENT((#7285));
#7285 = SURFACE_STYLE_USAGE(.BOTH.,#7286);
#7286 = SURFACE_SIDE_STYLE('',(#7287));
#7287 = SURFACE_STYLE_FILL_AREA(#7288);
#7288 = FILL_AREA_STYLE('',(#7289));
#7289 = FILL_AREA_STYLE_COLOUR('',#7290);
#7290 = COLOUR_RGB('',0.823999987314,0.819999987296,0.781000009244);
#7291 = STYLED_ITEM('color',(#7292),#916);
#7292 = PRESENTATION_STYLE_ASSIGNMENT((#7293));
#7293 = SURFACE_STYLE_USAGE(.BOTH.,#7294);
#7294 = SURFACE_SIDE_STYLE('',(#7295));
#7295 = SURFACE_STYLE_FILL_AREA(#7296);
#7296 = FILL_AREA_STYLE('',(#7297));
#7297 = FILL_AREA_STYLE_COLOUR('',#7290);
#7298 = STYLED_ITEM('color',(#7299),#947);
#7299 = PRESENTATION_STYLE_ASSIGNMENT((#7300));
#7300 = SURFACE_STYLE_USAGE(.BOTH.,#7301);
#7301 = SURFACE_SIDE_STYLE('',(#7302));
#7302 = SURFACE_STYLE_FILL_AREA(#7303);
#7303 = FILL_AREA_STYLE('',(#7304));
#7304 = FILL_AREA_STYLE_COLOUR('',#7290);
#7305 = STYLED_ITEM('color',(#7306),#972);
#7306 = PRESENTATION_STYLE_ASSIGNMENT((#7307));
#7307 = SURFACE_STYLE_USAGE(.BOTH.,#7308);
#7308 = SURFACE_SIDE_STYLE('',(#7309));
#7309 = SURFACE_STYLE_FILL_AREA(#7310);
#7310 = FILL_AREA_STYLE('',(#7311));
#7311 = FILL_AREA_STYLE_COLOUR('',#7290);
#7312 = STYLED_ITEM('color',(#7313),#997);
#7313 = PRESENTATION_STYLE_ASSIGNMENT((#7314));
#7314 = SURFACE_STYLE_USAGE(.BOTH.,#7315);
#7315 = SURFACE_SIDE_STYLE('',(#7316));
#7316 = SURFACE_STYLE_FILL_AREA(#7317);
#7317 = FILL_AREA_STYLE('',(#7318));
#7318 = FILL_AREA_STYLE_COLOUR('',#7290);
#7319 = STYLED_ITEM('color',(#7320),#1021);
#7320 = PRESENTATION_STYLE_ASSIGNMENT((#7321));
#7321 = SURFACE_STYLE_USAGE(.BOTH.,#7322);
#7322 = SURFACE_SIDE_STYLE('',(#7323));
#7323 = SURFACE_STYLE_FILL_AREA(#7324);
#7324 = FILL_AREA_STYLE('',(#7325));
#7325 = FILL_AREA_STYLE_COLOUR('',#7290);
#7326 = STYLED_ITEM('color',(#7327),#1045);
#7327 = PRESENTATION_STYLE_ASSIGNMENT((#7328));
#7328 = SURFACE_STYLE_USAGE(.BOTH.,#7329);
#7329 = SURFACE_SIDE_STYLE('',(#7330));
#7330 = SURFACE_STYLE_FILL_AREA(#7331);
#7331 = FILL_AREA_STYLE('',(#7332));
#7332 = FILL_AREA_STYLE_COLOUR('',#7290);
#7333 = STYLED_ITEM('color',(#7334),#1070);
#7334 = PRESENTATION_STYLE_ASSIGNMENT((#7335));
#7335 = SURFACE_STYLE_USAGE(.BOTH.,#7336);
#7336 = SURFACE_SIDE_STYLE('',(#7337));
#7337 = SURFACE_STYLE_FILL_AREA(#7338);
#7338 = FILL_AREA_STYLE('',(#7339));
#7339 = FILL_AREA_STYLE_COLOUR('',#7290);
#7340 = STYLED_ITEM('color',(#7341),#1095);
#7341 = PRESENTATION_STYLE_ASSIGNMENT((#7342));
#7342 = SURFACE_STYLE_USAGE(.BOTH.,#7343);
#7343 = SURFACE_SIDE_STYLE('',(#7344));
#7344 = SURFACE_STYLE_FILL_AREA(#7345);
#7345 = FILL_AREA_STYLE('',(#7346));
#7346 = FILL_AREA_STYLE_COLOUR('',#7290);
#7347 = STYLED_ITEM('color',(#7348),#1112);
#7348 = PRESENTATION_STYLE_ASSIGNMENT((#7349));
#7349 = SURFACE_STYLE_USAGE(.BOTH.,#7350);
#7350 = SURFACE_SIDE_STYLE('',(#7351));
#7351 = SURFACE_STYLE_FILL_AREA(#7352);
#7352 = FILL_AREA_STYLE('',(#7353));
#7353 = FILL_AREA_STYLE_COLOUR('',#7290);
#7354 = STYLED_ITEM('color',(#7355),#1198);
#7355 = PRESENTATION_STYLE_ASSIGNMENT((#7356));
#7356 = SURFACE_STYLE_USAGE(.BOTH.,#7357);
#7357 = SURFACE_SIDE_STYLE('',(#7358));
#7358 = SURFACE_STYLE_FILL_AREA(#7359);
#7359 = FILL_AREA_STYLE('',(#7360));
#7360 = FILL_AREA_STYLE_COLOUR('',#7361);
#7361 = COLOUR_RGB('',0.379000005575,0.270000008848,0.214999999939);
#7362 = STYLED_ITEM('color',(#7363),#1230);
#7363 = PRESENTATION_STYLE_ASSIGNMENT((#7364));
#7364 = SURFACE_STYLE_USAGE(.BOTH.,#7365);
#7365 = SURFACE_SIDE_STYLE('',(#7366));
#7366 = SURFACE_STYLE_FILL_AREA(#7367);
#7367 = FILL_AREA_STYLE('',(#7368));
#7368 = FILL_AREA_STYLE_COLOUR('',#7361);
#7369 = STYLED_ITEM('color',(#7370),#1254);
#7370 = PRESENTATION_STYLE_ASSIGNMENT((#7371));
#7371 = SURFACE_STYLE_USAGE(.BOTH.,#7372);
#7372 = SURFACE_SIDE_STYLE('',(#7373));
#7373 = SURFACE_STYLE_FILL_AREA(#7374);
#7374 = FILL_AREA_STYLE('',(#7375));
#7375 = FILL_AREA_STYLE_COLOUR('',#7361);
#7376 = STYLED_ITEM('color',(#7377),#1279);
#7377 = PRESENTATION_STYLE_ASSIGNMENT((#7378));
#7378 = SURFACE_STYLE_USAGE(.BOTH.,#7379);
#7379 = SURFACE_SIDE_STYLE('',(#7380));
#7380 = SURFACE_STYLE_FILL_AREA(#7381);
#7381 = FILL_AREA_STYLE('',(#7382));
#7382 = FILL_AREA_STYLE_COLOUR('',#7361);
#7383 = STYLED_ITEM('color',(#7384),#1303);
#7384 = PRESENTATION_STYLE_ASSIGNMENT((#7385));
#7385 = SURFACE_STYLE_USAGE(.BOTH.,#7386);
#7386 = SURFACE_SIDE_STYLE('',(#7387));
#7387 = SURFACE_STYLE_FILL_AREA(#7388);
#7388 = FILL_AREA_STYLE('',(#7389));
#7389 = FILL_AREA_STYLE_COLOUR('',#7361);
#7390 = STYLED_ITEM('color',(#7391),#1328);
#7391 = PRESENTATION_STYLE_ASSIGNMENT((#7392));
#7392 = SURFACE_STYLE_USAGE(.BOTH.,#7393);
#7393 = SURFACE_SIDE_STYLE('',(#7394));
#7394 = SURFACE_STYLE_FILL_AREA(#7395);
#7395 = FILL_AREA_STYLE('',(#7396));
#7396 = FILL_AREA_STYLE_COLOUR('',#7361);
#7397 = STYLED_ITEM('color',(#7398),#1352);
#7398 = PRESENTATION_STYLE_ASSIGNMENT((#7399));
#7399 = SURFACE_STYLE_USAGE(.BOTH.,#7400);
#7400 = SURFACE_SIDE_STYLE('',(#7401));
#7401 = SURFACE_STYLE_FILL_AREA(#7402);
#7402 = FILL_AREA_STYLE('',(#7403));
#7403 = FILL_AREA_STYLE_COLOUR('',#7361);
#7404 = STYLED_ITEM('color',(#7405),#1377);
#7405 = PRESENTATION_STYLE_ASSIGNMENT((#7406));
#7406 = SURFACE_STYLE_USAGE(.BOTH.,#7407);
#7407 = SURFACE_SIDE_STYLE('',(#7408));
#7408 = SURFACE_STYLE_FILL_AREA(#7409);
#7409 = FILL_AREA_STYLE('',(#7410));
#7410 = FILL_AREA_STYLE_COLOUR('',#7361);
#7411 = STYLED_ITEM('color',(#7412),#1394);
#7412 = PRESENTATION_STYLE_ASSIGNMENT((#7413));
#7413 = SURFACE_STYLE_USAGE(.BOTH.,#7414);
#7414 = SURFACE_SIDE_STYLE('',(#7415));
#7415 = SURFACE_STYLE_FILL_AREA(#7416);
#7416 = FILL_AREA_STYLE('',(#7417));
#7417 = FILL_AREA_STYLE_COLOUR('',#7290);
#7418 = STYLED_ITEM('color',(#7419),#1480);
#7419 = PRESENTATION_STYLE_ASSIGNMENT((#7420));
#7420 = SURFACE_STYLE_USAGE(.BOTH.,#7421);
#7421 = SURFACE_SIDE_STYLE('',(#7422));
#7422 = SURFACE_STYLE_FILL_AREA(#7423);
#7423 = FILL_AREA_STYLE('',(#7424));
#7424 = FILL_AREA_STYLE_COLOUR('',#7290);
#7425 = STYLED_ITEM('color',(#7426),#1511);
#7426 = PRESENTATION_STYLE_ASSIGNMENT((#7427));
#7427 = SURFACE_STYLE_USAGE(.BOTH.,#7428);
#7428 = SURFACE_SIDE_STYLE('',(#7429));
#7429 = SURFACE_STYLE_FILL_AREA(#7430);
#7430 = FILL_AREA_STYLE('',(#7431));
#7431 = FILL_AREA_STYLE_COLOUR('',#7290);
#7432 = STYLED_ITEM('color',(#7433),#1536);
#7433 = PRESENTATION_STYLE_ASSIGNMENT((#7434));
#7434 = SURFACE_STYLE_USAGE(.BOTH.,#7435);
#7435 = SURFACE_SIDE_STYLE('',(#7436));
#7436 = SURFACE_STYLE_FILL_AREA(#7437);
#7437 = FILL_AREA_STYLE('',(#7438));
#7438 = FILL_AREA_STYLE_COLOUR('',#7290);
#7439 = STYLED_ITEM('color',(#7440),#1561);
#7440 = PRESENTATION_STYLE_ASSIGNMENT((#7441));
#7441 = SURFACE_STYLE_USAGE(.BOTH.,#7442);
#7442 = SURFACE_SIDE_STYLE('',(#7443));
#7443 = SURFACE_STYLE_FILL_AREA(#7444);
#7444 = FILL_AREA_STYLE('',(#7445));
#7445 = FILL_AREA_STYLE_COLOUR('',#7290);
#7446 = STYLED_ITEM('color',(#7447),#1585);
#7447 = PRESENTATION_STYLE_ASSIGNMENT((#7448));
#7448 = SURFACE_STYLE_USAGE(.BOTH.,#7449);
#7449 = SURFACE_SIDE_STYLE('',(#7450));
#7450 = SURFACE_STYLE_FILL_AREA(#7451);
#7451 = FILL_AREA_STYLE('',(#7452));
#7452 = FILL_AREA_STYLE_COLOUR('',#7290);
#7453 = STYLED_ITEM('color',(#7454),#1609);
#7454 = PRESENTATION_STYLE_ASSIGNMENT((#7455));
#7455 = SURFACE_STYLE_USAGE(.BOTH.,#7456);
#7456 = SURFACE_SIDE_STYLE('',(#7457));
#7457 = SURFACE_STYLE_FILL_AREA(#7458);
#7458 = FILL_AREA_STYLE('',(#7459));
#7459 = FILL_AREA_STYLE_COLOUR('',#7290);
#7460 = STYLED_ITEM('color',(#7461),#1634);
#7461 = PRESENTATION_STYLE_ASSIGNMENT((#7462));
#7462 = SURFACE_STYLE_USAGE(.BOTH.,#7463);
#7463 = SURFACE_SIDE_STYLE('',(#7464));
#7464 = SURFACE_STYLE_FILL_AREA(#7465);
#7465 = FILL_AREA_STYLE('',(#7466));
#7466 = FILL_AREA_STYLE_COLOUR('',#7290);
#7467 = STYLED_ITEM('color',(#7468),#1659);
#7468 = PRESENTATION_STYLE_ASSIGNMENT((#7469));
#7469 = SURFACE_STYLE_USAGE(.BOTH.,#7470);
#7470 = SURFACE_SIDE_STYLE('',(#7471));
#7471 = SURFACE_STYLE_FILL_AREA(#7472);
#7472 = FILL_AREA_STYLE('',(#7473));
#7473 = FILL_AREA_STYLE_COLOUR('',#7290);
#7474 = STYLED_ITEM('color',(#7475),#1676);
#7475 = PRESENTATION_STYLE_ASSIGNMENT((#7476));
#7476 = SURFACE_STYLE_USAGE(.BOTH.,#7477);
#7477 = SURFACE_SIDE_STYLE('',(#7478));
#7478 = SURFACE_STYLE_FILL_AREA(#7479);
#7479 = FILL_AREA_STYLE('',(#7480));
#7480 = FILL_AREA_STYLE_COLOUR('',#7290);
#7481 = MECHANICAL_DESIGN_GEOMETRIC_PRESENTATION_REPRESENTATION('',(
    #7482,#7489,#7496,#7503,#7510,#7517,#7524,#7531,#7539,#7546,#7553,
    #7560,#7567,#7574,#7582,#7589,#7596,#7603,#7610,#7617,#7624,#7631,
    #7638,#7645,#7652,#7659),#3164);
#7482 = STYLED_ITEM('color',(#7483),#2376);
#7483 = PRESENTATION_STYLE_ASSIGNMENT((#7484));
#7484 = SURFACE_STYLE_USAGE(.BOTH.,#7485);
#7485 = SURFACE_SIDE_STYLE('',(#7486));
#7486 = SURFACE_STYLE_FILL_AREA(#7487);
#7487 = FILL_AREA_STYLE('',(#7488));
#7488 = FILL_AREA_STYLE_COLOUR('',#7290);
#7489 = STYLED_ITEM('color',(#7490),#2416);
#7490 = PRESENTATION_STYLE_ASSIGNMENT((#7491));
#7491 = SURFACE_STYLE_USAGE(.BOTH.,#7492);
#7492 = SURFACE_SIDE_STYLE('',(#7493));
#7493 = SURFACE_STYLE_FILL_AREA(#7494);
#7494 = FILL_AREA_STYLE('',(#7495));
#7495 = FILL_AREA_STYLE_COLOUR('',#7290);
#7496 = STYLED_ITEM('color',(#7497),#2499);
#7497 = PRESENTATION_STYLE_ASSIGNMENT((#7498));
#7498 = SURFACE_STYLE_USAGE(.BOTH.,#7499);
#7499 = SURFACE_SIDE_STYLE('',(#7500));
#7500 = SURFACE_STYLE_FILL_AREA(#7501);
#7501 = FILL_AREA_STYLE('',(#7502));
#7502 = FILL_AREA_STYLE_COLOUR('',#7290);
#7503 = STYLED_ITEM('color',(#7504),#2524);
#7504 = PRESENTATION_STYLE_ASSIGNMENT((#7505));
#7505 = SURFACE_STYLE_USAGE(.BOTH.,#7506);
#7506 = SURFACE_SIDE_STYLE('',(#7507));
#7507 = SURFACE_STYLE_FILL_AREA(#7508);
#7508 = FILL_AREA_STYLE('',(#7509));
#7509 = FILL_AREA_STYLE_COLOUR('',#7290);
#7510 = STYLED_ITEM('color',(#7511),#2549);
#7511 = PRESENTATION_STYLE_ASSIGNMENT((#7512));
#7512 = SURFACE_STYLE_USAGE(.BOTH.,#7513);
#7513 = SURFACE_SIDE_STYLE('',(#7514));
#7514 = SURFACE_STYLE_FILL_AREA(#7515);
#7515 = FILL_AREA_STYLE('',(#7516));
#7516 = FILL_AREA_STYLE_COLOUR('',#7290);
#7517 = STYLED_ITEM('color',(#7518),#2616);
#7518 = PRESENTATION_STYLE_ASSIGNMENT((#7519));
#7519 = SURFACE_STYLE_USAGE(.BOTH.,#7520);
#7520 = SURFACE_SIDE_STYLE('',(#7521));
#7521 = SURFACE_STYLE_FILL_AREA(#7522);
#7522 = FILL_AREA_STYLE('',(#7523));
#7523 = FILL_AREA_STYLE_COLOUR('',#7290);
#7524 = STYLED_ITEM('color',(#7525),#2633);
#7525 = PRESENTATION_STYLE_ASSIGNMENT((#7526));
#7526 = SURFACE_STYLE_USAGE(.BOTH.,#7527);
#7527 = SURFACE_SIDE_STYLE('',(#7528));
#7528 = SURFACE_STYLE_FILL_AREA(#7529);
#7529 = FILL_AREA_STYLE('',(#7530));
#7530 = FILL_AREA_STYLE_COLOUR('',#7290);
#7531 = STYLED_ITEM('color',(#7532),#2650);
#7532 = PRESENTATION_STYLE_ASSIGNMENT((#7533));
#7533 = SURFACE_STYLE_USAGE(.BOTH.,#7534);
#7534 = SURFACE_SIDE_STYLE('',(#7535));
#7535 = SURFACE_STYLE_FILL_AREA(#7536);
#7536 = FILL_AREA_STYLE('',(#7537));
#7537 = FILL_AREA_STYLE_COLOUR('',#7538);
#7538 = COLOUR_RGB('',0.894999966383,0.890999961016,0.813000030345);
#7539 = STYLED_ITEM('color',(#7540),#2699);
#7540 = PRESENTATION_STYLE_ASSIGNMENT((#7541));
#7541 = SURFACE_STYLE_USAGE(.BOTH.,#7542);
#7542 = SURFACE_SIDE_STYLE('',(#7543));
#7543 = SURFACE_STYLE_FILL_AREA(#7544);
#7544 = FILL_AREA_STYLE('',(#7545));
#7545 = FILL_AREA_STYLE_COLOUR('',#7290);
#7546 = STYLED_ITEM('color',(#7547),#2716);
#7547 = PRESENTATION_STYLE_ASSIGNMENT((#7548));
#7548 = SURFACE_STYLE_USAGE(.BOTH.,#7549);
#7549 = SURFACE_SIDE_STYLE('',(#7550));
#7550 = SURFACE_STYLE_FILL_AREA(#7551);
#7551 = FILL_AREA_STYLE('',(#7552));
#7552 = FILL_AREA_STYLE_COLOUR('',#7290);
#7553 = STYLED_ITEM('color',(#7554),#2733);
#7554 = PRESENTATION_STYLE_ASSIGNMENT((#7555));
#7555 = SURFACE_STYLE_USAGE(.BOTH.,#7556);
#7556 = SURFACE_SIDE_STYLE('',(#7557));
#7557 = SURFACE_STYLE_FILL_AREA(#7558);
#7558 = FILL_AREA_STYLE('',(#7559));
#7559 = FILL_AREA_STYLE_COLOUR('',#7538);
#7560 = STYLED_ITEM('color',(#7561),#2782);
#7561 = PRESENTATION_STYLE_ASSIGNMENT((#7562));
#7562 = SURFACE_STYLE_USAGE(.BOTH.,#7563);
#7563 = SURFACE_SIDE_STYLE('',(#7564));
#7564 = SURFACE_STYLE_FILL_AREA(#7565);
#7565 = FILL_AREA_STYLE('',(#7566));
#7566 = FILL_AREA_STYLE_COLOUR('',#7538);
#7567 = STYLED_ITEM('color',(#7568),#2799);
#7568 = PRESENTATION_STYLE_ASSIGNMENT((#7569));
#7569 = SURFACE_STYLE_USAGE(.BOTH.,#7570);
#7570 = SURFACE_SIDE_STYLE('',(#7571));
#7571 = SURFACE_STYLE_FILL_AREA(#7572);
#7572 = FILL_AREA_STYLE('',(#7573));
#7573 = FILL_AREA_STYLE_COLOUR('',#7290);
#7574 = STYLED_ITEM('color',(#7575),#2868);
#7575 = PRESENTATION_STYLE_ASSIGNMENT((#7576));
#7576 = SURFACE_STYLE_USAGE(.BOTH.,#7577);
#7577 = SURFACE_SIDE_STYLE('',(#7578));
#7578 = SURFACE_STYLE_FILL_AREA(#7579);
#7579 = FILL_AREA_STYLE('',(#7580));
#7580 = FILL_AREA_STYLE_COLOUR('',#7581);
#7581 = COLOUR_RGB('',8.200000279077E-02,8.600000121357E-02,
  9.399999706163E-02);
#7582 = STYLED_ITEM('color',(#7583),#2899);
#7583 = PRESENTATION_STYLE_ASSIGNMENT((#7584));
#7584 = SURFACE_STYLE_USAGE(.BOTH.,#7585);
#7585 = SURFACE_SIDE_STYLE('',(#7586));
#7586 = SURFACE_STYLE_FILL_AREA(#7587);
#7587 = FILL_AREA_STYLE('',(#7588));
#7588 = FILL_AREA_STYLE_COLOUR('',#7581);
#7589 = STYLED_ITEM('color',(#7590),#2923);
#7590 = PRESENTATION_STYLE_ASSIGNMENT((#7591));
#7591 = SURFACE_STYLE_USAGE(.BOTH.,#7592);
#7592 = SURFACE_SIDE_STYLE('',(#7593));
#7593 = SURFACE_STYLE_FILL_AREA(#7594);
#7594 = FILL_AREA_STYLE('',(#7595));
#7595 = FILL_AREA_STYLE_COLOUR('',#7290);
#7596 = STYLED_ITEM('color',(#7597),#2992);
#7597 = PRESENTATION_STYLE_ASSIGNMENT((#7598));
#7598 = SURFACE_STYLE_USAGE(.BOTH.,#7599);
#7599 = SURFACE_SIDE_STYLE('',(#7600));
#7600 = SURFACE_STYLE_FILL_AREA(#7601);
#7601 = FILL_AREA_STYLE('',(#7602));
#7602 = FILL_AREA_STYLE_COLOUR('',#7581);
#7603 = STYLED_ITEM('color',(#7604),#3016);
#7604 = PRESENTATION_STYLE_ASSIGNMENT((#7605));
#7605 = SURFACE_STYLE_USAGE(.BOTH.,#7606);
#7606 = SURFACE_SIDE_STYLE('',(#7607));
#7607 = SURFACE_STYLE_FILL_AREA(#7608);
#7608 = FILL_AREA_STYLE('',(#7609));
#7609 = FILL_AREA_STYLE_COLOUR('',#7290);
#7610 = STYLED_ITEM('color',(#7611),#3033);
#7611 = PRESENTATION_STYLE_ASSIGNMENT((#7612));
#7612 = SURFACE_STYLE_USAGE(.BOTH.,#7613);
#7613 = SURFACE_SIDE_STYLE('',(#7614));
#7614 = SURFACE_STYLE_FILL_AREA(#7615);
#7615 = FILL_AREA_STYLE('',(#7616));
#7616 = FILL_AREA_STYLE_COLOUR('',#7290);
#7617 = STYLED_ITEM('color',(#7618),#3050);
#7618 = PRESENTATION_STYLE_ASSIGNMENT((#7619));
#7619 = SURFACE_STYLE_USAGE(.BOTH.,#7620);
#7620 = SURFACE_SIDE_STYLE('',(#7621));
#7621 = SURFACE_STYLE_FILL_AREA(#7622);
#7622 = FILL_AREA_STYLE('',(#7623));
#7623 = FILL_AREA_STYLE_COLOUR('',#7290);
#7624 = STYLED_ITEM('color',(#7625),#3067);
#7625 = PRESENTATION_STYLE_ASSIGNMENT((#7626));
#7626 = SURFACE_STYLE_USAGE(.BOTH.,#7627);
#7627 = SURFACE_SIDE_STYLE('',(#7628));
#7628 = SURFACE_STYLE_FILL_AREA(#7629);
#7629 = FILL_AREA_STYLE('',(#7630));
#7630 = FILL_AREA_STYLE_COLOUR('',#7290);
#7631 = STYLED_ITEM('color',(#7632),#3084);
#7632 = PRESENTATION_STYLE_ASSIGNMENT((#7633));
#7633 = SURFACE_STYLE_USAGE(.BOTH.,#7634);
#7634 = SURFACE_SIDE_STYLE('',(#7635));
#7635 = SURFACE_STYLE_FILL_AREA(#7636);
#7636 = FILL_AREA_STYLE('',(#7637));
#7637 = FILL_AREA_STYLE_COLOUR('',#7290);
#7638 = STYLED_ITEM('color',(#7639),#3101);
#7639 = PRESENTATION_STYLE_ASSIGNMENT((#7640));
#7640 = SURFACE_STYLE_USAGE(.BOTH.,#7641);
#7641 = SURFACE_SIDE_STYLE('',(#7642));
#7642 = SURFACE_STYLE_FILL_AREA(#7643);
#7643 = FILL_AREA_STYLE('',(#7644));
#7644 = FILL_AREA_STYLE_COLOUR('',#7290);
#7645 = STYLED_ITEM('color',(#7646),#3118);
#7646 = PRESENTATION_STYLE_ASSIGNMENT((#7647));
#7647 = SURFACE_STYLE_USAGE(.BOTH.,#7648);
#7648 = SURFACE_SIDE_STYLE('',(#7649));
#7649 = SURFACE_STYLE_FILL_AREA(#7650);
#7650 = FILL_AREA_STYLE('',(#7651));
#7651 = FILL_AREA_STYLE_COLOUR('',#7290);
#7652 = STYLED_ITEM('color',(#7653),#3135);
#7653 = PRESENTATION_STYLE_ASSIGNMENT((#7654));
#7654 = SURFACE_STYLE_USAGE(.BOTH.,#7655);
#7655 = SURFACE_SIDE_STYLE('',(#7656));
#7656 = SURFACE_STYLE_FILL_AREA(#7657);
#7657 = FILL_AREA_STYLE('',(#7658));
#7658 = FILL_AREA_STYLE_COLOUR('',#7581);
#7659 = STYLED_ITEM('color',(#7660),#3152);
#7660 = PRESENTATION_STYLE_ASSIGNMENT((#7661));
#7661 = SURFACE_STYLE_USAGE(.BOTH.,#7662);
#7662 = SURFACE_SIDE_STYLE('',(#7663));
#7663 = SURFACE_STYLE_FILL_AREA(#7664);
#7664 = FILL_AREA_STYLE('',(#7665));
#7665 = FILL_AREA_STYLE_COLOUR('',#7581);
#7666 = MECHANICAL_DESIGN_GEOMETRIC_PRESENTATION_REPRESENTATION('',(
    #7667,#7675,#7682,#7689,#7696,#7703,#7710,#7717,#7724,#7731,#7738,
    #7746,#7753,#7760,#7767,#7774,#7781,#7788,#7795,#7802,#7809,#7816,
    #7823,#7830,#7837,#7844,#7851,#7858),#819);
#7667 = STYLED_ITEM('color',(#7668),#63);
#7668 = PRESENTATION_STYLE_ASSIGNMENT((#7669));
#7669 = SURFACE_STYLE_USAGE(.BOTH.,#7670);
#7670 = SURFACE_SIDE_STYLE('',(#7671));
#7671 = SURFACE_STYLE_FILL_AREA(#7672);
#7672 = FILL_AREA_STYLE('',(#7673));
#7673 = FILL_AREA_STYLE_COLOUR('',#7674);
#7674 = COLOUR_RGB('',0.147999998088,0.144999993226,0.144999993226);
#7675 = STYLED_ITEM('color',(#7676),#103);
#7676 = PRESENTATION_STYLE_ASSIGNMENT((#7677));
#7677 = SURFACE_STYLE_USAGE(.BOTH.,#7678);
#7678 = SURFACE_SIDE_STYLE('',(#7679));
#7679 = SURFACE_STYLE_FILL_AREA(#7680);
#7680 = FILL_AREA_STYLE('',(#7681));
#7681 = FILL_AREA_STYLE_COLOUR('',#7674);
#7682 = STYLED_ITEM('color',(#7683),#134);
#7683 = PRESENTATION_STYLE_ASSIGNMENT((#7684));
#7684 = SURFACE_STYLE_USAGE(.BOTH.,#7685);
#7685 = SURFACE_SIDE_STYLE('',(#7686));
#7686 = SURFACE_STYLE_FILL_AREA(#7687);
#7687 = FILL_AREA_STYLE('',(#7688));
#7688 = FILL_AREA_STYLE_COLOUR('',#7674);
#7689 = STYLED_ITEM('color',(#7690),#165);
#7690 = PRESENTATION_STYLE_ASSIGNMENT((#7691));
#7691 = SURFACE_STYLE_USAGE(.BOTH.,#7692);
#7692 = SURFACE_SIDE_STYLE('',(#7693));
#7693 = SURFACE_STYLE_FILL_AREA(#7694);
#7694 = FILL_AREA_STYLE('',(#7695));
#7695 = FILL_AREA_STYLE_COLOUR('',#7674);
#7696 = STYLED_ITEM('color',(#7697),#248);
#7697 = PRESENTATION_STYLE_ASSIGNMENT((#7698));
#7698 = SURFACE_STYLE_USAGE(.BOTH.,#7699);
#7699 = SURFACE_SIDE_STYLE('',(#7700));
#7700 = SURFACE_STYLE_FILL_AREA(#7701);
#7701 = FILL_AREA_STYLE('',(#7702));
#7702 = FILL_AREA_STYLE_COLOUR('',#7674);
#7703 = STYLED_ITEM('color',(#7704),#331);
#7704 = PRESENTATION_STYLE_ASSIGNMENT((#7705));
#7705 = SURFACE_STYLE_USAGE(.BOTH.,#7706);
#7706 = SURFACE_SIDE_STYLE('',(#7707));
#7707 = SURFACE_STYLE_FILL_AREA(#7708);
#7708 = FILL_AREA_STYLE('',(#7709));
#7709 = FILL_AREA_STYLE_COLOUR('',#7674);
#7710 = STYLED_ITEM('color',(#7711),#348);
#7711 = PRESENTATION_STYLE_ASSIGNMENT((#7712));
#7712 = SURFACE_STYLE_USAGE(.BOTH.,#7713);
#7713 = SURFACE_SIDE_STYLE('',(#7714));
#7714 = SURFACE_STYLE_FILL_AREA(#7715);
#7715 = FILL_AREA_STYLE('',(#7716));
#7716 = FILL_AREA_STYLE_COLOUR('',#7674);
#7717 = STYLED_ITEM('color',(#7718),#365);
#7718 = PRESENTATION_STYLE_ASSIGNMENT((#7719));
#7719 = SURFACE_STYLE_USAGE(.BOTH.,#7720);
#7720 = SURFACE_SIDE_STYLE('',(#7721));
#7721 = SURFACE_STYLE_FILL_AREA(#7722);
#7722 = FILL_AREA_STYLE('',(#7723));
#7723 = FILL_AREA_STYLE_COLOUR('',#7674);
#7724 = STYLED_ITEM('color',(#7725),#382);
#7725 = PRESENTATION_STYLE_ASSIGNMENT((#7726));
#7726 = SURFACE_STYLE_USAGE(.BOTH.,#7727);
#7727 = SURFACE_SIDE_STYLE('',(#7728));
#7728 = SURFACE_STYLE_FILL_AREA(#7729);
#7729 = FILL_AREA_STYLE('',(#7730));
#7730 = FILL_AREA_STYLE_COLOUR('',#7674);
#7731 = STYLED_ITEM('color',(#7732),#399);
#7732 = PRESENTATION_STYLE_ASSIGNMENT((#7733));
#7733 = SURFACE_STYLE_USAGE(.BOTH.,#7734);
#7734 = SURFACE_SIDE_STYLE('',(#7735));
#7735 = SURFACE_STYLE_FILL_AREA(#7736);
#7736 = FILL_AREA_STYLE('',(#7737));
#7737 = FILL_AREA_STYLE_COLOUR('',#7674);
#7738 = STYLED_ITEM('color',(#7739),#411);
#7739 = PRESENTATION_STYLE_ASSIGNMENT((#7740));
#7740 = SURFACE_STYLE_USAGE(.BOTH.,#7741);
#7741 = SURFACE_SIDE_STYLE('',(#7742));
#7742 = SURFACE_STYLE_FILL_AREA(#7743);
#7743 = FILL_AREA_STYLE('',(#7744));
#7744 = FILL_AREA_STYLE_COLOUR('',#7745);
#7745 = COLOUR_RGB('',0.859000020776,0.737999965183,0.495999988746);
#7746 = STYLED_ITEM('color',(#7747),#442);
#7747 = PRESENTATION_STYLE_ASSIGNMENT((#7748));
#7748 = SURFACE_STYLE_USAGE(.BOTH.,#7749);
#7749 = SURFACE_SIDE_STYLE('',(#7750));
#7750 = SURFACE_STYLE_FILL_AREA(#7751);
#7751 = FILL_AREA_STYLE('',(#7752));
#7752 = FILL_AREA_STYLE_COLOUR('',#7745);
#7753 = STYLED_ITEM('color',(#7754),#466);
#7754 = PRESENTATION_STYLE_ASSIGNMENT((#7755));
#7755 = SURFACE_STYLE_USAGE(.BOTH.,#7756);
#7756 = SURFACE_SIDE_STYLE('',(#7757));
#7757 = SURFACE_STYLE_FILL_AREA(#7758);
#7758 = FILL_AREA_STYLE('',(#7759));
#7759 = FILL_AREA_STYLE_COLOUR('',#7745);
#7760 = STYLED_ITEM('color',(#7761),#490);
#7761 = PRESENTATION_STYLE_ASSIGNMENT((#7762));
#7762 = SURFACE_STYLE_USAGE(.BOTH.,#7763);
#7763 = SURFACE_SIDE_STYLE('',(#7764));
#7764 = SURFACE_STYLE_FILL_AREA(#7765);
#7765 = FILL_AREA_STYLE('',(#7766));
#7766 = FILL_AREA_STYLE_COLOUR('',#7745);
#7767 = STYLED_ITEM('color',(#7768),#507);
#7768 = PRESENTATION_STYLE_ASSIGNMENT((#7769));
#7769 = SURFACE_STYLE_USAGE(.BOTH.,#7770);
#7770 = SURFACE_SIDE_STYLE('',(#7771));
#7771 = SURFACE_STYLE_FILL_AREA(#7772);
#7772 = FILL_AREA_STYLE('',(#7773));
#7773 = FILL_AREA_STYLE_COLOUR('',#7745);
#7774 = STYLED_ITEM('color',(#7775),#538);
#7775 = PRESENTATION_STYLE_ASSIGNMENT((#7776));
#7776 = SURFACE_STYLE_USAGE(.BOTH.,#7777);
#7777 = SURFACE_SIDE_STYLE('',(#7778));
#7778 = SURFACE_STYLE_FILL_AREA(#7779);
#7779 = FILL_AREA_STYLE('',(#7780));
#7780 = FILL_AREA_STYLE_COLOUR('',#7745);
#7781 = STYLED_ITEM('color',(#7782),#562);
#7782 = PRESENTATION_STYLE_ASSIGNMENT((#7783));
#7783 = SURFACE_STYLE_USAGE(.BOTH.,#7784);
#7784 = SURFACE_SIDE_STYLE('',(#7785));
#7785 = SURFACE_STYLE_FILL_AREA(#7786);
#7786 = FILL_AREA_STYLE('',(#7787));
#7787 = FILL_AREA_STYLE_COLOUR('',#7745);
#7788 = STYLED_ITEM('color',(#7789),#586);
#7789 = PRESENTATION_STYLE_ASSIGNMENT((#7790));
#7790 = SURFACE_STYLE_USAGE(.BOTH.,#7791);
#7791 = SURFACE_SIDE_STYLE('',(#7792));
#7792 = SURFACE_STYLE_FILL_AREA(#7793);
#7793 = FILL_AREA_STYLE('',(#7794));
#7794 = FILL_AREA_STYLE_COLOUR('',#7745);
#7795 = STYLED_ITEM('color',(#7796),#603);
#7796 = PRESENTATION_STYLE_ASSIGNMENT((#7797));
#7797 = SURFACE_STYLE_USAGE(.BOTH.,#7798);
#7798 = SURFACE_SIDE_STYLE('',(#7799));
#7799 = SURFACE_STYLE_FILL_AREA(#7800);
#7800 = FILL_AREA_STYLE('',(#7801));
#7801 = FILL_AREA_STYLE_COLOUR('',#7745);
#7802 = STYLED_ITEM('color',(#7803),#634);
#7803 = PRESENTATION_STYLE_ASSIGNMENT((#7804));
#7804 = SURFACE_STYLE_USAGE(.BOTH.,#7805);
#7805 = SURFACE_SIDE_STYLE('',(#7806));
#7806 = SURFACE_STYLE_FILL_AREA(#7807);
#7807 = FILL_AREA_STYLE('',(#7808));
#7808 = FILL_AREA_STYLE_COLOUR('',#7745);
#7809 = STYLED_ITEM('color',(#7810),#658);
#7810 = PRESENTATION_STYLE_ASSIGNMENT((#7811));
#7811 = SURFACE_STYLE_USAGE(.BOTH.,#7812);
#7812 = SURFACE_SIDE_STYLE('',(#7813));
#7813 = SURFACE_STYLE_FILL_AREA(#7814);
#7814 = FILL_AREA_STYLE('',(#7815));
#7815 = FILL_AREA_STYLE_COLOUR('',#7745);
#7816 = STYLED_ITEM('color',(#7817),#682);
#7817 = PRESENTATION_STYLE_ASSIGNMENT((#7818));
#7818 = SURFACE_STYLE_USAGE(.BOTH.,#7819);
#7819 = SURFACE_SIDE_STYLE('',(#7820));
#7820 = SURFACE_STYLE_FILL_AREA(#7821);
#7821 = FILL_AREA_STYLE('',(#7822));
#7822 = FILL_AREA_STYLE_COLOUR('',#7745);
#7823 = STYLED_ITEM('color',(#7824),#699);
#7824 = PRESENTATION_STYLE_ASSIGNMENT((#7825));
#7825 = SURFACE_STYLE_USAGE(.BOTH.,#7826);
#7826 = SURFACE_SIDE_STYLE('',(#7827));
#7827 = SURFACE_STYLE_FILL_AREA(#7828);
#7828 = FILL_AREA_STYLE('',(#7829));
#7829 = FILL_AREA_STYLE_COLOUR('',#7745);
#7830 = STYLED_ITEM('color',(#7831),#730);
#7831 = PRESENTATION_STYLE_ASSIGNMENT((#7832));
#7832 = SURFACE_STYLE_USAGE(.BOTH.,#7833);
#7833 = SURFACE_SIDE_STYLE('',(#7834));
#7834 = SURFACE_STYLE_FILL_AREA(#7835);
#7835 = FILL_AREA_STYLE('',(#7836));
#7836 = FILL_AREA_STYLE_COLOUR('',#7745);
#7837 = STYLED_ITEM('color',(#7838),#754);
#7838 = PRESENTATION_STYLE_ASSIGNMENT((#7839));
#7839 = SURFACE_STYLE_USAGE(.BOTH.,#7840);
#7840 = SURFACE_SIDE_STYLE('',(#7841));
#7841 = SURFACE_STYLE_FILL_AREA(#7842);
#7842 = FILL_AREA_STYLE('',(#7843));
#7843 = FILL_AREA_STYLE_COLOUR('',#7745);
#7844 = STYLED_ITEM('color',(#7845),#778);
#7845 = PRESENTATION_STYLE_ASSIGNMENT((#7846));
#7846 = SURFACE_STYLE_USAGE(.BOTH.,#7847);
#7847 = SURFACE_SIDE_STYLE('',(#7848));
#7848 = SURFACE_STYLE_FILL_AREA(#7849);
#7849 = FILL_AREA_STYLE('',(#7850));
#7850 = FILL_AREA_STYLE_COLOUR('',#7745);
#7851 = STYLED_ITEM('color',(#7852),#795);
#7852 = PRESENTATION_STYLE_ASSIGNMENT((#7853));
#7853 = SURFACE_STYLE_USAGE(.BOTH.,#7854);
#7854 = SURFACE_SIDE_STYLE('',(#7855));
#7855 = SURFACE_STYLE_FILL_AREA(#7856);
#7856 = FILL_AREA_STYLE('',(#7857));
#7857 = FILL_AREA_STYLE_COLOUR('',#7745);
#7858 = STYLED_ITEM('color',(#7859),#807);
#7859 = PRESENTATION_STYLE_ASSIGNMENT((#7860));
#7860 = SURFACE_STYLE_USAGE(.BOTH.,#7861);
#7861 = SURFACE_SIDE_STYLE('',(#7862));
#7862 = SURFACE_STYLE_FILL_AREA(#7863);
#7863 = FILL_AREA_STYLE('',(#7864));
#7864 = FILL_AREA_STYLE_COLOUR('',#7745);
#7865 = MECHANICAL_DESIGN_GEOMETRIC_PRESENTATION_REPRESENTATION('',(
    #7866,#7873,#7880,#7887,#7894,#7901,#7908,#7915,#7922,#7929,#7936,
    #7943,#7950,#7957,#7964,#7971,#7979,#7986,#7993,#8000,#8007,#8014,
    #8021,#8028),#2355);
#7866 = STYLED_ITEM('color',(#7867),#1718);
#7867 = PRESENTATION_STYLE_ASSIGNMENT((#7868));
#7868 = SURFACE_STYLE_USAGE(.BOTH.,#7869);
#7869 = SURFACE_SIDE_STYLE('',(#7870));
#7870 = SURFACE_STYLE_FILL_AREA(#7871);
#7871 = FILL_AREA_STYLE('',(#7872));
#7872 = FILL_AREA_STYLE_COLOUR('',#7538);
#7873 = STYLED_ITEM('color',(#7874),#1758);
#7874 = PRESENTATION_STYLE_ASSIGNMENT((#7875));
#7875 = SURFACE_STYLE_USAGE(.BOTH.,#7876);
#7876 = SURFACE_SIDE_STYLE('',(#7877));
#7877 = SURFACE_STYLE_FILL_AREA(#7878);
#7878 = FILL_AREA_STYLE('',(#7879));
#7879 = FILL_AREA_STYLE_COLOUR('',#7538);
#7880 = STYLED_ITEM('color',(#7881),#1789);
#7881 = PRESENTATION_STYLE_ASSIGNMENT((#7882));
#7882 = SURFACE_STYLE_USAGE(.BOTH.,#7883);
#7883 = SURFACE_SIDE_STYLE('',(#7884));
#7884 = SURFACE_STYLE_FILL_AREA(#7885);
#7885 = FILL_AREA_STYLE('',(#7886));
#7886 = FILL_AREA_STYLE_COLOUR('',#7538);
#7887 = STYLED_ITEM('color',(#7888),#1907);
#7888 = PRESENTATION_STYLE_ASSIGNMENT((#7889));
#7889 = SURFACE_STYLE_USAGE(.BOTH.,#7890);
#7890 = SURFACE_SIDE_STYLE('',(#7891));
#7891 = SURFACE_STYLE_FILL_AREA(#7892);
#7892 = FILL_AREA_STYLE('',(#7893));
#7893 = FILL_AREA_STYLE_COLOUR('',#7538);
#7894 = STYLED_ITEM('color',(#7895),#1938);
#7895 = PRESENTATION_STYLE_ASSIGNMENT((#7896));
#7896 = SURFACE_STYLE_USAGE(.BOTH.,#7897);
#7897 = SURFACE_SIDE_STYLE('',(#7898));
#7898 = SURFACE_STYLE_FILL_AREA(#7899);
#7899 = FILL_AREA_STYLE('',(#7900));
#7900 = FILL_AREA_STYLE_COLOUR('',#7538);
#7901 = STYLED_ITEM('color',(#7902),#1962);
#7902 = PRESENTATION_STYLE_ASSIGNMENT((#7903));
#7903 = SURFACE_STYLE_USAGE(.BOTH.,#7904);
#7904 = SURFACE_SIDE_STYLE('',(#7905));
#7905 = SURFACE_STYLE_FILL_AREA(#7906);
#7906 = FILL_AREA_STYLE('',(#7907));
#7907 = FILL_AREA_STYLE_COLOUR('',#7538);
#7908 = STYLED_ITEM('color',(#7909),#1979);
#7909 = PRESENTATION_STYLE_ASSIGNMENT((#7910));
#7910 = SURFACE_STYLE_USAGE(.BOTH.,#7911);
#7911 = SURFACE_SIDE_STYLE('',(#7912));
#7912 = SURFACE_STYLE_FILL_AREA(#7913);
#7913 = FILL_AREA_STYLE('',(#7914));
#7914 = FILL_AREA_STYLE_COLOUR('',#7538);
#7915 = STYLED_ITEM('color',(#7916),#2003);
#7916 = PRESENTATION_STYLE_ASSIGNMENT((#7917));
#7917 = SURFACE_STYLE_USAGE(.BOTH.,#7918);
#7918 = SURFACE_SIDE_STYLE('',(#7919));
#7919 = SURFACE_STYLE_FILL_AREA(#7920);
#7920 = FILL_AREA_STYLE('',(#7921));
#7921 = FILL_AREA_STYLE_COLOUR('',#7745);
#7922 = STYLED_ITEM('color',(#7923),#2034);
#7923 = PRESENTATION_STYLE_ASSIGNMENT((#7924));
#7924 = SURFACE_STYLE_USAGE(.BOTH.,#7925);
#7925 = SURFACE_SIDE_STYLE('',(#7926));
#7926 = SURFACE_STYLE_FILL_AREA(#7927);
#7927 = FILL_AREA_STYLE('',(#7928));
#7928 = FILL_AREA_STYLE_COLOUR('',#7745);
#7929 = STYLED_ITEM('color',(#7930),#2058);
#7930 = PRESENTATION_STYLE_ASSIGNMENT((#7931));
#7931 = SURFACE_STYLE_USAGE(.BOTH.,#7932);
#7932 = SURFACE_SIDE_STYLE('',(#7933));
#7933 = SURFACE_STYLE_FILL_AREA(#7934);
#7934 = FILL_AREA_STYLE('',(#7935));
#7935 = FILL_AREA_STYLE_COLOUR('',#7745);
#7936 = STYLED_ITEM('color',(#7937),#2082);
#7937 = PRESENTATION_STYLE_ASSIGNMENT((#7938));
#7938 = SURFACE_STYLE_USAGE(.BOTH.,#7939);
#7939 = SURFACE_SIDE_STYLE('',(#7940));
#7940 = SURFACE_STYLE_FILL_AREA(#7941);
#7941 = FILL_AREA_STYLE('',(#7942));
#7942 = FILL_AREA_STYLE_COLOUR('',#7745);
#7943 = STYLED_ITEM('color',(#7944),#2099);
#7944 = PRESENTATION_STYLE_ASSIGNMENT((#7945));
#7945 = SURFACE_STYLE_USAGE(.BOTH.,#7946);
#7946 = SURFACE_SIDE_STYLE('',(#7947));
#7947 = SURFACE_STYLE_FILL_AREA(#7948);
#7948 = FILL_AREA_STYLE('',(#7949));
#7949 = FILL_AREA_STYLE_COLOUR('',#7745);
#7950 = STYLED_ITEM('color',(#7951),#2130);
#7951 = PRESENTATION_STYLE_ASSIGNMENT((#7952));
#7952 = SURFACE_STYLE_USAGE(.BOTH.,#7953);
#7953 = SURFACE_SIDE_STYLE('',(#7954));
#7954 = SURFACE_STYLE_FILL_AREA(#7955);
#7955 = FILL_AREA_STYLE('',(#7956));
#7956 = FILL_AREA_STYLE_COLOUR('',#7745);
#7957 = STYLED_ITEM('color',(#7958),#2154);
#7958 = PRESENTATION_STYLE_ASSIGNMENT((#7959));
#7959 = SURFACE_STYLE_USAGE(.BOTH.,#7960);
#7960 = SURFACE_SIDE_STYLE('',(#7961));
#7961 = SURFACE_STYLE_FILL_AREA(#7962);
#7962 = FILL_AREA_STYLE('',(#7963));
#7963 = FILL_AREA_STYLE_COLOUR('',#7745);
#7964 = STYLED_ITEM('color',(#7965),#2178);
#7965 = PRESENTATION_STYLE_ASSIGNMENT((#7966));
#7966 = SURFACE_STYLE_USAGE(.BOTH.,#7967);
#7967 = SURFACE_SIDE_STYLE('',(#7968));
#7968 = SURFACE_STYLE_FILL_AREA(#7969);
#7969 = FILL_AREA_STYLE('',(#7970));
#7970 = FILL_AREA_STYLE_COLOUR('',#7745);
#7971 = STYLED_ITEM('color',(#7972),#2195);
#7972 = PRESENTATION_STYLE_ASSIGNMENT((#7973));
#7973 = SURFACE_STYLE_USAGE(.BOTH.,#7974);
#7974 = SURFACE_SIDE_STYLE('',(#7975));
#7975 = SURFACE_STYLE_FILL_AREA(#7976);
#7976 = FILL_AREA_STYLE('',(#7977));
#7977 = FILL_AREA_STYLE_COLOUR('',#7978);
#7978 = COLOUR_RGB('',0.340000006699,0.68000001254,0.444999988852);
#7979 = STYLED_ITEM('color',(#7980),#2226);
#7980 = PRESENTATION_STYLE_ASSIGNMENT((#7981));
#7981 = SURFACE_STYLE_USAGE(.BOTH.,#7982);
#7982 = SURFACE_SIDE_STYLE('',(#7983));
#7983 = SURFACE_STYLE_FILL_AREA(#7984);
#7984 = FILL_AREA_STYLE('',(#7985));
#7985 = FILL_AREA_STYLE_COLOUR('',#7978);
#7986 = STYLED_ITEM('color',(#7987),#2250);
#7987 = PRESENTATION_STYLE_ASSIGNMENT((#7988));
#7988 = SURFACE_STYLE_USAGE(.BOTH.,#7989);
#7989 = SURFACE_SIDE_STYLE('',(#7990));
#7990 = SURFACE_STYLE_FILL_AREA(#7991);
#7991 = FILL_AREA_STYLE('',(#7992));
#7992 = FILL_AREA_STYLE_COLOUR('',#7978);
#7993 = STYLED_ITEM('color',(#7994),#2267);
#7994 = PRESENTATION_STYLE_ASSIGNMENT((#7995));
#7995 = SURFACE_STYLE_USAGE(.BOTH.,#7996);
#7996 = SURFACE_SIDE_STYLE('',(#7997));
#7997 = SURFACE_STYLE_FILL_AREA(#7998);
#7998 = FILL_AREA_STYLE('',(#7999));
#7999 = FILL_AREA_STYLE_COLOUR('',#7538);
#8000 = STYLED_ITEM('color',(#8001),#2291);
#8001 = PRESENTATION_STYLE_ASSIGNMENT((#8002));
#8002 = SURFACE_STYLE_USAGE(.BOTH.,#8003);
#8003 = SURFACE_SIDE_STYLE('',(#8004));
#8004 = SURFACE_STYLE_FILL_AREA(#8005);
#8005 = FILL_AREA_STYLE('',(#8006));
#8006 = FILL_AREA_STYLE_COLOUR('',#7538);
#8007 = STYLED_ITEM('color',(#8008),#2308);
#8008 = PRESENTATION_STYLE_ASSIGNMENT((#8009));
#8009 = SURFACE_STYLE_USAGE(.BOTH.,#8010);
#8010 = SURFACE_SIDE_STYLE('',(#8011));
#8011 = SURFACE_STYLE_FILL_AREA(#8012);
#8012 = FILL_AREA_STYLE('',(#8013));
#8013 = FILL_AREA_STYLE_COLOUR('',#7538);
#8014 = STYLED_ITEM('color',(#8015),#2320);
#8015 = PRESENTATION_STYLE_ASSIGNMENT((#8016));
#8016 = SURFACE_STYLE_USAGE(.BOTH.,#8017);
#8017 = SURFACE_SIDE_STYLE('',(#8018));
#8018 = SURFACE_STYLE_FILL_AREA(#8019);
#8019 = FILL_AREA_STYLE('',(#8020));
#8020 = FILL_AREA_STYLE_COLOUR('',#7745);
#8021 = STYLED_ITEM('color',(#8022),#2332);
#8022 = PRESENTATION_STYLE_ASSIGNMENT((#8023));
#8023 = SURFACE_STYLE_USAGE(.BOTH.,#8024);
#8024 = SURFACE_SIDE_STYLE('',(#8025));
#8025 = SURFACE_STYLE_FILL_AREA(#8026);
#8026 = FILL_AREA_STYLE('',(#8027));
#8027 = FILL_AREA_STYLE_COLOUR('',#7745);
#8028 = STYLED_ITEM('color',(#8029),#2344);
#8029 = PRESENTATION_STYLE_ASSIGNMENT((#8030));
#8030 = SURFACE_STYLE_USAGE(.BOTH.,#8031);
#8031 = SURFACE_SIDE_STYLE('',(#8032));
#8032 = SURFACE_STYLE_FILL_AREA(#8033);
#8033 = FILL_AREA_STYLE('',(#8034));
#8034 = FILL_AREA_STYLE_COLOUR('',#7978);
#8035 = MECHANICAL_DESIGN_GEOMETRIC_PRESENTATION_REPRESENTATION('',(
    #8036,#8044,#8051,#8058,#8065,#8072,#8079,#8086,#8093,#8100,#8107,
    #8114,#8121,#8128,#8135,#8142,#8149,#8156,#8163,#8170,#8177,#8184,
    #8191,#8198,#8205,#8212,#8219,#8227,#8234,#8241,#8248,#8255,#8262,
    #8269,#8276,#8283,#8290,#8297,#8304,#8311,#8318,#8325,#8332,#8339,
    #8346,#8353,#8360,#8367,#8374,#8381,#8388,#8395,#8402,#8409,#8416,
    #8423,#8430,#8437,#8444,#8451,#8458,#8465,#8472,#8479,#8486,#8493,
    #8500,#8507,#8514,#8521,#8528,#8535,#8542,#8549,#8556,#8563,#8570,
    #8577,#8584,#8591,#8598,#8605,#8612,#8619,#8626,#8633,#8640,#8647,
    #8654,#8661,#8668,#8675,#8682,#8689,#8696,#8703,#8710,#8717,#8724,
    #8731,#8738,#8745,#8752,#8759,#8766,#8773,#8780,#8787,#8794,#8801,
    #8808,#8815,#8822,#8829,#8836,#8843,#8850,#8857,#8864,#8871,#8878,
    #8885,#8892,#8899,#8906,#8913),#6898);
#8036 = STYLED_ITEM('color',(#8037),#3190);
#8037 = PRESENTATION_STYLE_ASSIGNMENT((#8038));
#8038 = SURFACE_STYLE_USAGE(.BOTH.,#8039);
#8039 = SURFACE_SIDE_STYLE('',(#8040));
#8040 = SURFACE_STYLE_FILL_AREA(#8041);
#8041 = FILL_AREA_STYLE('',(#8042));
#8042 = FILL_AREA_STYLE_COLOUR('',#8043);
#8043 = COLOUR_RGB('',0.894117649055,0.890196087049,0.811764731185);
#8044 = STYLED_ITEM('color',(#8045),#3390);
#8045 = PRESENTATION_STYLE_ASSIGNMENT((#8046));
#8046 = SURFACE_STYLE_USAGE(.BOTH.,#8047);
#8047 = SURFACE_SIDE_STYLE('',(#8048));
#8048 = SURFACE_STYLE_FILL_AREA(#8049);
#8049 = FILL_AREA_STYLE('',(#8050));
#8050 = FILL_AREA_STYLE_COLOUR('',#8043);
#8051 = STYLED_ITEM('color',(#8052),#3421);
#8052 = PRESENTATION_STYLE_ASSIGNMENT((#8053));
#8053 = SURFACE_STYLE_USAGE(.BOTH.,#8054);
#8054 = SURFACE_SIDE_STYLE('',(#8055));
#8055 = SURFACE_STYLE_FILL_AREA(#8056);
#8056 = FILL_AREA_STYLE('',(#8057));
#8057 = FILL_AREA_STYLE_COLOUR('',#8043);
#8058 = STYLED_ITEM('color',(#8059),#3445);
#8059 = PRESENTATION_STYLE_ASSIGNMENT((#8060));
#8060 = SURFACE_STYLE_USAGE(.BOTH.,#8061);
#8061 = SURFACE_SIDE_STYLE('',(#8062));
#8062 = SURFACE_STYLE_FILL_AREA(#8063);
#8063 = FILL_AREA_STYLE('',(#8064));
#8064 = FILL_AREA_STYLE_COLOUR('',#8043);
#8065 = STYLED_ITEM('color',(#8066),#3503);
#8066 = PRESENTATION_STYLE_ASSIGNMENT((#8067));
#8067 = SURFACE_STYLE_USAGE(.BOTH.,#8068);
#8068 = SURFACE_SIDE_STYLE('',(#8069));
#8069 = SURFACE_STYLE_FILL_AREA(#8070);
#8070 = FILL_AREA_STYLE('',(#8071));
#8071 = FILL_AREA_STYLE_COLOUR('',#8043);
#8072 = STYLED_ITEM('color',(#8073),#3527);
#8073 = PRESENTATION_STYLE_ASSIGNMENT((#8074));
#8074 = SURFACE_STYLE_USAGE(.BOTH.,#8075);
#8075 = SURFACE_SIDE_STYLE('',(#8076));
#8076 = SURFACE_STYLE_FILL_AREA(#8077);
#8077 = FILL_AREA_STYLE('',(#8078));
#8078 = FILL_AREA_STYLE_COLOUR('',#8043);
#8079 = STYLED_ITEM('color',(#8080),#3551);
#8080 = PRESENTATION_STYLE_ASSIGNMENT((#8081));
#8081 = SURFACE_STYLE_USAGE(.BOTH.,#8082);
#8082 = SURFACE_SIDE_STYLE('',(#8083));
#8083 = SURFACE_STYLE_FILL_AREA(#8084);
#8084 = FILL_AREA_STYLE('',(#8085));
#8085 = FILL_AREA_STYLE_COLOUR('',#8043);
#8086 = STYLED_ITEM('color',(#8087),#3575);
#8087 = PRESENTATION_STYLE_ASSIGNMENT((#8088));
#8088 = SURFACE_STYLE_USAGE(.BOTH.,#8089);
#8089 = SURFACE_SIDE_STYLE('',(#8090));
#8090 = SURFACE_STYLE_FILL_AREA(#8091);
#8091 = FILL_AREA_STYLE('',(#8092));
#8092 = FILL_AREA_STYLE_COLOUR('',#8043);
#8093 = STYLED_ITEM('color',(#8094),#3633);
#8094 = PRESENTATION_STYLE_ASSIGNMENT((#8095));
#8095 = SURFACE_STYLE_USAGE(.BOTH.,#8096);
#8096 = SURFACE_SIDE_STYLE('',(#8097));
#8097 = SURFACE_STYLE_FILL_AREA(#8098);
#8098 = FILL_AREA_STYLE('',(#8099));
#8099 = FILL_AREA_STYLE_COLOUR('',#8043);
#8100 = STYLED_ITEM('color',(#8101),#3657);
#8101 = PRESENTATION_STYLE_ASSIGNMENT((#8102));
#8102 = SURFACE_STYLE_USAGE(.BOTH.,#8103);
#8103 = SURFACE_SIDE_STYLE('',(#8104));
#8104 = SURFACE_STYLE_FILL_AREA(#8105);
#8105 = FILL_AREA_STYLE('',(#8106));
#8106 = FILL_AREA_STYLE_COLOUR('',#8043);
#8107 = STYLED_ITEM('color',(#8108),#3681);
#8108 = PRESENTATION_STYLE_ASSIGNMENT((#8109));
#8109 = SURFACE_STYLE_USAGE(.BOTH.,#8110);
#8110 = SURFACE_SIDE_STYLE('',(#8111));
#8111 = SURFACE_STYLE_FILL_AREA(#8112);
#8112 = FILL_AREA_STYLE('',(#8113));
#8113 = FILL_AREA_STYLE_COLOUR('',#8043);
#8114 = STYLED_ITEM('color',(#8115),#3705);
#8115 = PRESENTATION_STYLE_ASSIGNMENT((#8116));
#8116 = SURFACE_STYLE_USAGE(.BOTH.,#8117);
#8117 = SURFACE_SIDE_STYLE('',(#8118));
#8118 = SURFACE_STYLE_FILL_AREA(#8119);
#8119 = FILL_AREA_STYLE('',(#8120));
#8120 = FILL_AREA_STYLE_COLOUR('',#8043);
#8121 = STYLED_ITEM('color',(#8122),#3763);
#8122 = PRESENTATION_STYLE_ASSIGNMENT((#8123));
#8123 = SURFACE_STYLE_USAGE(.BOTH.,#8124);
#8124 = SURFACE_SIDE_STYLE('',(#8125));
#8125 = SURFACE_STYLE_FILL_AREA(#8126);
#8126 = FILL_AREA_STYLE('',(#8127));
#8127 = FILL_AREA_STYLE_COLOUR('',#8043);
#8128 = STYLED_ITEM('color',(#8129),#3787);
#8129 = PRESENTATION_STYLE_ASSIGNMENT((#8130));
#8130 = SURFACE_STYLE_USAGE(.BOTH.,#8131);
#8131 = SURFACE_SIDE_STYLE('',(#8132));
#8132 = SURFACE_STYLE_FILL_AREA(#8133);
#8133 = FILL_AREA_STYLE('',(#8134));
#8134 = FILL_AREA_STYLE_COLOUR('',#8043);
#8135 = STYLED_ITEM('color',(#8136),#3811);
#8136 = PRESENTATION_STYLE_ASSIGNMENT((#8137));
#8137 = SURFACE_STYLE_USAGE(.BOTH.,#8138);
#8138 = SURFACE_SIDE_STYLE('',(#8139));
#8139 = SURFACE_STYLE_FILL_AREA(#8140);
#8140 = FILL_AREA_STYLE('',(#8141));
#8141 = FILL_AREA_STYLE_COLOUR('',#8043);
#8142 = STYLED_ITEM('color',(#8143),#3835);
#8143 = PRESENTATION_STYLE_ASSIGNMENT((#8144));
#8144 = SURFACE_STYLE_USAGE(.BOTH.,#8145);
#8145 = SURFACE_SIDE_STYLE('',(#8146));
#8146 = SURFACE_STYLE_FILL_AREA(#8147);
#8147 = FILL_AREA_STYLE('',(#8148));
#8148 = FILL_AREA_STYLE_COLOUR('',#8043);
#8149 = STYLED_ITEM('color',(#8150),#3893);
#8150 = PRESENTATION_STYLE_ASSIGNMENT((#8151));
#8151 = SURFACE_STYLE_USAGE(.BOTH.,#8152);
#8152 = SURFACE_SIDE_STYLE('',(#8153));
#8153 = SURFACE_STYLE_FILL_AREA(#8154);
#8154 = FILL_AREA_STYLE('',(#8155));
#8155 = FILL_AREA_STYLE_COLOUR('',#8043);
#8156 = STYLED_ITEM('color',(#8157),#3917);
#8157 = PRESENTATION_STYLE_ASSIGNMENT((#8158));
#8158 = SURFACE_STYLE_USAGE(.BOTH.,#8159);
#8159 = SURFACE_SIDE_STYLE('',(#8160));
#8160 = SURFACE_STYLE_FILL_AREA(#8161);
#8161 = FILL_AREA_STYLE('',(#8162));
#8162 = FILL_AREA_STYLE_COLOUR('',#8043);
#8163 = STYLED_ITEM('color',(#8164),#3941);
#8164 = PRESENTATION_STYLE_ASSIGNMENT((#8165));
#8165 = SURFACE_STYLE_USAGE(.BOTH.,#8166);
#8166 = SURFACE_SIDE_STYLE('',(#8167));
#8167 = SURFACE_STYLE_FILL_AREA(#8168);
#8168 = FILL_AREA_STYLE('',(#8169));
#8169 = FILL_AREA_STYLE_COLOUR('',#8043);
#8170 = STYLED_ITEM('color',(#8171),#4021);
#8171 = PRESENTATION_STYLE_ASSIGNMENT((#8172));
#8172 = SURFACE_STYLE_USAGE(.BOTH.,#8173);
#8173 = SURFACE_SIDE_STYLE('',(#8174));
#8174 = SURFACE_STYLE_FILL_AREA(#8175);
#8175 = FILL_AREA_STYLE('',(#8176));
#8176 = FILL_AREA_STYLE_COLOUR('',#8043);
#8177 = STYLED_ITEM('color',(#8178),#4045);
#8178 = PRESENTATION_STYLE_ASSIGNMENT((#8179));
#8179 = SURFACE_STYLE_USAGE(.BOTH.,#8180);
#8180 = SURFACE_SIDE_STYLE('',(#8181));
#8181 = SURFACE_STYLE_FILL_AREA(#8182);
#8182 = FILL_AREA_STYLE('',(#8183));
#8183 = FILL_AREA_STYLE_COLOUR('',#8043);
#8184 = STYLED_ITEM('color',(#8185),#4109);
#8185 = PRESENTATION_STYLE_ASSIGNMENT((#8186));
#8186 = SURFACE_STYLE_USAGE(.BOTH.,#8187);
#8187 = SURFACE_SIDE_STYLE('',(#8188));
#8188 = SURFACE_STYLE_FILL_AREA(#8189);
#8189 = FILL_AREA_STYLE('',(#8190));
#8190 = FILL_AREA_STYLE_COLOUR('',#8043);
#8191 = STYLED_ITEM('color',(#8192),#4133);
#8192 = PRESENTATION_STYLE_ASSIGNMENT((#8193));
#8193 = SURFACE_STYLE_USAGE(.BOTH.,#8194);
#8194 = SURFACE_SIDE_STYLE('',(#8195));
#8195 = SURFACE_STYLE_FILL_AREA(#8196);
#8196 = FILL_AREA_STYLE('',(#8197));
#8197 = FILL_AREA_STYLE_COLOUR('',#8043);
#8198 = STYLED_ITEM('color',(#8199),#4197);
#8199 = PRESENTATION_STYLE_ASSIGNMENT((#8200));
#8200 = SURFACE_STYLE_USAGE(.BOTH.,#8201);
#8201 = SURFACE_SIDE_STYLE('',(#8202));
#8202 = SURFACE_STYLE_FILL_AREA(#8203);
#8203 = FILL_AREA_STYLE('',(#8204));
#8204 = FILL_AREA_STYLE_COLOUR('',#8043);
#8205 = STYLED_ITEM('color',(#8206),#4221);
#8206 = PRESENTATION_STYLE_ASSIGNMENT((#8207));
#8207 = SURFACE_STYLE_USAGE(.BOTH.,#8208);
#8208 = SURFACE_SIDE_STYLE('',(#8209));
#8209 = SURFACE_STYLE_FILL_AREA(#8210);
#8210 = FILL_AREA_STYLE('',(#8211));
#8211 = FILL_AREA_STYLE_COLOUR('',#8043);
#8212 = STYLED_ITEM('color',(#8213),#4294);
#8213 = PRESENTATION_STYLE_ASSIGNMENT((#8214));
#8214 = SURFACE_STYLE_USAGE(.BOTH.,#8215);
#8215 = SURFACE_SIDE_STYLE('',(#8216));
#8216 = SURFACE_STYLE_FILL_AREA(#8217);
#8217 = FILL_AREA_STYLE('',(#8218));
#8218 = FILL_AREA_STYLE_COLOUR('',#8043);
#8219 = STYLED_ITEM('color',(#8220),#4327);
#8220 = PRESENTATION_STYLE_ASSIGNMENT((#8221));
#8221 = SURFACE_STYLE_USAGE(.BOTH.,#8222);
#8222 = SURFACE_SIDE_STYLE('',(#8223));
#8223 = SURFACE_STYLE_FILL_AREA(#8224);
#8224 = FILL_AREA_STYLE('',(#8225));
#8225 = FILL_AREA_STYLE_COLOUR('',#8226);
#8226 = COLOUR_RGB('',0.823529417451,0.819607860991,0.780392170416);
#8227 = STYLED_ITEM('color',(#8228),#4358);
#8228 = PRESENTATION_STYLE_ASSIGNMENT((#8229));
#8229 = SURFACE_STYLE_USAGE(.BOTH.,#8230);
#8230 = SURFACE_SIDE_STYLE('',(#8231));
#8231 = SURFACE_STYLE_FILL_AREA(#8232);
#8232 = FILL_AREA_STYLE('',(#8233));
#8233 = FILL_AREA_STYLE_COLOUR('',#8226);
#8234 = STYLED_ITEM('color',(#8235),#4414);
#8235 = PRESENTATION_STYLE_ASSIGNMENT((#8236));
#8236 = SURFACE_STYLE_USAGE(.BOTH.,#8237);
#8237 = SURFACE_SIDE_STYLE('',(#8238));
#8238 = SURFACE_STYLE_FILL_AREA(#8239);
#8239 = FILL_AREA_STYLE('',(#8240));
#8240 = FILL_AREA_STYLE_COLOUR('',#8226);
#8241 = STYLED_ITEM('color',(#8242),#4438);
#8242 = PRESENTATION_STYLE_ASSIGNMENT((#8243));
#8243 = SURFACE_STYLE_USAGE(.BOTH.,#8244);
#8244 = SURFACE_SIDE_STYLE('',(#8245));
#8245 = SURFACE_STYLE_FILL_AREA(#8246);
#8246 = FILL_AREA_STYLE('',(#8247));
#8247 = FILL_AREA_STYLE_COLOUR('',#8226);
#8248 = STYLED_ITEM('color',(#8249),#4487);
#8249 = PRESENTATION_STYLE_ASSIGNMENT((#8250));
#8250 = SURFACE_STYLE_USAGE(.BOTH.,#8251);
#8251 = SURFACE_SIDE_STYLE('',(#8252));
#8252 = SURFACE_STYLE_FILL_AREA(#8253);
#8253 = FILL_AREA_STYLE('',(#8254));
#8254 = FILL_AREA_STYLE_COLOUR('',#8226);
#8255 = STYLED_ITEM('color',(#8256),#4518);
#8256 = PRESENTATION_STYLE_ASSIGNMENT((#8257));
#8257 = SURFACE_STYLE_USAGE(.BOTH.,#8258);
#8258 = SURFACE_SIDE_STYLE('',(#8259));
#8259 = SURFACE_STYLE_FILL_AREA(#8260);
#8260 = FILL_AREA_STYLE('',(#8261));
#8261 = FILL_AREA_STYLE_COLOUR('',#8226);
#8262 = STYLED_ITEM('color',(#8263),#4542);
#8263 = PRESENTATION_STYLE_ASSIGNMENT((#8264));
#8264 = SURFACE_STYLE_USAGE(.BOTH.,#8265);
#8265 = SURFACE_SIDE_STYLE('',(#8266));
#8266 = SURFACE_STYLE_FILL_AREA(#8267);
#8267 = FILL_AREA_STYLE('',(#8268));
#8268 = FILL_AREA_STYLE_COLOUR('',#8226);
#8269 = STYLED_ITEM('color',(#8270),#4566);
#8270 = PRESENTATION_STYLE_ASSIGNMENT((#8271));
#8271 = SURFACE_STYLE_USAGE(.BOTH.,#8272);
#8272 = SURFACE_SIDE_STYLE('',(#8273));
#8273 = SURFACE_STYLE_FILL_AREA(#8274);
#8274 = FILL_AREA_STYLE('',(#8275));
#8275 = FILL_AREA_STYLE_COLOUR('',#8226);
#8276 = STYLED_ITEM('color',(#8277),#4583);
#8277 = PRESENTATION_STYLE_ASSIGNMENT((#8278));
#8278 = SURFACE_STYLE_USAGE(.BOTH.,#8279);
#8279 = SURFACE_SIDE_STYLE('',(#8280));
#8280 = SURFACE_STYLE_FILL_AREA(#8281);
#8281 = FILL_AREA_STYLE('',(#8282));
#8282 = FILL_AREA_STYLE_COLOUR('',#8226);
#8283 = STYLED_ITEM('color',(#8284),#4614);
#8284 = PRESENTATION_STYLE_ASSIGNMENT((#8285));
#8285 = SURFACE_STYLE_USAGE(.BOTH.,#8286);
#8286 = SURFACE_SIDE_STYLE('',(#8287));
#8287 = SURFACE_STYLE_FILL_AREA(#8288);
#8288 = FILL_AREA_STYLE('',(#8289));
#8289 = FILL_AREA_STYLE_COLOUR('',#8226);
#8290 = STYLED_ITEM('color',(#8291),#4638);
#8291 = PRESENTATION_STYLE_ASSIGNMENT((#8292));
#8292 = SURFACE_STYLE_USAGE(.BOTH.,#8293);
#8293 = SURFACE_SIDE_STYLE('',(#8294));
#8294 = SURFACE_STYLE_FILL_AREA(#8295);
#8295 = FILL_AREA_STYLE('',(#8296));
#8296 = FILL_AREA_STYLE_COLOUR('',#8226);
#8297 = STYLED_ITEM('color',(#8298),#4662);
#8298 = PRESENTATION_STYLE_ASSIGNMENT((#8299));
#8299 = SURFACE_STYLE_USAGE(.BOTH.,#8300);
#8300 = SURFACE_SIDE_STYLE('',(#8301));
#8301 = SURFACE_STYLE_FILL_AREA(#8302);
#8302 = FILL_AREA_STYLE('',(#8303));
#8303 = FILL_AREA_STYLE_COLOUR('',#8226);
#8304 = STYLED_ITEM('color',(#8305),#4679);
#8305 = PRESENTATION_STYLE_ASSIGNMENT((#8306));
#8306 = SURFACE_STYLE_USAGE(.BOTH.,#8307);
#8307 = SURFACE_SIDE_STYLE('',(#8308));
#8308 = SURFACE_STYLE_FILL_AREA(#8309);
#8309 = FILL_AREA_STYLE('',(#8310));
#8310 = FILL_AREA_STYLE_COLOUR('',#8226);
#8311 = STYLED_ITEM('color',(#8312),#4742);
#8312 = PRESENTATION_STYLE_ASSIGNMENT((#8313));
#8313 = SURFACE_STYLE_USAGE(.BOTH.,#8314);
#8314 = SURFACE_SIDE_STYLE('',(#8315));
#8315 = SURFACE_STYLE_FILL_AREA(#8316);
#8316 = FILL_AREA_STYLE('',(#8317));
#8317 = FILL_AREA_STYLE_COLOUR('',#8226);
#8318 = STYLED_ITEM('color',(#8319),#4766);
#8319 = PRESENTATION_STYLE_ASSIGNMENT((#8320));
#8320 = SURFACE_STYLE_USAGE(.BOTH.,#8321);
#8321 = SURFACE_SIDE_STYLE('',(#8322));
#8322 = SURFACE_STYLE_FILL_AREA(#8323);
#8323 = FILL_AREA_STYLE('',(#8324));
#8324 = FILL_AREA_STYLE_COLOUR('',#8226);
#8325 = STYLED_ITEM('color',(#8326),#4822);
#8326 = PRESENTATION_STYLE_ASSIGNMENT((#8327));
#8327 = SURFACE_STYLE_USAGE(.BOTH.,#8328);
#8328 = SURFACE_SIDE_STYLE('',(#8329));
#8329 = SURFACE_STYLE_FILL_AREA(#8330);
#8330 = FILL_AREA_STYLE('',(#8331));
#8331 = FILL_AREA_STYLE_COLOUR('',#8226);
#8332 = STYLED_ITEM('color',(#8333),#4839);
#8333 = PRESENTATION_STYLE_ASSIGNMENT((#8334));
#8334 = SURFACE_STYLE_USAGE(.BOTH.,#8335);
#8335 = SURFACE_SIDE_STYLE('',(#8336));
#8336 = SURFACE_STYLE_FILL_AREA(#8337);
#8337 = FILL_AREA_STYLE('',(#8338));
#8338 = FILL_AREA_STYLE_COLOUR('',#8043);
#8339 = STYLED_ITEM('color',(#8340),#4920);
#8340 = PRESENTATION_STYLE_ASSIGNMENT((#8341));
#8341 = SURFACE_STYLE_USAGE(.BOTH.,#8342);
#8342 = SURFACE_SIDE_STYLE('',(#8343));
#8343 = SURFACE_STYLE_FILL_AREA(#8344);
#8344 = FILL_AREA_STYLE('',(#8345));
#8345 = FILL_AREA_STYLE_COLOUR('',#8043);
#8346 = STYLED_ITEM('color',(#8347),#4944);
#8347 = PRESENTATION_STYLE_ASSIGNMENT((#8348));
#8348 = SURFACE_STYLE_USAGE(.BOTH.,#8349);
#8349 = SURFACE_SIDE_STYLE('',(#8350));
#8350 = SURFACE_STYLE_FILL_AREA(#8351);
#8351 = FILL_AREA_STYLE('',(#8352));
#8352 = FILL_AREA_STYLE_COLOUR('',#8043);
#8353 = STYLED_ITEM('color',(#8354),#5173);
#8354 = PRESENTATION_STYLE_ASSIGNMENT((#8355));
#8355 = SURFACE_STYLE_USAGE(.BOTH.,#8356);
#8356 = SURFACE_SIDE_STYLE('',(#8357));
#8357 = SURFACE_STYLE_FILL_AREA(#8358);
#8358 = FILL_AREA_STYLE('',(#8359));
#8359 = FILL_AREA_STYLE_COLOUR('',#8043);
#8360 = STYLED_ITEM('color',(#8361),#5190);
#8361 = PRESENTATION_STYLE_ASSIGNMENT((#8362));
#8362 = SURFACE_STYLE_USAGE(.BOTH.,#8363);
#8363 = SURFACE_SIDE_STYLE('',(#8364));
#8364 = SURFACE_STYLE_FILL_AREA(#8365);
#8365 = FILL_AREA_STYLE('',(#8366));
#8366 = FILL_AREA_STYLE_COLOUR('',#8043);
#8367 = STYLED_ITEM('color',(#8368),#5207);
#8368 = PRESENTATION_STYLE_ASSIGNMENT((#8369));
#8369 = SURFACE_STYLE_USAGE(.BOTH.,#8370);
#8370 = SURFACE_SIDE_STYLE('',(#8371));
#8371 = SURFACE_STYLE_FILL_AREA(#8372);
#8372 = FILL_AREA_STYLE('',(#8373));
#8373 = FILL_AREA_STYLE_COLOUR('',#8043);
#8374 = STYLED_ITEM('color',(#8375),#5224);
#8375 = PRESENTATION_STYLE_ASSIGNMENT((#8376));
#8376 = SURFACE_STYLE_USAGE(.BOTH.,#8377);
#8377 = SURFACE_SIDE_STYLE('',(#8378));
#8378 = SURFACE_STYLE_FILL_AREA(#8379);
#8379 = FILL_AREA_STYLE('',(#8380));
#8380 = FILL_AREA_STYLE_COLOUR('',#8043);
#8381 = STYLED_ITEM('color',(#8382),#5236);
#8382 = PRESENTATION_STYLE_ASSIGNMENT((#8383));
#8383 = SURFACE_STYLE_USAGE(.BOTH.,#8384);
#8384 = SURFACE_SIDE_STYLE('',(#8385));
#8385 = SURFACE_STYLE_FILL_AREA(#8386);
#8386 = FILL_AREA_STYLE('',(#8387));
#8387 = FILL_AREA_STYLE_COLOUR('',#8043);
#8388 = STYLED_ITEM('color',(#8389),#5248);
#8389 = PRESENTATION_STYLE_ASSIGNMENT((#8390));
#8390 = SURFACE_STYLE_USAGE(.BOTH.,#8391);
#8391 = SURFACE_SIDE_STYLE('',(#8392));
#8392 = SURFACE_STYLE_FILL_AREA(#8393);
#8393 = FILL_AREA_STYLE('',(#8394));
#8394 = FILL_AREA_STYLE_COLOUR('',#8043);
#8395 = STYLED_ITEM('color',(#8396),#5265);
#8396 = PRESENTATION_STYLE_ASSIGNMENT((#8397));
#8397 = SURFACE_STYLE_USAGE(.BOTH.,#8398);
#8398 = SURFACE_SIDE_STYLE('',(#8399));
#8399 = SURFACE_STYLE_FILL_AREA(#8400);
#8400 = FILL_AREA_STYLE('',(#8401));
#8401 = FILL_AREA_STYLE_COLOUR('',#8043);
#8402 = STYLED_ITEM('color',(#8403),#5282);
#8403 = PRESENTATION_STYLE_ASSIGNMENT((#8404));
#8404 = SURFACE_STYLE_USAGE(.BOTH.,#8405);
#8405 = SURFACE_SIDE_STYLE('',(#8406));
#8406 = SURFACE_STYLE_FILL_AREA(#8407);
#8407 = FILL_AREA_STYLE('',(#8408));
#8408 = FILL_AREA_STYLE_COLOUR('',#8043);
#8409 = STYLED_ITEM('color',(#8410),#5299);
#8410 = PRESENTATION_STYLE_ASSIGNMENT((#8411));
#8411 = SURFACE_STYLE_USAGE(.BOTH.,#8412);
#8412 = SURFACE_SIDE_STYLE('',(#8413));
#8413 = SURFACE_STYLE_FILL_AREA(#8414);
#8414 = FILL_AREA_STYLE('',(#8415));
#8415 = FILL_AREA_STYLE_COLOUR('',#8043);
#8416 = STYLED_ITEM('color',(#8417),#5311);
#8417 = PRESENTATION_STYLE_ASSIGNMENT((#8418));
#8418 = SURFACE_STYLE_USAGE(.BOTH.,#8419);
#8419 = SURFACE_SIDE_STYLE('',(#8420));
#8420 = SURFACE_STYLE_FILL_AREA(#8421);
#8421 = FILL_AREA_STYLE('',(#8422));
#8422 = FILL_AREA_STYLE_COLOUR('',#8043);
#8423 = STYLED_ITEM('color',(#8424),#5328);
#8424 = PRESENTATION_STYLE_ASSIGNMENT((#8425));
#8425 = SURFACE_STYLE_USAGE(.BOTH.,#8426);
#8426 = SURFACE_SIDE_STYLE('',(#8427));
#8427 = SURFACE_STYLE_FILL_AREA(#8428);
#8428 = FILL_AREA_STYLE('',(#8429));
#8429 = FILL_AREA_STYLE_COLOUR('',#8226);
#8430 = STYLED_ITEM('color',(#8431),#5345);
#8431 = PRESENTATION_STYLE_ASSIGNMENT((#8432));
#8432 = SURFACE_STYLE_USAGE(.BOTH.,#8433);
#8433 = SURFACE_SIDE_STYLE('',(#8434));
#8434 = SURFACE_STYLE_FILL_AREA(#8435);
#8435 = FILL_AREA_STYLE('',(#8436));
#8436 = FILL_AREA_STYLE_COLOUR('',#8226);
#8437 = STYLED_ITEM('color',(#8438),#5392);
#8438 = PRESENTATION_STYLE_ASSIGNMENT((#8439));
#8439 = SURFACE_STYLE_USAGE(.BOTH.,#8440);
#8440 = SURFACE_SIDE_STYLE('',(#8441));
#8441 = SURFACE_STYLE_FILL_AREA(#8442);
#8442 = FILL_AREA_STYLE('',(#8443));
#8443 = FILL_AREA_STYLE_COLOUR('',#8226);
#8444 = STYLED_ITEM('color',(#8445),#5418);
#8445 = PRESENTATION_STYLE_ASSIGNMENT((#8446));
#8446 = SURFACE_STYLE_USAGE(.BOTH.,#8447);
#8447 = SURFACE_SIDE_STYLE('',(#8448));
#8448 = SURFACE_STYLE_FILL_AREA(#8449);
#8449 = FILL_AREA_STYLE('',(#8450));
#8450 = FILL_AREA_STYLE_COLOUR('',#8226);
#8451 = STYLED_ITEM('color',(#8452),#5435);
#8452 = PRESENTATION_STYLE_ASSIGNMENT((#8453));
#8453 = SURFACE_STYLE_USAGE(.BOTH.,#8454);
#8454 = SURFACE_SIDE_STYLE('',(#8455));
#8455 = SURFACE_STYLE_FILL_AREA(#8456);
#8456 = FILL_AREA_STYLE('',(#8457));
#8457 = FILL_AREA_STYLE_COLOUR('',#8226);
#8458 = STYLED_ITEM('color',(#8459),#5461);
#8459 = PRESENTATION_STYLE_ASSIGNMENT((#8460));
#8460 = SURFACE_STYLE_USAGE(.BOTH.,#8461);
#8461 = SURFACE_SIDE_STYLE('',(#8462));
#8462 = SURFACE_STYLE_FILL_AREA(#8463);
#8463 = FILL_AREA_STYLE('',(#8464));
#8464 = FILL_AREA_STYLE_COLOUR('',#8226);
#8465 = STYLED_ITEM('color',(#8466),#5494);
#8466 = PRESENTATION_STYLE_ASSIGNMENT((#8467));
#8467 = SURFACE_STYLE_USAGE(.BOTH.,#8468);
#8468 = SURFACE_SIDE_STYLE('',(#8469));
#8469 = SURFACE_STYLE_FILL_AREA(#8470);
#8470 = FILL_AREA_STYLE('',(#8471));
#8471 = FILL_AREA_STYLE_COLOUR('',#8226);
#8472 = STYLED_ITEM('color',(#8473),#5525);
#8473 = PRESENTATION_STYLE_ASSIGNMENT((#8474));
#8474 = SURFACE_STYLE_USAGE(.BOTH.,#8475);
#8475 = SURFACE_SIDE_STYLE('',(#8476));
#8476 = SURFACE_STYLE_FILL_AREA(#8477);
#8477 = FILL_AREA_STYLE('',(#8478));
#8478 = FILL_AREA_STYLE_COLOUR('',#8226);
#8479 = STYLED_ITEM('color',(#8480),#5549);
#8480 = PRESENTATION_STYLE_ASSIGNMENT((#8481));
#8481 = SURFACE_STYLE_USAGE(.BOTH.,#8482);
#8482 = SURFACE_SIDE_STYLE('',(#8483));
#8483 = SURFACE_STYLE_FILL_AREA(#8484);
#8484 = FILL_AREA_STYLE('',(#8485));
#8485 = FILL_AREA_STYLE_COLOUR('',#8226);
#8486 = STYLED_ITEM('color',(#8487),#5573);
#8487 = PRESENTATION_STYLE_ASSIGNMENT((#8488));
#8488 = SURFACE_STYLE_USAGE(.BOTH.,#8489);
#8489 = SURFACE_SIDE_STYLE('',(#8490));
#8490 = SURFACE_STYLE_FILL_AREA(#8491);
#8491 = FILL_AREA_STYLE('',(#8492));
#8492 = FILL_AREA_STYLE_COLOUR('',#8226);
#8493 = STYLED_ITEM('color',(#8494),#5590);
#8494 = PRESENTATION_STYLE_ASSIGNMENT((#8495));
#8495 = SURFACE_STYLE_USAGE(.BOTH.,#8496);
#8496 = SURFACE_SIDE_STYLE('',(#8497));
#8497 = SURFACE_STYLE_FILL_AREA(#8498);
#8498 = FILL_AREA_STYLE('',(#8499));
#8499 = FILL_AREA_STYLE_COLOUR('',#8226);
#8500 = STYLED_ITEM('color',(#8501),#5621);
#8501 = PRESENTATION_STYLE_ASSIGNMENT((#8502));
#8502 = SURFACE_STYLE_USAGE(.BOTH.,#8503);
#8503 = SURFACE_SIDE_STYLE('',(#8504));
#8504 = SURFACE_STYLE_FILL_AREA(#8505);
#8505 = FILL_AREA_STYLE('',(#8506));
#8506 = FILL_AREA_STYLE_COLOUR('',#8226);
#8507 = STYLED_ITEM('color',(#8508),#5645);
#8508 = PRESENTATION_STYLE_ASSIGNMENT((#8509));
#8509 = SURFACE_STYLE_USAGE(.BOTH.,#8510);
#8510 = SURFACE_SIDE_STYLE('',(#8511));
#8511 = SURFACE_STYLE_FILL_AREA(#8512);
#8512 = FILL_AREA_STYLE('',(#8513));
#8513 = FILL_AREA_STYLE_COLOUR('',#8226);
#8514 = STYLED_ITEM('color',(#8515),#5669);
#8515 = PRESENTATION_STYLE_ASSIGNMENT((#8516));
#8516 = SURFACE_STYLE_USAGE(.BOTH.,#8517);
#8517 = SURFACE_SIDE_STYLE('',(#8518));
#8518 = SURFACE_STYLE_FILL_AREA(#8519);
#8519 = FILL_AREA_STYLE('',(#8520));
#8520 = FILL_AREA_STYLE_COLOUR('',#8226);
#8521 = STYLED_ITEM('color',(#8522),#5686);
#8522 = PRESENTATION_STYLE_ASSIGNMENT((#8523));
#8523 = SURFACE_STYLE_USAGE(.BOTH.,#8524);
#8524 = SURFACE_SIDE_STYLE('',(#8525));
#8525 = SURFACE_STYLE_FILL_AREA(#8526);
#8526 = FILL_AREA_STYLE('',(#8527));
#8527 = FILL_AREA_STYLE_COLOUR('',#8226);
#8528 = STYLED_ITEM('color',(#8529),#5733);
#8529 = PRESENTATION_STYLE_ASSIGNMENT((#8530));
#8530 = SURFACE_STYLE_USAGE(.BOTH.,#8531);
#8531 = SURFACE_SIDE_STYLE('',(#8532));
#8532 = SURFACE_STYLE_FILL_AREA(#8533);
#8533 = FILL_AREA_STYLE('',(#8534));
#8534 = FILL_AREA_STYLE_COLOUR('',#8226);
#8535 = STYLED_ITEM('color',(#8536),#5764);
#8536 = PRESENTATION_STYLE_ASSIGNMENT((#8537));
#8537 = SURFACE_STYLE_USAGE(.BOTH.,#8538);
#8538 = SURFACE_SIDE_STYLE('',(#8539));
#8539 = SURFACE_STYLE_FILL_AREA(#8540);
#8540 = FILL_AREA_STYLE('',(#8541));
#8541 = FILL_AREA_STYLE_COLOUR('',#8226);
#8542 = STYLED_ITEM('color',(#8543),#5776);
#8543 = PRESENTATION_STYLE_ASSIGNMENT((#8544));
#8544 = SURFACE_STYLE_USAGE(.BOTH.,#8545);
#8545 = SURFACE_SIDE_STYLE('',(#8546));
#8546 = SURFACE_STYLE_FILL_AREA(#8547);
#8547 = FILL_AREA_STYLE('',(#8548));
#8548 = FILL_AREA_STYLE_COLOUR('',#8226);
#8549 = STYLED_ITEM('color',(#8550),#5793);
#8550 = PRESENTATION_STYLE_ASSIGNMENT((#8551));
#8551 = SURFACE_STYLE_USAGE(.BOTH.,#8552);
#8552 = SURFACE_SIDE_STYLE('',(#8553));
#8553 = SURFACE_STYLE_FILL_AREA(#8554);
#8554 = FILL_AREA_STYLE('',(#8555));
#8555 = FILL_AREA_STYLE_COLOUR('',#8226);
#8556 = STYLED_ITEM('color',(#8557),#5819);
#8557 = PRESENTATION_STYLE_ASSIGNMENT((#8558));
#8558 = SURFACE_STYLE_USAGE(.BOTH.,#8559);
#8559 = SURFACE_SIDE_STYLE('',(#8560));
#8560 = SURFACE_STYLE_FILL_AREA(#8561);
#8561 = FILL_AREA_STYLE('',(#8562));
#8562 = FILL_AREA_STYLE_COLOUR('',#8226);
#8563 = STYLED_ITEM('color',(#8564),#5852);
#8564 = PRESENTATION_STYLE_ASSIGNMENT((#8565));
#8565 = SURFACE_STYLE_USAGE(.BOTH.,#8566);
#8566 = SURFACE_SIDE_STYLE('',(#8567));
#8567 = SURFACE_STYLE_FILL_AREA(#8568);
#8568 = FILL_AREA_STYLE('',(#8569));
#8569 = FILL_AREA_STYLE_COLOUR('',#8043);
#8570 = STYLED_ITEM('color',(#8571),#5869);
#8571 = PRESENTATION_STYLE_ASSIGNMENT((#8572));
#8572 = SURFACE_STYLE_USAGE(.BOTH.,#8573);
#8573 = SURFACE_SIDE_STYLE('',(#8574));
#8574 = SURFACE_STYLE_FILL_AREA(#8575);
#8575 = FILL_AREA_STYLE('',(#8576));
#8576 = FILL_AREA_STYLE_COLOUR('',#8043);
#8577 = STYLED_ITEM('color',(#8578),#5886);
#8578 = PRESENTATION_STYLE_ASSIGNMENT((#8579));
#8579 = SURFACE_STYLE_USAGE(.BOTH.,#8580);
#8580 = SURFACE_SIDE_STYLE('',(#8581));
#8581 = SURFACE_STYLE_FILL_AREA(#8582);
#8582 = FILL_AREA_STYLE('',(#8583));
#8583 = FILL_AREA_STYLE_COLOUR('',#8043);
#8584 = STYLED_ITEM('color',(#8585),#5903);
#8585 = PRESENTATION_STYLE_ASSIGNMENT((#8586));
#8586 = SURFACE_STYLE_USAGE(.BOTH.,#8587);
#8587 = SURFACE_SIDE_STYLE('',(#8588));
#8588 = SURFACE_STYLE_FILL_AREA(#8589);
#8589 = FILL_AREA_STYLE('',(#8590));
#8590 = FILL_AREA_STYLE_COLOUR('',#8043);
#8591 = STYLED_ITEM('color',(#8592),#5920);
#8592 = PRESENTATION_STYLE_ASSIGNMENT((#8593));
#8593 = SURFACE_STYLE_USAGE(.BOTH.,#8594);
#8594 = SURFACE_SIDE_STYLE('',(#8595));
#8595 = SURFACE_STYLE_FILL_AREA(#8596);
#8596 = FILL_AREA_STYLE('',(#8597));
#8597 = FILL_AREA_STYLE_COLOUR('',#8043);
#8598 = STYLED_ITEM('color',(#8599),#5937);
#8599 = PRESENTATION_STYLE_ASSIGNMENT((#8600));
#8600 = SURFACE_STYLE_USAGE(.BOTH.,#8601);
#8601 = SURFACE_SIDE_STYLE('',(#8602));
#8602 = SURFACE_STYLE_FILL_AREA(#8603);
#8603 = FILL_AREA_STYLE('',(#8604));
#8604 = FILL_AREA_STYLE_COLOUR('',#8043);
#8605 = STYLED_ITEM('color',(#8606),#5954);
#8606 = PRESENTATION_STYLE_ASSIGNMENT((#8607));
#8607 = SURFACE_STYLE_USAGE(.BOTH.,#8608);
#8608 = SURFACE_SIDE_STYLE('',(#8609));
#8609 = SURFACE_STYLE_FILL_AREA(#8610);
#8610 = FILL_AREA_STYLE('',(#8611));
#8611 = FILL_AREA_STYLE_COLOUR('',#8043);
#8612 = STYLED_ITEM('color',(#8613),#5966);
#8613 = PRESENTATION_STYLE_ASSIGNMENT((#8614));
#8614 = SURFACE_STYLE_USAGE(.BOTH.,#8615);
#8615 = SURFACE_SIDE_STYLE('',(#8616));
#8616 = SURFACE_STYLE_FILL_AREA(#8617);
#8617 = FILL_AREA_STYLE('',(#8618));
#8618 = FILL_AREA_STYLE_COLOUR('',#8226);
#8619 = STYLED_ITEM('color',(#8620),#5997);
#8620 = PRESENTATION_STYLE_ASSIGNMENT((#8621));
#8621 = SURFACE_STYLE_USAGE(.BOTH.,#8622);
#8622 = SURFACE_SIDE_STYLE('',(#8623));
#8623 = SURFACE_STYLE_FILL_AREA(#8624);
#8624 = FILL_AREA_STYLE('',(#8625));
#8625 = FILL_AREA_STYLE_COLOUR('',#8226);
#8626 = STYLED_ITEM('color',(#8627),#6021);
#8627 = PRESENTATION_STYLE_ASSIGNMENT((#8628));
#8628 = SURFACE_STYLE_USAGE(.BOTH.,#8629);
#8629 = SURFACE_SIDE_STYLE('',(#8630));
#8630 = SURFACE_STYLE_FILL_AREA(#8631);
#8631 = FILL_AREA_STYLE('',(#8632));
#8632 = FILL_AREA_STYLE_COLOUR('',#8226);
#8633 = STYLED_ITEM('color',(#8634),#6045);
#8634 = PRESENTATION_STYLE_ASSIGNMENT((#8635));
#8635 = SURFACE_STYLE_USAGE(.BOTH.,#8636);
#8636 = SURFACE_SIDE_STYLE('',(#8637));
#8637 = SURFACE_STYLE_FILL_AREA(#8638);
#8638 = FILL_AREA_STYLE('',(#8639));
#8639 = FILL_AREA_STYLE_COLOUR('',#8226);
#8640 = STYLED_ITEM('color',(#8641),#6062);
#8641 = PRESENTATION_STYLE_ASSIGNMENT((#8642));
#8642 = SURFACE_STYLE_USAGE(.BOTH.,#8643);
#8643 = SURFACE_SIDE_STYLE('',(#8644));
#8644 = SURFACE_STYLE_FILL_AREA(#8645);
#8645 = FILL_AREA_STYLE('',(#8646));
#8646 = FILL_AREA_STYLE_COLOUR('',#8226);
#8647 = STYLED_ITEM('color',(#8648),#6093);
#8648 = PRESENTATION_STYLE_ASSIGNMENT((#8649));
#8649 = SURFACE_STYLE_USAGE(.BOTH.,#8650);
#8650 = SURFACE_SIDE_STYLE('',(#8651));
#8651 = SURFACE_STYLE_FILL_AREA(#8652);
#8652 = FILL_AREA_STYLE('',(#8653));
#8653 = FILL_AREA_STYLE_COLOUR('',#8226);
#8654 = STYLED_ITEM('color',(#8655),#6117);
#8655 = PRESENTATION_STYLE_ASSIGNMENT((#8656));
#8656 = SURFACE_STYLE_USAGE(.BOTH.,#8657);
#8657 = SURFACE_SIDE_STYLE('',(#8658));
#8658 = SURFACE_STYLE_FILL_AREA(#8659);
#8659 = FILL_AREA_STYLE('',(#8660));
#8660 = FILL_AREA_STYLE_COLOUR('',#8226);
#8661 = STYLED_ITEM('color',(#8662),#6141);
#8662 = PRESENTATION_STYLE_ASSIGNMENT((#8663));
#8663 = SURFACE_STYLE_USAGE(.BOTH.,#8664);
#8664 = SURFACE_SIDE_STYLE('',(#8665));
#8665 = SURFACE_STYLE_FILL_AREA(#8666);
#8666 = FILL_AREA_STYLE('',(#8667));
#8667 = FILL_AREA_STYLE_COLOUR('',#8226);
#8668 = STYLED_ITEM('color',(#8669),#6158);
#8669 = PRESENTATION_STYLE_ASSIGNMENT((#8670));
#8670 = SURFACE_STYLE_USAGE(.BOTH.,#8671);
#8671 = SURFACE_SIDE_STYLE('',(#8672));
#8672 = SURFACE_STYLE_FILL_AREA(#8673);
#8673 = FILL_AREA_STYLE('',(#8674));
#8674 = FILL_AREA_STYLE_COLOUR('',#8226);
#8675 = STYLED_ITEM('color',(#8676),#6189);
#8676 = PRESENTATION_STYLE_ASSIGNMENT((#8677));
#8677 = SURFACE_STYLE_USAGE(.BOTH.,#8678);
#8678 = SURFACE_SIDE_STYLE('',(#8679));
#8679 = SURFACE_STYLE_FILL_AREA(#8680);
#8680 = FILL_AREA_STYLE('',(#8681));
#8681 = FILL_AREA_STYLE_COLOUR('',#8226);
#8682 = STYLED_ITEM('color',(#8683),#6213);
#8683 = PRESENTATION_STYLE_ASSIGNMENT((#8684));
#8684 = SURFACE_STYLE_USAGE(.BOTH.,#8685);
#8685 = SURFACE_SIDE_STYLE('',(#8686));
#8686 = SURFACE_STYLE_FILL_AREA(#8687);
#8687 = FILL_AREA_STYLE('',(#8688));
#8688 = FILL_AREA_STYLE_COLOUR('',#8226);
#8689 = STYLED_ITEM('color',(#8690),#6237);
#8690 = PRESENTATION_STYLE_ASSIGNMENT((#8691));
#8691 = SURFACE_STYLE_USAGE(.BOTH.,#8692);
#8692 = SURFACE_SIDE_STYLE('',(#8693));
#8693 = SURFACE_STYLE_FILL_AREA(#8694);
#8694 = FILL_AREA_STYLE('',(#8695));
#8695 = FILL_AREA_STYLE_COLOUR('',#8226);
#8696 = STYLED_ITEM('color',(#8697),#6254);
#8697 = PRESENTATION_STYLE_ASSIGNMENT((#8698));
#8698 = SURFACE_STYLE_USAGE(.BOTH.,#8699);
#8699 = SURFACE_SIDE_STYLE('',(#8700));
#8700 = SURFACE_STYLE_FILL_AREA(#8701);
#8701 = FILL_AREA_STYLE('',(#8702));
#8702 = FILL_AREA_STYLE_COLOUR('',#8226);
#8703 = STYLED_ITEM('color',(#8704),#6285);
#8704 = PRESENTATION_STYLE_ASSIGNMENT((#8705));
#8705 = SURFACE_STYLE_USAGE(.BOTH.,#8706);
#8706 = SURFACE_SIDE_STYLE('',(#8707));
#8707 = SURFACE_STYLE_FILL_AREA(#8708);
#8708 = FILL_AREA_STYLE('',(#8709));
#8709 = FILL_AREA_STYLE_COLOUR('',#8226);
#8710 = STYLED_ITEM('color',(#8711),#6309);
#8711 = PRESENTATION_STYLE_ASSIGNMENT((#8712));
#8712 = SURFACE_STYLE_USAGE(.BOTH.,#8713);
#8713 = SURFACE_SIDE_STYLE('',(#8714));
#8714 = SURFACE_STYLE_FILL_AREA(#8715);
#8715 = FILL_AREA_STYLE('',(#8716));
#8716 = FILL_AREA_STYLE_COLOUR('',#8226);
#8717 = STYLED_ITEM('color',(#8718),#6333);
#8718 = PRESENTATION_STYLE_ASSIGNMENT((#8719));
#8719 = SURFACE_STYLE_USAGE(.BOTH.,#8720);
#8720 = SURFACE_SIDE_STYLE('',(#8721));
#8721 = SURFACE_STYLE_FILL_AREA(#8722);
#8722 = FILL_AREA_STYLE('',(#8723));
#8723 = FILL_AREA_STYLE_COLOUR('',#8226);
#8724 = STYLED_ITEM('color',(#8725),#6350);
#8725 = PRESENTATION_STYLE_ASSIGNMENT((#8726));
#8726 = SURFACE_STYLE_USAGE(.BOTH.,#8727);
#8727 = SURFACE_SIDE_STYLE('',(#8728));
#8728 = SURFACE_STYLE_FILL_AREA(#8729);
#8729 = FILL_AREA_STYLE('',(#8730));
#8730 = FILL_AREA_STYLE_COLOUR('',#8226);
#8731 = STYLED_ITEM('color',(#8732),#6367);
#8732 = PRESENTATION_STYLE_ASSIGNMENT((#8733));
#8733 = SURFACE_STYLE_USAGE(.BOTH.,#8734);
#8734 = SURFACE_SIDE_STYLE('',(#8735));
#8735 = SURFACE_STYLE_FILL_AREA(#8736);
#8736 = FILL_AREA_STYLE('',(#8737));
#8737 = FILL_AREA_STYLE_COLOUR('',#8226);
#8738 = STYLED_ITEM('color',(#8739),#6384);
#8739 = PRESENTATION_STYLE_ASSIGNMENT((#8740));
#8740 = SURFACE_STYLE_USAGE(.BOTH.,#8741);
#8741 = SURFACE_SIDE_STYLE('',(#8742));
#8742 = SURFACE_STYLE_FILL_AREA(#8743);
#8743 = FILL_AREA_STYLE('',(#8744));
#8744 = FILL_AREA_STYLE_COLOUR('',#8226);
#8745 = STYLED_ITEM('color',(#8746),#6396);
#8746 = PRESENTATION_STYLE_ASSIGNMENT((#8747));
#8747 = SURFACE_STYLE_USAGE(.BOTH.,#8748);
#8748 = SURFACE_SIDE_STYLE('',(#8749));
#8749 = SURFACE_STYLE_FILL_AREA(#8750);
#8750 = FILL_AREA_STYLE('',(#8751));
#8751 = FILL_AREA_STYLE_COLOUR('',#8226);
#8752 = STYLED_ITEM('color',(#8753),#6408);
#8753 = PRESENTATION_STYLE_ASSIGNMENT((#8754));
#8754 = SURFACE_STYLE_USAGE(.BOTH.,#8755);
#8755 = SURFACE_SIDE_STYLE('',(#8756));
#8756 = SURFACE_STYLE_FILL_AREA(#8757);
#8757 = FILL_AREA_STYLE('',(#8758));
#8758 = FILL_AREA_STYLE_COLOUR('',#8226);
#8759 = STYLED_ITEM('color',(#8760),#6420);
#8760 = PRESENTATION_STYLE_ASSIGNMENT((#8761));
#8761 = SURFACE_STYLE_USAGE(.BOTH.,#8762);
#8762 = SURFACE_SIDE_STYLE('',(#8763));
#8763 = SURFACE_STYLE_FILL_AREA(#8764);
#8764 = FILL_AREA_STYLE('',(#8765));
#8765 = FILL_AREA_STYLE_COLOUR('',#8226);
#8766 = STYLED_ITEM('color',(#8767),#6437);
#8767 = PRESENTATION_STYLE_ASSIGNMENT((#8768));
#8768 = SURFACE_STYLE_USAGE(.BOTH.,#8769);
#8769 = SURFACE_SIDE_STYLE('',(#8770));
#8770 = SURFACE_STYLE_FILL_AREA(#8771);
#8771 = FILL_AREA_STYLE('',(#8772));
#8772 = FILL_AREA_STYLE_COLOUR('',#8226);
#8773 = STYLED_ITEM('color',(#8774),#6454);
#8774 = PRESENTATION_STYLE_ASSIGNMENT((#8775));
#8775 = SURFACE_STYLE_USAGE(.BOTH.,#8776);
#8776 = SURFACE_SIDE_STYLE('',(#8777));
#8777 = SURFACE_STYLE_FILL_AREA(#8778);
#8778 = FILL_AREA_STYLE('',(#8779));
#8779 = FILL_AREA_STYLE_COLOUR('',#8226);
#8780 = STYLED_ITEM('color',(#8781),#6466);
#8781 = PRESENTATION_STYLE_ASSIGNMENT((#8782));
#8782 = SURFACE_STYLE_USAGE(.BOTH.,#8783);
#8783 = SURFACE_SIDE_STYLE('',(#8784));
#8784 = SURFACE_STYLE_FILL_AREA(#8785);
#8785 = FILL_AREA_STYLE('',(#8786));
#8786 = FILL_AREA_STYLE_COLOUR('',#8226);
#8787 = STYLED_ITEM('color',(#8788),#6497);
#8788 = PRESENTATION_STYLE_ASSIGNMENT((#8789));
#8789 = SURFACE_STYLE_USAGE(.BOTH.,#8790);
#8790 = SURFACE_SIDE_STYLE('',(#8791));
#8791 = SURFACE_STYLE_FILL_AREA(#8792);
#8792 = FILL_AREA_STYLE('',(#8793));
#8793 = FILL_AREA_STYLE_COLOUR('',#8226);
#8794 = STYLED_ITEM('color',(#8795),#6521);
#8795 = PRESENTATION_STYLE_ASSIGNMENT((#8796));
#8796 = SURFACE_STYLE_USAGE(.BOTH.,#8797);
#8797 = SURFACE_SIDE_STYLE('',(#8798));
#8798 = SURFACE_STYLE_FILL_AREA(#8799);
#8799 = FILL_AREA_STYLE('',(#8800));
#8800 = FILL_AREA_STYLE_COLOUR('',#8226);
#8801 = STYLED_ITEM('color',(#8802),#6545);
#8802 = PRESENTATION_STYLE_ASSIGNMENT((#8803));
#8803 = SURFACE_STYLE_USAGE(.BOTH.,#8804);
#8804 = SURFACE_SIDE_STYLE('',(#8805));
#8805 = SURFACE_STYLE_FILL_AREA(#8806);
#8806 = FILL_AREA_STYLE('',(#8807));
#8807 = FILL_AREA_STYLE_COLOUR('',#8226);
#8808 = STYLED_ITEM('color',(#8809),#6562);
#8809 = PRESENTATION_STYLE_ASSIGNMENT((#8810));
#8810 = SURFACE_STYLE_USAGE(.BOTH.,#8811);
#8811 = SURFACE_SIDE_STYLE('',(#8812));
#8812 = SURFACE_STYLE_FILL_AREA(#8813);
#8813 = FILL_AREA_STYLE('',(#8814));
#8814 = FILL_AREA_STYLE_COLOUR('',#8226);
#8815 = STYLED_ITEM('color',(#8816),#6593);
#8816 = PRESENTATION_STYLE_ASSIGNMENT((#8817));
#8817 = SURFACE_STYLE_USAGE(.BOTH.,#8818);
#8818 = SURFACE_SIDE_STYLE('',(#8819));
#8819 = SURFACE_STYLE_FILL_AREA(#8820);
#8820 = FILL_AREA_STYLE('',(#8821));
#8821 = FILL_AREA_STYLE_COLOUR('',#8226);
#8822 = STYLED_ITEM('color',(#8823),#6617);
#8823 = PRESENTATION_STYLE_ASSIGNMENT((#8824));
#8824 = SURFACE_STYLE_USAGE(.BOTH.,#8825);
#8825 = SURFACE_SIDE_STYLE('',(#8826));
#8826 = SURFACE_STYLE_FILL_AREA(#8827);
#8827 = FILL_AREA_STYLE('',(#8828));
#8828 = FILL_AREA_STYLE_COLOUR('',#8226);
#8829 = STYLED_ITEM('color',(#8830),#6641);
#8830 = PRESENTATION_STYLE_ASSIGNMENT((#8831));
#8831 = SURFACE_STYLE_USAGE(.BOTH.,#8832);
#8832 = SURFACE_SIDE_STYLE('',(#8833));
#8833 = SURFACE_STYLE_FILL_AREA(#8834);
#8834 = FILL_AREA_STYLE('',(#8835));
#8835 = FILL_AREA_STYLE_COLOUR('',#8226);
#8836 = STYLED_ITEM('color',(#8837),#6658);
#8837 = PRESENTATION_STYLE_ASSIGNMENT((#8838));
#8838 = SURFACE_STYLE_USAGE(.BOTH.,#8839);
#8839 = SURFACE_SIDE_STYLE('',(#8840));
#8840 = SURFACE_STYLE_FILL_AREA(#8841);
#8841 = FILL_AREA_STYLE('',(#8842));
#8842 = FILL_AREA_STYLE_COLOUR('',#8226);
#8843 = STYLED_ITEM('color',(#8844),#6689);
#8844 = PRESENTATION_STYLE_ASSIGNMENT((#8845));
#8845 = SURFACE_STYLE_USAGE(.BOTH.,#8846);
#8846 = SURFACE_SIDE_STYLE('',(#8847));
#8847 = SURFACE_STYLE_FILL_AREA(#8848);
#8848 = FILL_AREA_STYLE('',(#8849));
#8849 = FILL_AREA_STYLE_COLOUR('',#8226);
#8850 = STYLED_ITEM('color',(#8851),#6713);
#8851 = PRESENTATION_STYLE_ASSIGNMENT((#8852));
#8852 = SURFACE_STYLE_USAGE(.BOTH.,#8853);
#8853 = SURFACE_SIDE_STYLE('',(#8854));
#8854 = SURFACE_STYLE_FILL_AREA(#8855);
#8855 = FILL_AREA_STYLE('',(#8856));
#8856 = FILL_AREA_STYLE_COLOUR('',#8226);
#8857 = STYLED_ITEM('color',(#8858),#6737);
#8858 = PRESENTATION_STYLE_ASSIGNMENT((#8859));
#8859 = SURFACE_STYLE_USAGE(.BOTH.,#8860);
#8860 = SURFACE_SIDE_STYLE('',(#8861));
#8861 = SURFACE_STYLE_FILL_AREA(#8862);
#8862 = FILL_AREA_STYLE('',(#8863));
#8863 = FILL_AREA_STYLE_COLOUR('',#8226);
#8864 = STYLED_ITEM('color',(#8865),#6754);
#8865 = PRESENTATION_STYLE_ASSIGNMENT((#8866));
#8866 = SURFACE_STYLE_USAGE(.BOTH.,#8867);
#8867 = SURFACE_SIDE_STYLE('',(#8868));
#8868 = SURFACE_STYLE_FILL_AREA(#8869);
#8869 = FILL_AREA_STYLE('',(#8870));
#8870 = FILL_AREA_STYLE_COLOUR('',#8226);
#8871 = STYLED_ITEM('color',(#8872),#6785);
#8872 = PRESENTATION_STYLE_ASSIGNMENT((#8873));
#8873 = SURFACE_STYLE_USAGE(.BOTH.,#8874);
#8874 = SURFACE_SIDE_STYLE('',(#8875));
#8875 = SURFACE_STYLE_FILL_AREA(#8876);
#8876 = FILL_AREA_STYLE('',(#8877));
#8877 = FILL_AREA_STYLE_COLOUR('',#8226);
#8878 = STYLED_ITEM('color',(#8879),#6809);
#8879 = PRESENTATION_STYLE_ASSIGNMENT((#8880));
#8880 = SURFACE_STYLE_USAGE(.BOTH.,#8881);
#8881 = SURFACE_SIDE_STYLE('',(#8882));
#8882 = SURFACE_STYLE_FILL_AREA(#8883);
#8883 = FILL_AREA_STYLE('',(#8884));
#8884 = FILL_AREA_STYLE_COLOUR('',#8226);
#8885 = STYLED_ITEM('color',(#8886),#6833);
#8886 = PRESENTATION_STYLE_ASSIGNMENT((#8887));
#8887 = SURFACE_STYLE_USAGE(.BOTH.,#8888);
#8888 = SURFACE_SIDE_STYLE('',(#8889));
#8889 = SURFACE_STYLE_FILL_AREA(#8890);
#8890 = FILL_AREA_STYLE('',(#8891));
#8891 = FILL_AREA_STYLE_COLOUR('',#8226);
#8892 = STYLED_ITEM('color',(#8893),#6850);
#8893 = PRESENTATION_STYLE_ASSIGNMENT((#8894));
#8894 = SURFACE_STYLE_USAGE(.BOTH.,#8895);
#8895 = SURFACE_SIDE_STYLE('',(#8896));
#8896 = SURFACE_STYLE_FILL_AREA(#8897);
#8897 = FILL_AREA_STYLE('',(#8898));
#8898 = FILL_AREA_STYLE_COLOUR('',#8226);
#8899 = STYLED_ITEM('color',(#8900),#6862);
#8900 = PRESENTATION_STYLE_ASSIGNMENT((#8901));
#8901 = SURFACE_STYLE_USAGE(.BOTH.,#8902);
#8902 = SURFACE_SIDE_STYLE('',(#8903));
#8903 = SURFACE_STYLE_FILL_AREA(#8904);
#8904 = FILL_AREA_STYLE('',(#8905));
#8905 = FILL_AREA_STYLE_COLOUR('',#8226);
#8906 = STYLED_ITEM('color',(#8907),#6874);
#8907 = PRESENTATION_STYLE_ASSIGNMENT((#8908));
#8908 = SURFACE_STYLE_USAGE(.BOTH.,#8909);
#8909 = SURFACE_SIDE_STYLE('',(#8910));
#8910 = SURFACE_STYLE_FILL_AREA(#8911);
#8911 = FILL_AREA_STYLE('',(#8912));
#8912 = FILL_AREA_STYLE_COLOUR('',#8226);
#8913 = STYLED_ITEM('color',(#8914),#6886);
#8914 = PRESENTATION_STYLE_ASSIGNMENT((#8915));
#8915 = SURFACE_STYLE_USAGE(.BOTH.,#8916);
#8916 = SURFACE_SIDE_STYLE('',(#8917));
#8917 = SURFACE_STYLE_FILL_AREA(#8918);
#8918 = FILL_AREA_STYLE('',(#8919));
#8919 = FILL_AREA_STYLE_COLOUR('',#8226);
ENDSEC;
END-ISO-10303-21;
